Rank,TeamId,TeamName,LastSubmissionDate,Score,SubmissionCount,TeamMemberUserNames
1,16677252,カワシギ,"2026-08-17 14:08:48",3182.0,2,kawashigi
2,16623716,tetsuya,"2026-08-17 09:00:27",3066.0,2,tetsuya3510
3,16723379,Matteo123383iend,"2026-08-17 22:52:57",3012.7,2,matteo123383iend
4,16703045,ReCurSiON,"2026-08-14 14:14:52",2995.7,2,ashok205
5,16715733,peikopon,"2026-08-17 11:59:35",2988.0,2,peikopon
6,16714457,"Crop Dusta","2026-08-18 12:35:18",2973.4,2,rishigottumukkala
7,16709501,Galaxantic,"2026-08-17 11:44:12",2971.3,2,neel21yt
8,16623451,Ueddy,"2026-08-17 13:21:42",2929.7,2,ku0807
9,16676114,Gekkotron,"2026-08-18 19:19:48",2926.9,2,gekkotron
10,16664232,"Eddy Despradel","2026-08-18 00:05:08",2916.6,2,eddydespradel
11,16668721,"Efe Can Celiksoy","2026-08-13 22:00:41",2916.3,2,efecnc
12,16719123,"Thomas Tschinkel","2026-08-18 16:28:58",2907.3,2,thomastschinkel
13,16641536,"Michael Timbs","2026-08-16 22:43:17",2895.0,2,michaeltimbs
14,16662121,One-For-All,"2026-08-18 15:03:04",2894.2,2,indarkarhana
15,16696304,"Utkarsh #2","2026-08-18 07:51:08",2887.3,2,n0va007
16,16693904,DeeperNet,"2026-08-18 14:01:12",2886.4,2,deepernet
17,16667020,SCLim2022080004,"2026-08-16 00:26:24",2885.5,2,sclim2022080004
18,16669148,"Syed Muhammad Gillani","2026-08-18 13:06:23",2874.4,2,syedmuhammadgillani
19,16699947,HKmgikao,"2026-08-17 10:27:46",2871.7,2,hitoshikmgai
20,16641169,boatlee,"2026-08-15 09:01:34",2864.8,2,boatlee
21,16712189,"Kostiantyn Isaienkov","2026-08-18 10:05:38",2862.8,2,isaienkov
22,16730247,DOM-VASCONCELOS,"2026-08-18 00:50:27",2853.7,2,domcreator
23,16712258,"yaphel lee","2026-08-18 14:46:02",2850.5,2,yaphellee
24,16623608,"Dmitry Larko","2026-08-18 05:01:09",2846.5,2,dmitrylarko
25,16683567,supr3mum,"2026-08-18 16:31:31",2845.8,2,friklez
26,16689186,NCK,"2026-08-14 18:10:53",2836.4,2,drnchaitanyakumar
27,16687901,Khalid,"2026-08-17 18:57:50",2835.6,2,khalid000000
28,16641077,lucaskna,"2026-08-17 22:26:30",2832.0,2,lucaskna
29,16727536,lelelove1225,"2026-08-18 09:30:18",2831.9,2,lelelove1225
30,16655478,Bruce,"2026-08-18 12:42:32",2831.7,2,bruceqdu
31,16721453,"Random Mambo","2026-08-17 04:31:27",2820.9,2,beaten67
32,16623408,shiggriculture,"2026-08-16 04:14:44",2814.0,2,shimishige
33,16673205,"Arda Ceylan","2026-08-18 07:20:02",2810.4,2,ardacey
34,16723991,"James Holland","2026-08-17 01:40:17",2808.3,2,jkhollandjr
35,16663649,"Akhil Chinta","2026-08-18 00:06:28",2807.6,2,akhilchinta1505
36,16698294,"John Doe","2026-08-18 07:07:47",2807.3,2,johndoe90843
37,16636536,tetsu2131,"2026-08-17 16:06:04",2804.2,2,tetsutani
38,16725081,ZhouYongqi,"2026-08-17 16:56:01",2803.4,2,xy0v0zhang
39,16680144,AM,"2026-08-18 19:02:54",2800.8,2,adammekky
40,16658618,"philip georgiev","2026-08-18 07:29:25",2800.6,2,philipgeorgiev
41,16672549,"ReinFARMent Learning?","2026-08-17 04:51:02",2797.3,2,arksey
42,16685160,Yura,"2026-08-17 07:27:50",2795.2,2,yuratrubitsyn
43,16725851,hetspookjee,"2026-08-18 15:08:32",2793.4,2,hetspookjee
44,16685548,"Erfan Eshratifar","2026-08-18 00:02:57",2787.8,2,erfaneshrati
45,16660250,Moshel,"2026-08-18 05:12:20",2784.5,2,moshel
46,16702429,iamlonely,"2026-08-18 09:39:25",2781.7,2,iamlonely
47,16725342,little_d1d1,"2026-08-16 04:24:39",2777.8,2,littled1d1
48,16682879,"Patrick Chan","2026-08-18 07:22:29",2777.5,2,drpatrickchan
49,16665077,"Mohit Babel","2026-08-17 22:12:33",2766.1,2,mohitbabel
50,16630516,"Seb (allegedly)","2026-08-17 14:02:03",2765.4,2,sebmallia
51,16632245,"We are Charlie Brown","2026-08-18 12:12:05",2762.8,2,"apostoloskontarinis,curbotron13,halzweiman,josephmcgonaglebrown,shreyanshpoddar"
52,16681405,"Yusuke Hayashi","2026-08-16 08:08:10",2761.7,2,yhay81
53,16636094,Hax2456,"2026-08-15 10:05:01",2761.0,2,hax2456
54,16623400,Less,"2026-08-18 01:11:43",2760.8,2,jiaoyouzhang
55,16627032,"Kaito Fukami","2026-08-13 06:14:34",2757.7,2,kaitofukami
56,16666805,Kaggs,"2026-08-18 09:33:51",2749.2,2,ayush21042004
57,16716475,"dong & shen","2026-08-16 05:27:00",2748.0,2,"dongcookies,muyouqian4"
58,16624893,"GURU Prasaatha S","2026-08-17 02:55:51",2745.8,2,guruprasaathas111
59,16681601,Hanaro,"2026-08-15 03:08:49",2742.3,2,lucas040
60,16654742,"Aastik Rajan15","2026-08-17 22:38:44",2737.5,2,aastikrajan15
61,16668227,Yusuraume,"2026-08-17 16:29:47",2732.9,2,sugitatomohiko
62,16728914,d0gied,"2026-08-17 15:12:08",2731.2,2,d0gied
63,16709246,"Tariku Mehdi","2026-08-17 23:05:13",2729.9,2,tarikumehdi
64,16658245,ziliangCok,"2026-08-18 08:50:00",2729.4,2,ziliangcok
65,16724298,Orig_lab,"2026-08-18 04:17:05",2728.3,2,chengxixixi
66,16683936,Cyrus,"2026-08-18 08:25:07",2727.4,2,jamalsaeedi
67,16640880,"wenyuan Guo","2026-08-16 08:06:21",2725.5,2,gwey1025
68,16621315,"Reyhan Ksatria","2026-08-18 05:11:31",2724.1,2,reyhanksatria
69,16623399,Kendamarron,"2026-08-17 14:03:08",2721.5,2,kazuhirokuriyama
70,16637597,venks,"2026-08-17 21:20:15",2720.8,2,vterli
71,16661667,"Wufang Hong","2026-08-16 23:00:44",2720.2,2,wufanghong
72,16684202,Ignat,"2026-08-16 08:55:56",2720.2,2,ignatgotin
73,16676762,"Tomas Escobar Rivera","2026-08-14 21:23:50",2717.1,2,tomasescobarrivera
74,16698930,MrKiwi,"2026-08-17 16:05:57",2711.9,2,mrkiwi
75,16724452,Jay,"2026-08-17 04:28:51",2710.7,2,jayshimada
76,16671504,Agentmaster,"2026-08-18 12:01:07",2710.7,2,"kinjaza,shawnno"
77,16653379,"Asakawa Ruriko","2026-08-15 15:39:44",2708.7,2,asakawaruriko
78,16711608,"Thomas Greissler","2026-08-16 09:59:31",2707.5,2,thomasg22202020
79,16718947,"Dani Ortega","2026-08-18 18:40:15",2705.1,2,daniortega99
80,16672315,CemBas,"2026-08-15 02:20:07",2704.5,2,cembas
81,16651088,ych~sun,"2026-08-18 16:04:21",2703.9,2,ychsun
82,16698223,"Feng Jiahui","2026-08-18 08:35:04",2701.0,2,junipersky
83,16719884,ykhnkf,"2026-08-15 11:03:38",2699.9,2,ykhnkf
84,16671376,Lebxgue.,"2026-08-18 04:40:25",2694.5,2,yukieja
85,16663252,"MD Concepcion","2026-08-14 12:55:08",2693.7,2,mikedconcepcion
86,16626191,"kevin park","2026-08-18 07:28:35",2692.1,2,k3v1npark
87,16712185,"Vishal Khomane","2026-08-18 18:13:00",2691.5,2,vishal567
88,16637546,Forrest,"2026-08-17 09:22:00",2691.3,2,yinxiaogang
89,16717289,JackChenghao,"2026-08-16 17:57:58",2690.2,2,jackchenghao
90,16622934,"Ümit Anık","2026-08-17 14:47:03",2689.8,2,mitank
91,16654091,webmaking,"2026-08-15 13:24:00",2686.5,2,webmaking
92,16685950,"vibe sheeping","2026-08-18 15:53:04",2683.2,2,alturutin
93,16711752,"Atakan Aldemir","2026-08-18 11:33:56",2683.0,2,atakanaldemir
94,16701728,"katya barzova","2026-08-18 07:09:41",2678.8,4,"nipah1,sigmaborov"
95,16730688,zy,"2026-08-18 15:19:13",2678.7,2,justforwin
96,16702754,"ИТМОНИ AI B2B 67 SaaS","2026-08-13 00:03:26",2678.4,2,"borismatsakov,kirya1"
97,16713335,"Muhammad Imran","2026-08-18 10:17:26",2676.6,2,muhammadimranchitral
98,16657316,"Jason xu sk","2026-08-17 03:16:04",2676.3,2,jasonxusk
99,16693663,"YoungCheol Son","2026-08-17 11:15:24",2673.7,2,sonyc5720
100,16715187,maker2026,"2026-08-17 10:27:11",2673.4,2,maker2026
101,16626332,"MD. Nazmus Sakib Anik","2026-08-17 13:29:34",2672.1,2,beyondlogic
102,16621075,"Octavi Grau","2026-08-18 12:38:58",2671.1,2,octaviograu
103,16728708,"Rishi Jain","2026-08-18 07:27:14",2670.5,2,rishijain07
104,16638557,"Araik Tamazian","2026-08-17 07:16:47",2668.8,2,atamazian
105,16663485,"Jacob Alstrup","2026-08-18 03:08:09",2667.4,2,jacobalstrup
106,16696997,coolin666,"2026-08-14 16:32:53",2665.1,2,coolin666
107,16671150,Vextrovis,"2026-08-16 02:50:25",2664.2,2,rattanunt
108,16733851,tangaii,"2026-08-18 12:50:11",2663.0,2,tangai1
109,16627600,Nat00,"2026-08-17 10:18:14",2662.4,2,natliablascoandreo
110,16663867,"Stephen Schott","2026-08-17 15:59:42",2662.1,2,steve421471
111,16639732,"Junbeom Lee23","2026-08-15 02:45:23",2661.7,2,junbeomlee23
112,16723967,dk2lone,"2026-08-18 17:37:01",2661.6,2,dk2lone
113,16692956,VanKoha,"2026-08-18 16:23:43",2661.6,2,kohasama
114,16641710,yjshyfy,"2026-08-17 06:41:37",2657.9,2,yjshyfy
115,16715244,uri_kkyhr,"2026-08-15 04:53:37",2655.8,2,urikkyhr
116,16729102,"Bruce Zheng","2026-08-18 13:26:14",2652.3,2,brucezheng666
117,16731911,"liu bo","2026-08-18 07:44:10",2651.8,2,liuboo45586
118,16689748,cheesytoasts,"2026-08-17 14:33:03",2648.5,2,cheesinnn
119,16719414,SahilKumarTolani,"2026-08-16 03:23:01",2648.4,2,sahilkumartolani
120,16704466,"QQ Farming","2026-08-17 23:21:09",2646.0,2,"mitubant,ngyzly"
121,16671454,Shadow,"2026-08-17 22:44:57",2644.3,2,uziahmd
122,16663175,Anaconda,"2026-08-16 15:05:42",2643.2,2,anaconda
123,16670371,rkd,"2026-08-15 11:07:07",2640.4,2,ryookd
124,16716533,wiffany,"2026-08-15 08:39:44",2639.3,2,wiffany
125,16672709,"RS Turley","2026-08-18 05:39:42",2639.1,2,rturley
126,16621585,"Rokaiya Somapti","2026-08-15 02:45:00",2634.9,2,rokaiyasomapti
127,16655311,"Plant City Planter","2026-08-16 18:56:22",2633.8,2,michaellombard
128,16660121,22307110257-张扬,"2026-08-13 20:02:25",2633.5,2,meredith10pi
129,16677847,ShiviWhivi,"2026-08-18 14:44:19",2633.1,2,blackpearls1
130,16670791,Hugelidus,"2026-08-18 08:10:55",2628.8,2,hugelidus
131,16717572,kiyomiya-k,"2026-08-16 04:51:17",2628.2,2,kiyomiyak
132,16658248,Aaweg,"2026-08-14 10:48:17",2627.2,2,aawegbhaladhare
133,16641982,ZotAZaw3,"2026-08-17 08:27:36",2626.4,2,zotazaw3
134,16669843,"hikaru kitagawa","2026-08-18 12:53:22",2625.3,2,hikarukitagawa
135,16696720,"JAZ COLD HORN","2026-08-18 12:59:09",2625.2,2,"evanmaksud,jazivxt,maulikgajera,niazmohaimanabtahi,victorhorn"
136,16635504,"Datta Dhebe","2026-08-13 14:32:35",2624.9,2,dattadhebe
137,16691270,"Piyal Chowdhury","2026-08-17 14:45:55",2622.7,2,piyalchowdhury
138,16676739,"Jonathan Zheng Jiahao","2026-08-17 01:59:41",2619.4,2,jonathanzhengjiahao
139,16706395,"Kunal Desale","2026-08-17 15:49:39",2618.1,2,kunaldesale2408
140,16662949,"Will English","2026-08-18 17:13:22",2615.9,2,dubascudes
141,16732055,DASH村,"2026-08-18 02:57:22",2615.5,2,sobameshi
142,16671607,"Chanhyuk Han","2026-08-18 10:37:44",2615.2,2,chanhyukhan
143,16705139,gogogo,"2026-08-18 00:46:34",2614.8,2,huzech
144,16663783,WBF_USA_NYC,"2026-08-18 16:52:53",2614.4,2,wbfranci
145,16665214,Epiphany_Thu,"2026-08-14 19:58:04",2613.7,2,epiphanythu
146,16711376,"Arman Tuganbaev","2026-08-18 14:11:42",2612.1,2,armantuganbaev
147,16674385,"qr Z1201","2026-08-18 13:26:39",2611.8,2,qrz1201
148,16689154,CrossEngineered,"2026-08-15 16:49:44",2609.1,2,"danyalsahin1,gkenurk"
149,16621497,"Victor @ Tufa Labs","2026-08-18 16:42:02",2608.2,2,vmerckle
150,16695931,"Kers Aoyagi","2026-08-17 09:17:18",2608.1,2,kersaoyagi
151,16634179,daoviet,"2026-08-16 17:17:30",2605.0,2,daoviet
152,16709468,"Andrey Chankin","2026-08-18 12:59:17",2604.3,2,bluepill
153,16722330,"Jean-Louis Roy","2026-08-16 19:42:14",2601.5,2,jeanjean111
154,16716078,WENJIE_Wang,"2026-08-18 14:09:01",2599.5,2,"wafflebear,wenjiewangdev"
155,16725441,lemon1219,"2026-08-17 20:48:06",2598.5,2,lemon1219
156,16641548,"Indium AI Labs","2026-08-17 11:15:00",2598.4,2,devaanshpa
157,16685556,binghua_123,"2026-08-14 07:51:02",2597.7,2,binghua123
158,16641893,"Kashyapsinh gohil","2026-08-15 16:10:05",2596.9,2,kashyapsinhgohil
159,16714057,"T0m0t0m0 W","2026-08-17 20:47:16",2596.8,2,t0m0t0m0w
160,16621515,"Alexander Gremyakov","2026-08-18 11:48:35",2596.5,2,alexandergremyakov
161,16707986,Pones_kaggle,"2026-08-15 02:45:12",2591.7,2,pyd966
162,16695664,Bantam,"2026-08-17 13:04:49",2589.4,2,bantam
163,16734447,"Ali Bauyrzhan","2026-08-18 03:43:03",2589.1,2,alibauyrzhan
164,16710128,"KeHao Liu","2026-08-14 01:52:29",2588.1,2,kehaoliu
165,16623990,senkin13,"2026-08-18 12:49:36",2584.4,2,senkin13
166,16628664,"Anton Tikhonov","2026-08-17 16:05:18",2584.3,2,itwastony
167,16672033,"Mohan Prasath P","2026-08-14 02:20:23",2583.1,2,mohanprasath21
168,16644287,"Ryo Hasegawa","2026-08-18 00:09:34",2580.3,2,ryohasegawa926
169,16708965,"Witold Dziurdz","2026-08-16 09:56:00",2578.3,2,witolddziurdz
170,16731990,Karl0106,"2026-08-18 12:10:49",2578.1,2,karl0106
171,16726281,rperez04,"2026-08-15 19:01:22",2577.8,2,rperez04
172,16734492,Orynx,"2026-08-17 23:46:08",2577.3,2,"inderj1,jayveersingh6"
173,16660268,"Sébastien Mametz (Pixs)","2026-08-14 09:08:39",2575.5,2,sbastienmametzpixs
174,16666057,StopPlantingStartGameTheorying,"2026-08-15 09:52:45",2574.7,2,mymelodyenjoyer
175,16665927,"bhavya shah","2026-08-17 11:06:22",2574.2,2,bhavyashah007
176,16716821,めめっち,"2026-08-14 12:39:16",2574.1,2,mechi22
177,16655610,GPTatoes,"2026-08-15 09:02:49",2573.1,2,"angran,kaixuanosmas"
178,16726064,"sana slama","2026-08-15 17:01:13",2569.7,1,sanaslamamm
179,16675063,Tian_Wang1210,"2026-08-17 12:10:11",2568.4,2,tianwang1210
180,16623897,satoooh,"2026-08-14 04:07:42",2567.1,2,satoooh
181,16623805,"Howon Kang","2026-08-18 06:49:13",2565.9,2,howonkang
182,16698884,VVVoyager,"2026-08-14 03:55:10",2565.4,2,"haoxuanshan,hengnui"
183,16672202,HealthStone,"2026-08-11 23:25:19",2564.0,2,healthstone
184,16713540,Anruan,"2026-08-17 16:20:16",2563.3,2,xiaowanshen
185,16667951,KoRo2_JP,"2026-08-18 13:55:11",2561.9,2,koro2jp
186,16632735,"No Free Lunch, Only Melons","2026-08-17 05:45:03",2560.7,2,kawaharataishi
187,16672530,GUGUGAGA,"2026-08-14 04:33:54",2559.6,2,"ruiyangzhang23,taoguo079"
188,16657785,"Himanshu Kumar","2026-08-18 06:12:49",2558.9,2,himanshujha2812
189,16730728,"Le Trong Hieu","2026-08-18 01:04:19",2558.4,2,backtracking
190,16680524,Nealdarkdarkdark,"2026-08-13 16:14:55",2558.3,1,wklyb1
191,16690612,"Mina Gayid","2026-08-16 12:59:16",2557.8,2,minagayid
192,16693965,ra5anchor,"2026-08-17 02:09:50",2556.9,2,junmitsui
193,16666393,saikyo,"2026-08-15 07:30:08",2556.5,2,kyosaikyo
194,16724353,PrathamGupta,"2026-08-17 02:04:38",2556.3,2,prathamguptaaaaaaa
195,16694710,ponsuk,"2026-08-17 19:01:09",2554.2,2,ponsuk
196,16634432,KARGI,"2026-08-14 14:08:19",2550.9,2,learningkin
197,16630323,kaggricultureomnidimensionalut,"2026-08-17 17:49:08",2550.7,2,kumarandatascientist
198,16662338,jaepyeocho,"2026-08-16 21:52:55",2550.2,2,jaepyeocho
199,16657877,zigiella,"2026-08-16 14:44:31",2549.5,2,zigiella
200,16678534,"Filip Strzałka","2026-08-18 13:12:39",2546.7,2,snufkin77
201,16668152,ksew364,"2026-08-18 16:45:24",2545.2,2,ksew364
202,16662810,HarshitSama,"2026-08-16 12:54:17",2544.3,2,harshitsama
203,16688460,lllleeeo,"2026-08-18 07:38:12",2542.4,2,lllleeeo
204,16682306,岸本湧士郎,"2026-08-14 07:58:52",2541.8,2,yushiro20021111
205,16632304,"Masataka Suzuki","2026-08-18 10:47:20",2538.8,2,masatakasuzuki
206,16724584,"Jinx JK","2026-08-18 09:08:26",2537.2,2,jinxjk
207,16633944,Toru59er,"2026-08-15 00:09:26",2537.1,2,toru59er
208,16631115,prvsiyan,"2026-08-13 16:50:41",2535.2,2,prvsiyan
209,16688642,"Natalia Mawyin","2026-08-15 16:54:04",2532.7,2,nmawyin
210,16697891,KuziJA,"2026-08-18 01:46:26",2532.1,2,kuzija
211,16720797,"Vibe Farmer","2026-08-18 03:16:08",2531.8,2,pulakkantibhowmick
212,16673870,"Yuxiao Wang","2026-08-15 15:12:14",2531.2,2,yuxiaowangx
213,16679560,LEET,"2026-08-15 00:45:52",2530.0,2,soufianelasfar
214,16713543,"Rustam Bazarbayev","2026-08-16 08:04:53",2528.1,2,rustambazarbayev
215,16621683,Shivangoudaa,"2026-08-14 21:23:57",2527.8,2,ishivapatil
216,16661325,"Max Fofanov","2026-08-14 20:28:42",2527.7,2,maxfofanov
217,16630839,steubk,"2026-08-17 19:38:05",2527.1,2,steubk
218,16730344,lvisdd,"2026-08-17 13:34:13",2523.4,2,lvisdd
219,16655500,"Zhao Liying","2026-08-16 02:50:53",2523.0,2,yeohzhonghanervin
220,16660361,"Abhishek Sharma","2026-08-17 09:05:41",2519.7,2,abhisheksharma425
221,16665700,张广麒,"2026-08-14 08:27:52",2517.2,2,zzggqq
222,16626582,"Omer Faruk Merey","2026-08-18 09:28:16",2517.0,2,omerfarukmerey
223,16678618,"Manu Nicholas Jacob","2026-08-17 22:38:04",2516.2,2,manunicholasjacob
224,16660041,"Hoàng Quốc Việt ","2026-08-18 09:42:10",2515.2,2,viethwang3i
225,16726816,"Games Jadley","2026-08-18 00:02:08",2515.0,2,gamesjadley
226,16718033,TheMightiestMan,"2026-08-18 18:15:36",2514.0,2,themightiestman
227,16712535,"Benjamin Beaujard","2026-08-18 11:03:03",2513.8,2,benjaminbeaujard
228,16731415,BOB,"2026-08-18 09:09:13",2513.7,2,hotpotbro
229,16622454,automatylicza,"2026-08-18 04:26:20",2513.5,2,automatylicza
230,16667922,JungHwan,"2026-08-18 00:08:22",2513.4,2,najunghwan
231,16662819,THeLAB,"2026-08-17 18:55:16",2511.6,2,feuorme
232,16736079,Maxy5illion,"2026-08-18 08:59:25",2511.3,2,maxy5illion
233,16702975,RicardoLópez,"2026-08-18 14:02:39",2507.4,2,richi2489
234,16702547,Dean0016,"2026-08-13 17:56:10",2505.6,2,dean0016
235,16677596,Sere1n,"2026-08-15 23:00:49",2505.1,2,chacc0
236,16695046,OnlyFarms,"2026-08-18 14:21:31",2503.9,2,"aurax7,coolinlai,davidsarrat,pseree,zongzishuang"
237,16688732,tully_boss,"2026-08-15 15:43:45",2503.3,2,"gnux1408,tanakaai24"
238,16691038,"animal crossing","2026-08-16 20:11:30",2502.0,2,hoonchoonc
239,16701638,"John Stupid","2026-08-14 06:36:04",2501.9,2,bryxosmmm
240,16690019,Around30,"2026-08-13 06:32:09",2501.1,2,"cyanspring,masahiromatsuda,sutesute000012"
241,16676336,lemon13418,"2026-08-18 07:34:03",2501.1,2,lemon13418
242,16688896,"JianYuan Deng","2026-08-17 04:24:12",2498.6,2,jianyuandeng
243,16662940,"The Coder Geek Squad Leader","2026-08-17 09:23:58",2496.2,2,soulemaneisissifou
244,16681116,Kagamihara,"2026-08-17 15:51:52",2495.5,2,kagamihara
245,16687363,"elegantangel (628700)","2026-08-14 17:35:55",2489.8,2,elegantangel
246,16680065,Vishodhan,"2026-08-14 23:46:15",2487.4,2,vishodhan
247,16715495,Yashi003,"2026-08-14 10:43:41",2487.2,2,yashi003
248,16625241,"Mutoy Choi","2026-08-16 06:22:50",2486.0,2,mutoy1
249,16659763,clarkzhang1031,"2026-08-13 12:27:10",2485.3,2,"clarkzhang1031,huafeihuang"
250,16719262,sadjeen00,"2026-08-14 02:15:50",2483.9,1,sadjeen00
251,16721079,Polya,"2026-08-17 15:28:57",2483.0,2,polinababiichuk
252,16660488,tehyoni,"2026-08-14 02:50:55",2481.5,2,"gooberdambi,sidcat,suaeng,tehyoni"
253,16710661,"Pengyi Peng1","2026-08-17 12:45:54",2481.3,2,pengyipeng1
254,16651804,"Bocen Li","2026-08-14 14:47:30",2480.6,2,bocenli
255,16663946,"Hello San Francisco","2026-08-18 00:00:44",2480.5,2,"circiumaru,dulgherustefan,radugoga"
256,16674949,"Lev Neganov","2026-08-14 22:01:30",2480.3,2,levoel
257,16714134,"Raul Tinajero","2026-08-15 03:26:06",2480.0,2,raultinajeroo
258,16677810,"Maksim Borisov","2026-08-18 16:50:03",2476.8,2,ma4ypic4y
259,16633688,Ryo,"2026-08-17 16:15:59",2474.6,2,ryosukekurakami
260,16630015,星之海,"2026-08-18 11:36:50",2474.0,2,web3cainiao
261,16630752,motemen,"2026-08-18 01:54:59",2473.2,2,motemen
262,16727182,FinalSunFlower,"2026-08-18 14:27:35",2472.9,2,finalsunflower
263,16724114,"Yizhe Wong","2026-08-15 12:20:32",2472.2,1,yizhewong
264,16654511,"Syed Shayan Ali Shah","2026-08-14 15:39:18",2471.6,2,dsshayan
265,16692272,Ddere008,"2026-08-13 13:49:46",2468.1,2,ddere008
266,16623371,MoZayed,"2026-08-18 17:54:56",2466.7,2,mohamedzayedahmed
267,16682183,lihaha.36,"2026-08-13 13:28:46",2465.9,2,lihaha36
268,16687068,digiliwigili,"2026-08-18 13:52:07",2465.1,2,kukchyievervin
269,16722120,nekoha,"2026-08-15 15:01:16",2465.0,2,nekoha
270,16692725,"Zhen Li","2026-08-13 13:06:54",2464.6,2,zhenlisak
271,16659961,"Shivam saini","2026-08-17 16:08:28",2464.3,2,shivam98saini
272,16714902,HunterBlue,"2026-08-13 18:54:47",2464.3,2,marianacodebase
273,16655567,Heisnotanimposter,"2026-08-14 01:23:19",2463.4,1,test013
274,16671361,"Hangyu Yu","2026-08-15 13:46:57",2463.0,2,cqupthangyuyu
275,16644643,today,"2026-08-14 23:26:12",2462.6,2,today55
276,16663748,Calmracer,"2026-08-18 18:03:42",2462.1,2,ethanhall123
277,16732763,"Raihan Ramadistra","2026-08-18 13:59:22",2461.9,1,raihanramadistra
278,16667324,"Muhammed selim Bilic","2026-08-18 06:11:10",2457.2,2,muhammedselimbilic
279,16656432,"CornHub Premium","2026-08-17 07:05:40",2456.7,2,nihilisticneuralnet
280,16675503,"Jeff Marc E. Cadet","2026-08-18 16:30:10",2456.6,2,jeffmarcecadet
281,16660220,tomo11111,"2026-08-15 04:43:31",2455.7,2,tomo11111
282,16678172,"Eishkaran Singh","2026-08-14 12:33:58",2455.3,2,eishkaran
283,16654704,mandgeee,"2026-08-18 18:59:07",2455.1,2,mandgeee
284,16697922,TingyuanLi277,"2026-08-17 15:19:48",2455.0,2,tingyuanli277
285,16720056,"Heads or Tails","2026-08-14 06:06:09",2454.3,2,headsortails
286,16655379,Ikeda0516,"2026-08-14 11:56:18",2454.2,2,ikeda0516
287,16734551,"junseok lee","2026-08-18 06:59:15",2453.2,2,jaslee2
288,16693549,別班,"2026-08-15 06:47:38",2452.9,2,"kusurizuke,pepushi,tomokiaki"
289,16638375,"Tran H Hoang","2026-08-14 17:01:27",2452.6,2,tranhhoang
290,16721947,groots,"2026-08-16 06:32:40",2452.1,2,muhammadismail433
291,16693215,"Izzoudine Mohamed KANTA","2026-08-18 00:07:36",2450.5,2,izzoudeenkanta
292,16684716,kumanomi,"2026-08-16 13:58:29",2450.4,2,kkkggg
293,16687479,kowalskii,"2026-08-18 12:11:02",2448.8,2,anirudhkumaraheer
294,16639800,"Yong Ming-Jia","2026-08-17 03:33:32",2448.7,2,ymingj
295,16682195,celefefwefwe1,"2026-08-13 13:29:04",2447.6,2,celefefwefwe1
296,16686583,techtech69,"2026-08-16 16:29:41",2445.6,2,techtech69
297,16690763,chungkuangwen,"2026-08-13 11:20:36",2445.5,2,chungkuangwen
298,16623368,"Evgeniy Veselkov","2026-08-18 05:26:04",2442.9,2,evgeniyveselkov
299,16666977,"Tagir Analyzes","2026-08-14 19:31:30",2442.0,2,tagirkhairutdinov
300,16730473,Kyohei,"2026-08-18 08:44:55",2441.3,2,kyohei3
301,16674878,KirillKlem,"2026-08-13 17:41:24",2440.6,2,kirillklem
302,16669490,hinemos,"2026-08-16 12:28:05",2440.3,2,hinemos
303,16659614,"Heikki Leskelä","2026-08-16 01:26:31",2438.4,2,heikkileskela
304,16710466,"Charles Backman on LinkedIn","2026-08-16 20:40:57",2434.9,2,charlesbackman
305,16651833,"Hồ Khánh Duy","2026-08-14 17:52:23",2434.0,2,hkhnhduy
306,16623635,HiroyukiSasaki,"2026-08-17 23:47:23",2432.9,2,hiroyukisasaki815
307,16662914,"Apollo's cattles","2026-08-15 20:06:42",2431.6,2,"icr007,kennethlie16,romanrozen"
308,16624934,"Haramball forever!","2026-08-18 17:18:10",2431.3,2,envyy23120093
309,16709214,"Ariel Suntasig","2026-08-17 19:46:09",2431.0,2,arielsuntasig2001
310,16701051,"Komi ShouKo","2026-08-17 01:32:05",2428.2,2,asdwswdxd
311,16632867,"Rayk Kretzschmar","2026-08-18 17:01:59",2427.6,2,raykkretzschmar
312,16671738,Exposed,"2026-08-16 00:42:13",2424.0,2,erickeller2
313,16722399,"Meta learners","2026-08-17 20:49:55",2423.5,2,aditya2909rb
314,16733576,"Ojas Aklecha","2026-08-17 18:34:02",2422.7,2,ojasaklecha
315,16658830,"Farhat Pachisa","2026-08-15 02:39:04",2422.0,2,farhatpachisa
316,16712714,Ricky,"2026-08-18 13:17:06",2421.9,2,rickytsou
317,16691946,"Hassan Algizani","2026-08-13 20:20:09",2421.8,2,hassanalgizani
318,16631460,Kosuke.T,"2026-08-18 13:32:11",2421.7,2,kosuke1992
319,16676904,researchstudio.site,"2026-08-18 15:54:05",2421.2,2,fistyee
320,16716317,yzyhello,"2026-08-17 08:07:53",2419.8,2,yzyhello
321,16655789,"wen chong yu","2026-08-13 07:57:23",2419.2,2,wenchongyu
322,16690113,m0chi1216,"2026-08-16 15:07:24",2419.1,2,m0chi1216
323,16697266,"Mauritian Power 🏆","2026-08-17 12:08:31",2417.9,2,"fahankaudeer,udhaykumarsujeebun"
324,16716263,"Ugnė Miklovaitė","2026-08-18 12:34:02",2417.9,2,ugnmiklovait
325,16701768,darasty,"2026-08-18 17:08:04",2417.4,2,darasty
326,16670524,"Nat Bel ML Fun","2026-08-15 21:04:02",2417.0,2,natbel4ml
327,16654995,"Artem Voronov","2026-08-17 13:13:32",2416.7,2,artemyvoronov
328,16692845,"Yassine Ben Zekri","2026-08-18 16:14:17",2415.3,2,yassinebenzekri
329,16664751,"Cindy Meng90","2026-08-17 02:07:30",2414.8,2,cindymeng90
330,16724109,"small fry in the underworld","2026-08-15 03:50:55",2412.8,1,wwwwhitley
331,16674347,"yuanzhe zhou","2026-08-18 12:53:21",2412.3,2,yuanzhezhou
332,16730719,Xiaowenhao404,"2026-08-18 08:24:48",2411.8,2,xiaowenhao404
333,16664111,"John Park","2026-08-18 08:09:41",2410.6,2,sigint
334,16677149,"Umataro Tenma","2026-08-16 02:05:38",2407.2,2,umatarotenma
335,16623488,"Kevin E R MILLE","2026-08-17 06:47:05",2405.0,2,kevinermille
336,16657941,"Nick Styles","2026-08-14 07:13:04",2404.9,2,styles
337,16643125,"CARLOS CAADA ROSTRO","2026-08-15 11:45:20",2404.7,2,carloscaadarostro
338,16630804,"Emre Cirak","2026-08-18 12:22:01",2404.6,2,biohack44
339,16658343,aisamhottman,"2026-08-18 10:16:07",2404.5,2,heuingttiang
340,16661050,Master_S1ave,"2026-08-14 13:42:48",2402.5,2,masters1ave
341,16713007,"Jerry Hwa","2026-08-15 04:15:29",2400.7,2,jerryhwa
342,16655766,前衛,"2026-08-15 00:17:53",2400.6,2,"atharvranjan,shreyasgandhe,siddharth9077"
343,16623745,chunluran,"2026-08-16 13:58:21",2400.1,2,chunluran
344,16655633,johnny,"2026-08-17 02:27:23",2399.6,2,jonykarki
345,16633100,"Emile Andrieu","2026-08-17 23:11:42",2398.7,2,emileandrieu
346,16702590,aashka,"2026-08-18 16:31:24",2398.3,2,aashka
347,16686444,"Syakirin Pahimi","2026-08-15 08:24:35",2395.9,2,syakirinpahimi
348,16621168,FOYSAL,"2026-08-14 14:35:22",2393.3,2,foysalemonshanto
349,16716566,"Junliang Ye","2026-08-18 09:19:58",2390.3,2,junliangye
350,16622242,"Robert Koval","2026-08-15 07:02:17",2387.8,2,robertkoval
351,16735582,"Tumaini Makena","2026-08-18 06:01:09",2382.8,1,tumainimakena
352,16709115,"PARK HYUNSIK","2026-08-16 21:16:52",2382.6,2,hyunsikpark
353,16621163,john,"2026-08-16 14:06:25",2380.3,2,jaejohn
354,16676455,"Sarthak Sharma ","2026-08-16 14:42:20",2380.3,2,sarthaksharma14
355,16672241,dupakdungking,"2026-08-15 15:05:31",2380.0,2,primarizki
356,16682283,"RL is all you need","2026-08-16 03:18:49",2380.0,2,"bpmf577,junzhejiao,jwj1342,liaodid,mrschang"
357,16723941,teraSurfer40141,"2026-08-16 01:16:49",2377.3,2,r00tt00r
358,16630312,beijijun,"2026-08-14 07:59:01",2376.8,2,beijijun
359,16669897,"Tahsan Ferdous","2026-08-14 19:30:09",2374.8,2,tahsanferdous
360,16714498,Zubekanov,"2026-08-18 01:14:49",2373.9,2,zubekanov
361,16704247,WeAreFarmers,"2026-08-18 04:53:23",2373.4,2,gbmorris1
362,16697936,"Sami Cakiral","2026-08-15 19:43:40",2372.2,2,samicakiral
363,16635062,DL,"2026-08-18 14:37:42",2371.2,2,distiller
364,16621219,"Inna Campo","2026-08-15 09:08:23",2369.2,2,innacampo
365,16623812,"SeshuRaju 🧘‍♂️","2026-08-16 18:22:38",2369.0,2,seshurajup
366,16724262,"Obu obu","2026-08-15 10:48:05",2368.8,2,obuobu
367,16659957,"Jaydon J P","2026-08-14 11:07:44",2366.6,2,jaydonjp
368,16644877,lu_fish,"2026-08-16 14:13:53",2363.9,2,thefish114514
369,16699741,Tom3,"2026-08-18 12:19:52",2363.7,2,tomohiroaz
370,16637973,StephenNedumpally,"2026-08-14 13:26:16",2362.4,2,stephennedumpally
371,16701024,Selene,"2026-08-13 04:29:22",2361.7,2,ejlthomas
372,16682494,Phi,"2026-08-18 15:38:14",2361.6,2,ajinomoto132
373,16731926,"Pardheev Krishna","2026-08-18 17:08:18",2361.6,2,"anandkumar0901,ayushjiwatramani,nidhibsh,nitindatanylatics,pardheev"
374,16669191,"Mohammed Nomaan","2026-08-17 11:54:07",2359.9,2,nomaanz
375,16658474,huyimin517517,"2026-08-18 06:19:04",2359.1,2,"huyimin517517,touyouzhaji,wumingshi2006"
376,16663569,XYZ,"2026-08-18 04:10:37",2359.0,2,h249748fkv7lyhik897
377,16672128,Cliffton,"2026-08-18 07:36:36",2354.7,2,rieltzx
378,16631595,CuteClaw,"2026-08-14 01:25:52",2354.6,2,bloodmoonwq
379,16701633,"Jacob Davis","2026-08-18 04:06:50",2354.3,2,jacobtdavis
380,16624969,tf,"2026-08-15 12:18:42",2353.7,2,tfukuhara
381,16623458,datnt114,"2026-08-14 15:55:56",2352.0,2,kingkong153
382,16641372,ShoaibSSM,"2026-08-15 09:40:08",2351.9,2,"naveenlx111249971939,shoaibssm"
383,16656931,pns,"2026-08-15 09:45:46",2351.8,2,"nikhilkasyap07,premsivasai,saranboddu"
384,16703300,"Fahd EL ANSARI","2026-08-15 23:47:17",2351.5,2,fahdelansari
385,16621294,dpquoc,"2026-08-15 01:36:49",2349.2,2,dpquoc
386,16679694,"Yaro Perventsev","2026-08-18 00:52:02",2349.2,2,yaroslavperventsev
387,16697229,"Masashi Nishimoto","2026-08-18 11:35:18",2347.1,2,masashinishimoto
388,16724060,"Mạnh Linh Hoàng","2026-08-15 15:54:52",2346.7,2,manhlinh1501
389,16691976,"Harini Panigrahi","2026-08-14 16:57:32",2344.9,1,harinipanigrahi
390,16655195,Pirhosseinlou,"2026-08-18 12:14:31",2344.9,2,pirhosseinlou
391,16658038,Khanh,"2026-08-18 07:46:12",2344.5,2,khanhp142
392,16634172,"Mario Cicala","2026-08-18 04:22:30",2344.3,2,mariocicala
393,16623309,zyvren,"2026-08-17 01:24:28",2342.7,2,sharif485
394,16635663,"Pascal Pfeiffer","2026-08-14 20:16:53",2342.4,2,ilu000
395,16690867,HowardLeeTW,"2026-08-15 09:14:17",2341.9,2,howardleetw
396,16646679,tong00,"2026-08-17 12:02:11",2341.0,2,tong00
397,16631752,"Junichiro Morita","2026-08-17 12:55:50",2340.3,2,junichiromorita
398,16683813,WangQrkkk,"2026-08-17 06:54:07",2339.6,2,wangqrkkk
399,16639250,"Hamed Seyed-allaei","2026-08-15 21:33:05",2336.6,2,pinocchio
400,16641183,"Team Name Pending","2026-08-17 10:39:36",2334.1,2,"abdaathaillahhadyan,oliverspiby"
401,16674683,"Ali Esam","2026-08-14 18:13:12",2333.8,2,zyxsu0
402,16657277,"Dude and Destroy","2026-08-13 09:54:38",2332.4,2,raymondbrookman
403,16639625,"Dr Chandrasen Pandey","2026-08-14 02:56:11",2331.9,2,devchandra
404,16661701,premjampuram,"2026-08-18 14:18:20",2328.2,2,"anji2705,premjampuram,sheetallodhi"
405,16659160,"Dmitry Bardonov","2026-08-18 10:35:04",2322.7,2,bdesim
406,16667843,"durgesh dere","2026-08-13 13:48:58",2321.6,2,durgeshdere08
407,16659870,"Tien N.","2026-08-18 05:02:37",2321.6,2,tientrum
408,16639565,yasu,"2026-08-18 11:13:11",2319.7,2,yasutakababa
409,16693934,evnchn,"2026-08-18 15:53:24",2319.0,2,evnchn
410,16719100,"Abhiraj Singh","2026-08-14 12:02:33",2318.7,2,cyberdrago
411,16701897,"Alejandro Lavandeira Casais","2026-08-14 12:56:12",2317.2,2,alejandrolavandeira
412,16689569,JovanaLab,"2026-08-18 14:52:15",2315.6,2,"choonesenlu,joxitsai"
413,16699745,"Norbert Szolnoki","2026-08-18 11:39:55",2315.3,2,norbertszolnoki
414,16665746,Chiranjieev,"2026-08-18 13:56:54",2315.3,2,"abhirajhiwale,amitambhore27"
415,16712459,松原琉喜,"2026-08-14 14:54:47",2315.2,2,ryuki12kyo
416,16633341,Hak,"2026-08-17 22:23:09",2315.1,2,hakdevelopment
417,16725346,sokoranohimazin,"2026-08-17 14:22:45",2313.8,2,sokoranohimazin
418,16708546,"Blue Rain","2026-08-12 13:35:15",2313.5,2,bluefeather386
419,16734803,guoziyi123456,"2026-08-18 15:43:55",2312.4,2,guoziyi123456
420,16696762,SOSyuki,"2026-08-15 08:07:12",2308.5,2,sosyuki
421,16695685,"kwon yong deuk","2026-08-14 23:25:01",2305.1,2,kwonyongdeuk
422,16706576,王一凡,"2026-08-18 14:18:51",2304.6,2,"liuziyang1016,mikakohinata68"
423,16697767,"Teddy Tennant","2026-08-18 02:49:37",2303.2,2,thtennant
424,16682557,"Soumalya Mandal","2026-08-14 14:57:29",2302.7,2,mrcyberhunter
425,16728492,ほのぼの牧場,"2026-08-18 16:18:45",2302.7,2,masatoshitaniguchi
426,16684954,"Suneeth reddy","2026-08-18 12:40:45",2301.1,2,suneethreddy
427,16672003,carlscamt,"2026-08-14 17:19:42",2300.3,2,carlscamt
428,16720088,"Oiti Roy","2026-08-14 06:26:04",2299.0,1,oitiroy
429,16630675,"Lucien de Rubempre","2026-08-17 19:57:55",2297.4,2,lucienderubempre
430,16675240,Leifson1337,"2026-08-18 18:01:30",2296.1,2,leifson1337
431,16731605,datatuu,"2026-08-18 05:40:27",2295.9,2,yaoguang516
432,16684093,"fog flower","2026-08-18 14:58:34",2295.2,2,fogflower
433,16676885,"Riva Kajangu","2026-08-17 00:59:47",2294.8,2,rivakajangu
434,16679389,"JOMIN URK21CS1077","2026-08-18 16:42:17",2294.5,2,jominurk21cs1077
435,16633850,Pascal,"2026-08-16 08:17:36",2292.9,2,pascalledesma
436,16727784,Baen,"2026-08-17 16:11:09",2292.9,2,cairh22
437,16731836,"Theo Venturian","2026-08-17 10:24:24",2292.8,1,theodorraulventurian
438,16663590,"Jakub Dolének","2026-08-13 13:08:32",2291.0,2,dolenek
439,16667964,Shuiys,"2026-08-15 03:03:25",2290.2,2,ysshui
440,16671412,Xman,"2026-08-18 09:32:34",2290.1,2,xuanzhang001
441,16724755,K.nosaka,"2026-08-15 09:22:46",2289.6,2,kenseinosaka
442,16699165,lime0001,"2026-08-18 13:42:05",2288.5,2,lime0001
443,16655582,"Yang Jinneng","2026-08-15 13:13:12",2287.5,2,adurey
444,16721384,Hackoholics,"2026-08-18 04:18:12",2286.2,2,"limyenhui,richierx"
445,16671012,"Sean Zhang","2026-08-12 19:03:54",2284.8,2,seanzhang2445
446,16658221,"Roshan Roy","2026-08-18 12:00:41",2284.7,2,"adhilvt,mohamedarifj,roshanroy333"
447,16637255,"Peter Parker","2026-08-18 12:04:45",2284.4,2,superallen001
448,16626655,"Surya milenial","2026-08-15 15:32:33",2282.9,2,suryamilenial
449,16662684,"Harshini Reddy","2026-08-18 01:18:12",2280.7,2,luffyh04
450,16633173,"Saulo Quiñones Góngora","2026-08-15 04:36:47",2280.5,2,sauloquionesgngora
451,16662051,"Salem Ali","2026-08-17 08:04:10",2280.4,2,salemali7
452,16634246,just_calculate,"2026-08-16 01:58:06",2280.0,2,justcalculate
453,16636079,"Pawan Rama Mali","2026-08-17 08:03:07",2279.6,2,pawanmali
454,16665125,"David Schindler15","2026-08-14 04:58:39",2278.9,2,"davidschindler15,mz3207"
455,16728238,ubcict232,"2026-08-17 22:36:12",2278.8,2,ubcict232
456,16657228,"Vladimir Babin","2026-08-14 02:19:21",2277.4,2,vovababin
457,16696743,"wennan cao","2026-08-18 16:32:02",2276.0,2,wennancao
458,16635818,F.A.Nina,"2026-08-16 20:15:06",2273.7,2,nina2025
459,16728160,Ozi,"2026-08-18 18:05:51",2272.1,2,muhammaduzair21
460,16708880,yotsutose,"2026-08-18 11:45:33",2272.0,2,yotsutose
461,16659215,"Zhizhou Sha","2026-08-18 18:19:42",2271.9,2,zhizhousha
462,16670453,141,"2026-08-17 18:57:20",2271.6,2,"muhammadmustafaxo,siddiqshah"
463,16663284,"Aman Prakash","2026-08-12 20:58:28",2270.3,2,amanprakash777
464,16659103,Arin,"2026-08-16 02:26:33",2263.2,2,skarin
465,16669911,"Batuhan Ustun","2026-08-17 18:03:10",2263.2,2,batustun
466,16634519,"Darshan Makwana","2026-08-15 03:34:34",2261.8,2,ellipticaloranges
467,16680967,Tyooughtul,"2026-08-16 00:58:06",2261.6,2,yooughtul
468,16708185,XiaoYan12,"2026-08-18 19:14:24",2261.6,2,xiaoyan12
469,16645705,wataru420,"2026-08-18 14:27:05",2261.5,2,wataru420
470,16713743,oliver,"2026-08-17 19:16:50",2261.2,2,ollibolli
471,16729192,1m0ke,"2026-08-18 09:25:53",2261.2,2,smokelate
472,16652334,"Aldibek [dsmlkz]","2026-08-15 14:24:59",2260.4,2,aldibek
473,16659081,"JALKARNA GAUTAM","2026-08-17 05:07:04",2260.0,2,jalkarnagautam
474,16731686,SaiKushal185,"2026-08-18 07:22:48",2259.9,2,saikushal185
475,16706442,tipstar0125,"2026-08-16 10:13:28",2259.3,2,dragonty
476,16670276,"Egor Trushin","2026-08-18 14:36:13",2256.3,2,egortrushin
477,16645203,easonyanyan,"2026-08-18 19:16:26",2256.2,2,easonyanyan
478,16737561,"Raj Aryan Singh","2026-08-18 11:50:54",2255.9,2,kratos14raj
479,16622919,Waffle,"2026-08-18 04:38:27",2255.2,2,waffle3z
480,16654881,Freddy,"2026-08-17 09:49:35",2254.8,2,twoxding
481,16661118,"Sirui Zeng","2026-08-18 17:52:26",2253.0,2,siruizeng
482,16640368,"Nkosi Ndwandwe","2026-08-16 12:17:09",2250.9,2,nkosindwandwe
483,16630825,"Black Mamba Farm","2026-08-18 08:15:01",2250.7,2,"asherjyd,qizhiran,yukundu231100"
484,16718956,hassan,"2026-08-15 16:23:37",2250.5,2,hasankhhan
485,16719536,"Mandy Lin","2026-08-14 03:18:29",2248.1,2,ydnamlin
486,16677597,InformaBook2,"2026-08-18 08:24:58",2248.0,2,informabook2
487,16632777,"Alexandrine Cakpo","2026-08-15 12:43:29",2247.0,2,alexandrinecakpo
488,16640933,"Bhanu prasad","2026-08-15 07:38:29",2246.4,2,restlesseagle
489,16668622,"Michael McGrain","2026-08-17 19:57:33",2245.9,2,michaelmcgrain
490,16697089,"aghbalou Anass","2026-08-13 20:38:56",2245.5,2,aghbalouanass
491,16697411,VynoDePal,"2026-08-18 06:47:31",2245.5,2,kvynodjo
492,16723096,Shabuuu,"2026-08-18 03:31:28",2244.5,2,shabuuu
493,16701868,AJ,"2026-08-14 01:23:58",2244.2,2,abduljabbarcalica
494,16662696,"Cengizhan Tümer","2026-08-18 11:04:19",2243.7,2,cengizhantmer
495,16695615,Celinao,"2026-08-14 08:02:47",2243.0,2,celinao
496,16707193,"radji kraim","2026-08-18 06:53:11",2242.8,2,radjikraim
497,16656399,CROW,"2026-08-14 04:59:30",2241.7,2,"aaayangxh,hanifnoerrofiq"
498,16674312,yuxuan,"2026-08-18 06:34:30",2240.5,2,yuxuan1221
499,16690805,"Alejandro Ayestaran","2026-08-17 18:10:50",2240.0,2,alejandroayestaran
500,16664762,"John Marinton","2026-08-17 14:58:56",2239.5,2,marintonjohn
501,16623370,kenmatsu4,"2026-08-14 09:03:08",2238.4,2,kenmatsu4
502,16702691,"Zengyi Mei","2026-08-14 09:41:54",2237.9,2,sfkmzy
503,16701362,"Papa Annan","2026-08-18 16:54:48",2235.9,2,papaannan
504,16708226,asi1024,"2026-08-16 13:14:53",2235.1,2,asi1024
505,16693534,HireMe,"2026-08-18 13:28:19",2234.5,2,junta1104
506,16717792,han10086,"2026-08-13 15:05:21",2234.2,2,han10086
507,16686424,"Thần Thoại","2026-08-14 09:00:26",2233.6,2,thanthoai
508,16715066,akahane,"2026-08-16 21:07:08",2232.4,2,shuheiakahane
509,16706897,"Akshay Mathur","2026-08-15 12:57:43",2231.8,2,akshaymathur777
510,16677592,keniii,"2026-08-18 14:35:52",2231.7,2,kartheeswaran28
511,16665416,"zeyu lau","2026-08-14 06:59:08",2230.8,2,zeyulau
512,16632493,"oni chan arigato","2026-08-17 20:13:51",2230.4,2,nabidnur
513,16722818,"Mukesh R","2026-08-16 13:07:44",2229.8,2,mukeshr06
514,16660209,"Whyme Labs","2026-08-16 06:06:09",2228.2,2,whymelabs
515,16672653,Cultuurstelsel,"2026-08-13 16:59:47",2227.0,2,ryuorlandotamin
516,16661622,"Ergin Akın","2026-08-18 07:52:36",2226.6,2,erginakin
517,16691572,"Lord Momo","2026-08-18 15:24:44",2226.3,2,stevenleehans
518,16660726,养殖一些扫福睿,"2026-08-17 08:05:41",2226.1,2,gengsr
519,16722368,"Bao Tran","2026-08-18 09:04:12",2221.9,2,solirus
520,16722986,"Abhiram 9803","2026-08-15 18:43:09",2221.7,2,abhiram9803
521,16712121,"Hai Dang","2026-08-17 14:30:19",2221.3,2,haidang2405
522,16670032,Kenjo1209,"2026-08-18 19:20:28",2220.6,2,kenjo1209
523,16672247,"Movie Watch2022","2026-08-18 16:57:02",2220.2,2,moviewatch2022
524,16717113,"Dovydas Ruokis","2026-08-16 08:39:29",2219.9,2,dovydasruokis
525,16729691,YinuoChen271,"2026-08-17 15:42:51",2218.1,2,yinuochen271
526,16644160,"Saravana Rajan B","2026-08-14 08:16:00",2218.1,2,saravanarajanb
527,16674684,next-best-agent,"2026-08-17 15:28:53",2217.0,2,"minhduy13ly,tdtu981"
528,16685634,"Syed Asad Ali","2026-08-18 15:14:02",2216.3,2,syed3000
529,16654783,quantara.cv,"2026-08-18 15:24:32",2215.9,2,goth55
530,16664573,AdhithyaRokhith,"2026-08-15 18:13:50",2215.7,2,adhithyarokhith
531,16684045,zekenoe,"2026-08-18 02:39:23",2214.4,2,zekenos
532,16713155,AdarshAleti,"2026-08-18 05:39:57",2214.3,2,adarsh1077
533,16677568,yarneo,"2026-08-18 15:03:16",2214.1,2,yarneo
534,16623445,"Hasin Raihan Dhrubo","2026-08-16 09:28:12",2213.5,1,hasinraihandhrubo
535,16624571,"Baidalin Adilzhan [dsml.kz]","2026-08-17 12:00:38",2212.2,2,baidalinadilzhan
536,16673131,"Arfin Mustofa","2026-08-14 06:55:51",2210.9,2,arfinmustofa
537,16655305,"Junior Sohou","2026-08-14 00:15:42",2210.3,2,juniorsohou
538,16655255,MalelizarazoP,"2026-08-15 23:12:35",2209.6,2,malelizarazop
539,16624921,"sky machine","2026-08-18 08:40:13",2209.5,2,"gunhcolab,hweowe"
540,16653129,"Prashanth Reddy Biyyani","2026-08-18 03:58:00",2208.9,2,"prashanthbiyyani,shivagurrala,sumu1526"
541,16655654,Cacinie,"2026-08-18 17:20:22",2208.7,2,cacinie
542,16655109,"Tia He","2026-08-14 19:58:44",2208.2,2,altheahe
543,16672199,Vachan,"2026-08-18 10:22:13",2208.1,2,vachanpadival
544,16670297,"Gebreab K. Zewdie","2026-08-18 17:13:13",2206.0,2,gzewdie
545,16691987,0xalgos,"2026-08-17 09:35:28",2202.2,2,anandvashishtha5362
546,16665224,tyz123456,"2026-08-18 16:13:55",2201.2,2,tyz123456
547,16697689,"Pavel Pakhmutov","2026-08-12 23:11:23",2200.8,2,pavelpakhmutov
548,16729372,"Gaspard Plt","2026-08-17 21:58:55",2200.8,2,gaspardplt
549,16622898,"sbol ball","2026-08-14 11:22:45",2199.5,2,"linearbasis,maksimkostritsya"
550,16669856,StrugglerK,"2026-08-17 21:34:55",2197.6,2,muhammedkaanlker
551,16673234,MACvengers,"2026-08-18 07:40:11",2196.2,2,"astrojaswanthkumar,ikpikp"
552,16715579,Uvais,"2026-08-18 17:12:00",2194.9,2,joshuaedwinjacobv24f
553,16698538,"Haozhe Wang 2022","2026-08-18 02:03:18",2193.3,2,haozhewang2022
554,16698726,"Honeey L","2026-08-13 11:11:53",2193.2,2,honeeyl
555,16695695,"Siva Kumar","2026-08-18 11:11:32",2193.2,2,sivapnlr80
556,16661743,"Sergey Kutepov","2026-08-18 15:20:38",2192.7,2,natsyst
557,16679443,albu,"2026-08-15 19:22:12",2191.3,2,albuslaev
558,16663241,"Kris Adamatzky","2026-08-13 09:49:19",2191.0,2,krisadamatzky
559,16656584,Spintronic,"2026-08-17 21:04:06",2189.9,1,spintronic
560,16719238,"Rômulo Siqueira","2026-08-14 14:45:12",2189.8,1,romulosiqueira
561,16668564,"Rikito Kanda","2026-08-17 18:36:37",2188.5,2,rikitokanda
562,16622509,Ali,"2026-08-18 06:05:29",2188.2,2,asalhi
563,16671306,Yeswanthperni,"2026-08-18 06:12:04",2188.0,2,"tanvicaaa,yeswanthperni"
564,16668162,AlejandroAlvarez,"2026-08-14 22:06:48",2186.7,2,theworm
565,16716698,gisgisgis,"2026-08-15 05:35:47",2185.8,2,gisgisgis
566,16655877,"Harish K","2026-08-18 17:01:33",2184.1,2,harishk2209
567,16710141,htatsumi,"2026-08-15 01:07:11",2183.0,1,tatsumihasebe
568,16692548,"Rockstar Farmer","2026-08-17 00:03:27",2182.0,2,yuhaili
569,16695691,neural-canvas,"2026-08-12 20:46:37",2180.7,2,mrsanap
570,16665336,"maoyuan ma","2026-08-18 11:41:09",2179.6,2,maoyuanma
571,16674102,没落者,"2026-08-18 13:25:20",2179.5,2,needless090
572,16685047,Yvonne.,"2026-08-15 08:33:47",2178.4,2,zdawer250
573,16625339,kazusw,"2026-08-17 21:43:59",2176.9,2,kazusw
574,16700634,"Alperen Söylen","2026-08-18 15:58:10",2175.7,2,alperensylen
575,16725899,Zhenghongshuang,"2026-08-16 07:04:27",2175.4,2,zhenghongshuang
576,16664566,"Lormann ","2026-08-18 11:21:24",2172.7,2,lormann
577,16721383,"Emon xu","2026-08-18 12:34:08",2171.8,2,emon0xuyym
578,16674508,"Giulio Ravasio","2026-08-18 19:16:39",2171.6,2,giuliorav
579,16635127,"Sergey Bryansky","2026-08-18 12:49:56",2171.4,2,sggpls
580,16657100,"Jacky Chan","2026-08-18 07:26:16",2170.4,2,jhkchan
581,16654379,"Sebastian Mateus","2026-08-18 01:43:43",2170.4,2,sebastianmateus
582,16683865,Shin7jp,"2026-08-14 09:51:13",2165.1,2,shin7jp
583,16694138,Alex,"2026-08-15 13:21:59",2164.1,2,alex789
584,16707915,MGöksu,"2026-08-18 10:09:26",2162.8,2,mgoksu
585,16656776,ShaoCharles,"2026-08-14 23:36:34",2161.4,2,shaocharles
586,16629685,mikelou1,"2026-08-12 14:43:09",2160.7,2,mikelou1
587,16621590,Yaroslav,"2026-08-18 11:58:35",2160.0,2,yaroslavrogoza
588,16659464,"Héctor Valverde","2026-08-17 18:13:36",2160.0,2,hvpareja
589,16667734,SuroRitch,"2026-08-15 16:23:52",2159.8,2,suroritch
590,16622349,"Mengfei Li","2026-08-18 16:15:36",2159.3,2,meli19
591,16682471,Soumya2003uyvv755,"2026-08-18 09:10:43",2158.2,2,soumya2003uyvv755
592,16668700,"Pranshu Ghori","2026-08-17 22:02:35",2158.2,2,pranshughori
593,16684748,dejavucry,"2026-08-16 13:03:56",2157.9,2,dejavucry
594,16657796,"parv goyal2","2026-08-15 15:38:40",2156.5,2,parvgoyal2
595,16698069,k_4821,"2026-08-12 06:43:09",2151.2,2,edgarondoodevilclub
596,16688130,"Lujia Liang","2026-08-17 00:40:44",2150.9,2,lujialiang123
597,16649313,"Jiajun HAN","2026-08-14 07:13:57",2150.8,2,jiajun1
598,16728901,dqvide,"2026-08-17 19:53:39",2150.6,2,dqvide
599,16704580,"Yunho Hwang","2026-08-18 14:26:36",2150.5,2,yunhohwang
600,16700068,"My Little Pony","2026-08-17 13:41:17",2150.3,1,"buxiangzaoqi66,juliezhang131,yaoyilv"
601,16710094,winwinwin,"2026-08-18 09:12:37",2149.9,2,"ouyangruize,teecemackenieo"
602,16637329,Rucbic,"2026-08-18 18:13:53",2147.9,2,rucbic
603,16728996,autowin,"2026-08-18 12:48:13",2147.3,2,atharvjairath
604,16701759,xycai,"2026-08-14 17:23:35",2145.7,2,xycaipku
605,16734580,shyjin,"2026-08-18 15:19:44",2145.5,1,shyjin
606,16677945,"Quân Trần","2026-08-18 11:36:41",2145.5,2,wuntrn
607,16681125,msd0110,"2026-08-16 08:53:28",2143.7,2,"morimo,msd0110,piiiiiiiii,qistripute"
608,16686827,Kronki,"2026-08-17 11:28:23",2141.8,2,kronki
609,16728071,我的AI是GPT,"2026-08-18 15:45:50",2141.4,2,"blht2026,wocenmma"
610,16720841,liuhc1017,"2026-08-18 08:14:21",2140.3,2,liuhc1017
611,16682386,"Charbel Nehme","2026-08-14 07:47:11",2140.2,2,charbelnehme
612,16696607,"Manish modak","2026-08-16 07:37:54",2138.8,2,manishmodak
613,16661362,BEETRiX🦋,"2026-08-11 14:42:28",2138.5,2,johannaleighdeley
614,16671424,cicen1139,"2026-08-13 11:40:31",2138.1,2,cicen1139
615,16663247,Ak,"2026-08-17 18:49:27",2137.9,2,abisheksrivastav
616,16735075,"Ronchen Luo","2026-08-18 04:29:47",2137.3,2,ronchenluo
617,16660233,ko9ma,"2026-08-18 00:00:17",2137.3,2,kohojung
618,16666301,"James Felipe","2026-08-18 01:35:18",2137.1,2,jamesfelipe
619,16633222,maxingkong733,"2026-08-17 19:10:25",2136.7,2,maxingkong733
620,16679987,"Said Mohamed Omary","2026-08-18 18:12:59",2136.2,2,saidmohamedomary
621,16669715,housssaamos,"2026-08-16 19:54:39",2133.9,2,housssaamos
622,16666939,20237208_黄奕恺,"2026-08-15 13:13:07",2133.1,2,mrhuangyy
623,16660483,TIM,"2026-08-18 13:01:19",2131.5,2,daynoryamil
624,16732735,MMMMMMMMMMMM,"2026-08-17 15:14:05",2130.8,2,hyh273279
625,16724801,Noir,"2026-08-17 12:57:12",2130.7,2,nuitnoir
626,16719083,"Justin Mai 16","2026-08-14 22:07:05",2130.6,1,justinmai16
627,16713457,Farmer,"2026-08-18 09:38:40",2130.0,2,trnhip
628,16623226,"Hafida Belayd","2026-08-14 00:09:07",2129.6,2,hafidabelayd
629,16654027,shiv,"2026-08-17 04:56:57",2128.8,2,shivaurora
630,16717440,那个男人,"2026-08-18 10:51:17",2128.5,2,muran169633
631,16691830,"Nikita Lugovoy","2026-08-15 03:39:17",2128.5,2,nikital7
632,16715506,"Moo Point","2026-08-17 21:44:26",2127.5,2,"gnarlycow,tianmeiwang"
633,16690970,"Raoul Biagioni","2026-08-18 18:00:15",2125.6,2,raoulbiagioni
634,16632593,skomuro,"2026-08-14 15:48:17",2125.4,2,skomuro
635,16665596,chunhu666,"2026-08-13 05:27:59",2124.2,2,chunhu666
636,16633226,test_money,"2026-08-17 10:56:41",2123.5,2,michaelsemenoff
637,16652764,hikahika,"2026-08-16 00:35:31",2121.6,2,naganohikaru
638,16656659,"James Y","2026-08-18 07:03:48",2121.4,2,redoctopusk
639,16709203,Ayush_Patel,"2026-08-17 18:04:00",2121.2,2,ayushpatel1305
640,16629165,lingyu07,"2026-08-18 09:53:57",2120.4,2,lingyu07
641,16621355,Raiden.B,"2026-08-12 05:49:42",2120.3,2,raidenb
642,16665233,"Akash Deep","2026-08-13 13:52:15",2118.7,2,akashdeepo
643,16635747,"Jeki Wan Taufik","2026-08-18 02:51:56",2117.9,2,jek1wantaufik
644,16685074,"Emir Can","2026-08-13 22:31:30",2117.8,2,aerospacer
645,16662883,OceanMix,"2026-08-17 20:07:44",2117.3,2,"cggonzalezsc,fierus,liesvyvalladares"
646,16722303,JohannPongratz,"2026-08-16 10:32:43",2115.5,2,johannpongratz
647,16665357,XW,"2026-08-17 15:41:33",2112.2,2,xuewei
648,16698439,"Pournami Prakash","2026-08-18 17:28:53",2112.1,2,pprakas
649,16675777,"Munshi Sahil Ahmed","2026-08-17 16:11:08",2111.1,2,mlboy1
650,16725403,tabetai28,"2026-08-18 14:38:57",2110.2,2,taichiabewaseda
651,16736138,Anand,"2026-08-18 09:25:16",2110.1,2,gazzal
652,16651402,"Mille Initiate","2026-08-18 02:51:45",2110.0,2,milleinitiate
653,16668430,"john inan","2026-08-17 18:44:07",2105.8,2,johninan
654,16689863,yukichi0403,"2026-08-15 06:56:18",2103.5,2,yukitake93
655,16681369,GanadorPlusUltra,"2026-08-18 15:35:01",2103.3,2,ganadorplusultra
656,16691702,kss,"2026-08-13 19:30:20",2102.4,2,l0glikelihood
657,16654490,"Furious Monk","2026-08-18 16:52:33",2101.9,2,furiousmonk
658,16664164,"Elzandi Irfan Zikra","2026-08-15 15:53:21",2101.5,2,zangetsufuin
659,16657825,MilanJoshi,"2026-08-17 07:51:48",2101.5,2,mlnjsh
660,16713178,Funno,"2026-08-16 12:49:16",2101.4,2,yes711
661,16657803,"Arya Mazloomi","2026-08-14 00:17:11",2099.5,2,aryamazloomi
662,16663498,"Braxton Dyer","2026-08-18 15:48:49",2098.7,2,braxtondyer
663,16714059,Yentür,"2026-08-12 18:47:44",2098.6,1,meryentr
664,16643554,"Arnie Jimenez","2026-08-18 19:08:42",2097.7,2,arniejimenez
665,16635745,"João Victor","2026-08-18 09:40:33",2095.7,2,jvlegend
666,16718480,PLReddy23,"2026-08-16 22:32:18",2095.6,2,plreddy23
667,16732381,Raphdraft,"2026-08-18 11:18:41",2095.6,2,raphdraft
668,16697395,darktetradgod,"2026-08-14 09:19:49",2095.1,2,darktetradgod
669,16696738,rekhasri,"2026-08-18 04:44:36",2094.1,2,rekhasri
670,16663240,"Rilen T. L.","2026-08-18 13:45:46",2093.5,2,"jairosilvabastos,rilentl"
671,16655686,Kyle,"2026-08-17 01:17:30",2092.4,2,kylezhouzhou
672,16659776,"Ben Hamilton","2026-08-17 00:30:37",2091.7,2,kineticaxisstudio
673,16722705,我的AI是豆包,"2026-08-18 18:35:22",2091.6,2,"haoxuanjng,rainhuang0220"
674,16657276,"Пётр П","2026-08-18 04:31:05",2090.8,2,petrinvest
675,16730142,static,"2026-08-18 03:41:07",2090.8,2,huangshunhao
676,16654076,"Son Pham","2026-08-17 12:19:00",2090.0,2,sonphamorg
677,16661509,JSON_Voorhees,"2026-08-18 12:58:26",2089.9,2,michaelgreenhut
678,16632006,"Adwait Tagalpallewar","2026-08-16 08:44:12",2089.5,2,adwaittagalpallewar
679,16644578,"Team Name","2026-08-15 05:44:02",2089.3,2,baytree1238
680,16664293,"Adam Lloyd","2026-08-17 07:09:50",2088.4,2,alloyd256
681,16634104,FarmGoose,"2026-08-18 06:21:08",2087.7,2,yizhanglou
682,16664860,ANUJPUROHIT18,"2026-08-14 19:31:56",2087.5,2,anujpurohit05
683,16663445,"ali dzaki","2026-08-18 05:46:07",2087.0,2,alidzaki
684,16726994,bird,"2026-08-18 10:32:38",2086.9,2,whitebird
685,16633132,"Triston Morgan","2026-08-18 14:17:07",2086.7,2,yanzhou06
686,16663229,kakuteki,"2026-08-15 19:31:07",2086.7,2,kakuteki
687,16634765,democatXamer,"2026-08-18 12:39:00",2086.7,2,w1326627677
688,16664120,SaiDuttaAbhishekDash,"2026-08-17 15:37:22",2085.2,2,saiduttaabhishekdash
689,16726461,mocatti,"2026-08-18 15:41:57",2084.7,2,mocatti
690,16689018,Yoruet,"2026-08-15 10:00:05",2084.7,2,yoruet
691,16641138,"Bharath Varma","2026-08-18 15:35:58",2084.2,2,bharath111l
692,16694091,"Nan Leng","2026-08-17 23:37:08",2084.1,2,nleng66ca
693,16660020,"Gaddam Shiva Teja","2026-08-18 18:31:28",2084.0,2,shivateja005
694,16661607,choqui62,"2026-08-18 11:11:17",2083.5,2,choqui62
695,16716012,LaiCxm,"2026-08-18 10:18:10",2083.3,2,laicxm
696,16622531,"musya lyusya team","2026-08-16 18:14:17",2082.9,2,vswz2nqp
697,16718649,"Zakaria Aala","2026-08-17 01:03:30",2082.9,2,zlordgrim
698,16716991,XristosFilip,"2026-08-18 16:43:34",2081.7,2,xristosfilip
699,16644481,Liquidus,"2026-08-17 23:51:35",2080.5,2,liquidus
700,16663767,"Tommy Mancino","2026-08-18 17:31:02",2080.4,2,tommymancino
701,16626272,"ömer kiraz","2026-08-18 18:25:48",2080.4,2,merkiraz
702,16679688,"Sathwik Chinthakayala","2026-08-18 00:31:46",2078.5,2,sathwikchinthakayala
703,16628295,qwertykeypadapple,"2026-08-13 19:05:04",2076.8,2,qwertykeypadapple
704,16663603,xsong2020,"2026-08-12 20:09:28",2074.9,2,xstargate
705,16634312,"Linh Le","2026-08-18 09:12:29",2073.6,2,linhlethuy
706,16693976,rererenore,"2026-08-18 07:53:32",2071.1,2,rererenore
707,16682885,风沙星辰,"2026-08-13 04:11:59",2069.9,2,"duoliya,linyeping,sereinovov,wangying2026"
708,16728067,"Chenzhao Li","2026-08-18 08:04:21",2069.8,2,heartquest
709,16696099,moss,"2026-08-18 16:11:46",2069.8,2,kenyashimizu
710,16732714,Mforg,"2026-08-18 18:04:01",2068.4,2,mforg74911
711,16624484,"Tomoki Hirose","2026-08-12 15:11:54",2067.8,2,tomokihirose
712,16726545,whm8016,"2026-08-18 14:45:52",2065.8,2,whm8016
713,16664788,1o,"2026-08-18 15:22:43",2065.7,2,rian55
714,16661039,Abracadabra,"2026-08-18 15:56:35",2065.2,2,giovannicr
715,16623799,"Akhilesh godugu","2026-08-18 02:16:47",2063.9,2,"akhileshgodugu,ashokgodugu"
716,16691219,"Yike Xu","2026-08-17 06:00:16",2063.6,2,weiyun22021
717,16694016,"Prajwal M","2026-08-17 14:13:39",2061.1,2,estrick
718,16644145,"Mehdi Azouz","2026-08-17 23:09:43",2060.9,2,mehdiazouz
719,16653805,mohsen2050,"2026-08-18 14:34:30",2060.3,2,mohsen2050
720,16634166,Yuki.O,"2026-08-18 01:21:34",2056.3,2,yukiohkawa
721,16727379,"Nicholas Chua","2026-08-17 08:50:14",2055.6,2,nickckb
722,16664128,"Michael Todd Overdorf","2026-08-17 00:32:51",2053.9,2,michaeltoddoverdorf
723,16704818,probably6767,"2026-08-18 08:37:29",2053.9,2,probably6767
724,16671588,Keisuke,"2026-08-18 15:51:53",2052.6,2,keisukeueda
725,16644702,cracker_1_war,"2026-08-18 07:05:32",2052.5,2,cracker1war
726,16659771,DieByTheSword,"2026-08-18 13:51:22",2052.1,2,przemysawstroiws
727,16653927,"Fernando GH H","2026-08-17 03:13:54",2051.1,2,fernandoghh2
728,16665402,PrasadChopade213,"2026-08-12 11:43:31",2050.6,2,prasadchopade213
729,16705499,byncpy,"2026-08-17 17:18:47",2049.9,1,jinliangbi
730,16683755,"Meng Di","2026-08-17 17:10:30",2048.3,2,hughshaoqz
731,16630274,yutoAb,"2026-08-18 03:37:34",2047.8,2,yutoab
732,16683488,"Ripudaman Parmar","2026-08-17 06:12:30",2047.7,2,"ktkgpt,ripudamanparmar"
733,16728109,"Sidharth Hulyalkar","2026-08-18 05:28:44",2047.3,2,sidharthhulyalkar21
734,16698688,JeremiahMannings,"2026-08-18 13:14:57",2047.2,2,jmannings
735,16655688,"Ryan Shan","2026-08-13 02:43:38",2046.9,2,codegold
736,16713127,Felis,"2026-08-16 10:26:13",2046.9,2,ilyaafanasenko
737,16655335,Justus,"2026-08-16 17:26:08",2046.8,2,justus0
738,16675351,-Beterraba,"2026-08-15 02:01:39",2043.1,2,"afonsoo,miguelottoni"
739,16652750,"Bahadir Selim Bakla ","2026-08-17 01:23:57",2042.5,2,bahadirselimbakla
740,16716159,dzjiann,"2026-08-18 12:39:51",2041.3,1,dzjiann
741,16690923,"Maqsoud Tawaliou","2026-08-18 19:08:06",2041.3,2,maqsoudtawaliou
742,16729828,spunkrock,"2026-08-16 20:08:06",2039.9,1,spunkrock
743,16709435,"Artyom Lyan","2026-08-18 13:55:07",2039.6,2,arli2016
744,16657728,"T Soo","2026-08-13 06:36:25",2039.5,1,ttgrcgrc
745,16666442,"SHALWIN SANJU","2026-08-18 10:51:52",2038.8,2,shalwinsanju
746,16629624,"Sayandeep Ghosh","2026-08-17 10:46:13",2038.7,2,sayandeepghosh
747,16728571,hasibirok0,"2026-08-17 14:25:50",2038.5,2,hasibirok0
748,16722619,vlavlalva,"2026-08-18 18:55:10",2038.2,2,cppcph
749,16675088,"Andrei Chulkov","2026-08-15 19:43:12",2038.0,2,andreichulkov
750,16685850,K,"2026-08-14 06:37:41",2037.8,2,kolci017
751,16640394,"MOHAMMADJAFAR ZAMANI","2026-08-18 14:04:55",2037.2,2,mohammadjafarzamani
752,16623746,Juyong,"2026-08-18 00:09:57",2036.3,2,kimdoong
753,16702275,Joyal,"2026-08-13 14:57:09",2036.1,2,joyalseejo
754,16650372,Greed,"2026-08-12 17:18:47",2036.0,2,greedshen
755,16688220,Aadi,"2026-08-18 10:07:59",2035.0,2,aadicv
756,16722378,waticson,"2026-08-18 13:00:27",2033.9,2,yutodennou
757,16655263,rishavsaigal,"2026-08-18 14:46:59",2033.9,2,rishavsaigal
758,16698136,"David Estevez","2026-08-18 18:17:10",2033.5,2,destbreso
759,16656296,Fususu,"2026-08-18 08:12:08",2033.1,2,phuongncn
760,16729906,"Krzysztof Madziar","2026-08-18 00:23:10",2032.8,2,krzysztofmadziar
761,16658382,vladee,"2026-08-18 10:39:25",2032.1,2,vladee
762,16718937,62326368,"2026-08-15 19:30:29",2029.6,2,mooniim
763,16640048,"extra eclaire","2026-08-17 07:47:39",2028.8,2,extraeclaire
764,16632172,Ayodeji,"2026-08-15 12:33:20",2028.7,2,ayodejiibrahimlateef
765,16632783,chocolat,"2026-08-18 15:47:26",2028.4,2,chocolatnya999
766,16709950,"Ryan Myers","2026-08-18 01:11:43",2027.5,2,ryanmyers03
767,16663515,HamsterSashka,"2026-08-13 13:43:54",2027.1,2,hamstersashka
768,16688787,"10K hours Stardew Valley","2026-08-18 05:16:58",2026.8,2,vencerlanz09
769,16667787,"Daryl Brach","2026-08-17 09:41:51",2026.6,2,dbrach
770,16655758,patience,"2026-08-18 15:36:46",2024.8,2,"weirdocurry,wenjunkai124"
771,16629033,"Igor V","2026-08-18 15:34:00",2024.8,2,rostigor
772,16725996,MatheusPSorancoDeCarvalho,"2026-08-17 22:12:37",2024.8,2,matheussoranco
773,16632444,"Issac “Izreal” Davis","2026-08-13 20:42:03",2024.0,2,issacizrealdavis
774,16681893,morality0707,"2026-08-17 09:29:50",2023.9,2,morality0707
775,16626093,"Pilkwang Kim","2026-08-15 13:19:07",2023.7,2,pilkwang
776,16675671,"MMM Abbie","2026-08-18 10:28:18",2023.2,2,kchuang
777,16667767,t3l3k3n3sis,"2026-08-18 19:22:17",2023.1,2,"daffafariq,hashmatzamaryali,malsabbagh05"
778,16734699,PangMinShih,"2026-08-18 06:16:58",2022.0,2,shihbonbon
779,16698256,Mint,"2026-08-17 18:39:08",2021.8,2,rorandangerous
780,16632715,cmasch,"2026-08-17 18:10:33",2019.8,2,cmasch
781,16667998,Speril,"2026-08-16 09:13:41",2018.0,2,speril
782,16709339,"Mohammad Javad Dianat","2026-08-15 05:45:06",2016.5,2,dianatofficial
783,16624047,GUOHAOYANG,"2026-08-12 22:23:02",2016.5,2,pkuszboi
784,16623969,"Akira Imae","2026-08-18 16:40:13",2016.0,2,imaeakira
785,16730676,ActiveMusyoku,"2026-08-18 14:42:47",2014.7,2,"daiki0381,kohei0okazaki,noriyukimori,ryonatori,seipon"
786,16684641,t.me/aetheranime,"2026-08-18 01:58:18",2011.7,2,yfrite
787,16712863,ominteam,"2026-08-16 09:57:58",2010.2,2,"luantony,suruikk"
788,16695093,"Ryota Murai","2026-08-15 19:54:54",2010.1,2,rmuraix
789,16630331,"Mohamed El-Nageeb","2026-08-18 15:43:29",2010.0,2,thelastsmilodon
790,16654715,"Aqib Raza","2026-08-17 13:12:36",2009.6,2,aqibrazadev
791,16700995,"Maram Ali","2026-08-15 09:13:15",2009.6,2,msama01
792,16692711,Deniz,"2026-08-14 08:50:54",2009.5,2,denizeryilmaz
793,16726431,Manav,"2026-08-16 17:51:03",2009.0,2,manavsangwan
794,16673250,Prashant,"2026-08-12 05:06:08",2006.9,2,"kajalsinghrajpoot,prashantxo"
795,16663694,"Dimitri ZABRE","2026-08-12 21:00:12",2006.9,2,dimitrizabre
796,16655150,"Benjamin H Pepper","2026-08-17 11:58:20",2006.8,2,bhpepper
797,16632566,maco-macoo,"2026-08-18 18:05:30",2006.6,2,macomacoo
798,16698214,Juandix,"2026-08-18 03:35:51",2005.7,2,juandix
799,16667147,"Daksh Bhalala","2026-08-18 17:08:47",2004.9,2,dakshbhalala
800,16658777,"Jiarui (Jerry) Cao","2026-08-15 03:44:07",2003.2,2,jiaruicao7
801,16676034,"Songyot P","2026-08-18 15:56:07",2002.8,2,songyotpi
802,16681275,"CUG HeQiao","2026-08-12 09:06:14",2000.6,2,cugheqiao
803,16674831,"nk for work","2026-08-18 16:31:10",1999.7,2,nkforwork
804,16630711,"Aleks Lviv","2026-08-14 14:31:21",1999.4,2,alekslviv
805,16726232,"sayed rafi","2026-08-16 12:36:32",1998.7,2,sayedrafi
806,16692851,ichnixhelle,"2026-08-12 22:20:24",1998.1,2,ichnixhelle
807,16626814,"Vu Tran Hoang","2026-08-17 11:15:34",1994.8,2,hoangvux
808,16624056,Raggriculture,"2026-08-12 16:29:15",1991.9,2,ravi123a321at
809,16655179,"I Need an Internship","2026-08-15 02:39:23",1991.8,2,dimasibnumuthi
810,16622032,"Raunak Dey","2026-08-13 17:22:49",1991.5,2,raunakdey07
811,16658803,"Rahul Jiwane","2026-08-18 10:08:57",1991.4,2,rahuljiwane
812,16710587,durgasai,"2026-08-16 13:11:27",1990.4,2,dsainvg
813,16697836,OzanM.,"2026-08-13 07:34:21",1989.7,2,analyticaobscura
814,16667604,L7n,"2026-08-13 05:51:47",1989.5,2,znwe342
815,16724947,teacherli0,"2026-08-16 03:09:09",1989.0,2,teacherli0
816,16666884,"Antonio Stanciu","2026-08-15 14:33:52",1988.9,2,stanciuantonio
817,16661768,"Lợi Trần Bảo","2026-08-17 05:14:37",1988.7,2,litrnbo
818,16690401,Skyspace,"2026-08-18 07:52:48",1988.4,2,empireblue
819,16685763,"koren sabag","2026-08-15 16:52:38",1986.8,2,korensabag
820,16700510,"Shadow Recon","2026-08-18 11:57:27",1986.6,2,gaurav065
821,16654158,"Md. Hamid Hosen","2026-08-13 20:08:24",1986.1,2,hosen42
822,16715628,Dian,"2026-08-17 01:57:33",1985.3,2,clas233
823,16656948,"alexander kern","2026-08-17 17:09:29",1984.3,2,alexanderkern
824,16665050,"Praneeth Palugula","2026-08-14 06:28:56",1984.2,2,praneethpalugula
825,16726011,"Dawid Fleischer","2026-08-18 09:23:15",1982.7,2,dawidfleischer
826,16656500,mmm,"2026-08-18 04:29:46",1982.6,1,a982295350
827,16727350,"T Hansda","2026-08-17 22:58:46",1981.2,2,hansda
828,16729640,"Наталья Скляр","2026-08-17 20:47:38",1980.8,2,natsklyar
829,16696631,"saya akan lawan!","2026-08-14 11:13:55",1980.8,2,nurhadibudhy
830,16689601,"Prathmesh Adsod","2026-08-18 03:55:13",1980.5,2,prathmeshadsod
831,16714058,"Ahmet Erdem Pamuk","2026-08-12 18:59:18",1980.1,2,ahmeterdempamuk
832,16630380,JM,"2026-08-18 17:11:16",1979.6,2,julianmukaj
833,16670755,"Amine zeDDouk","2026-08-18 09:37:41",1979.4,2,aminezeddouk
834,16670384,"Gordeev Max","2026-08-18 12:19:54",1979.1,2,gordeevmax
835,16664759,OrGanAIc,"2026-08-14 22:58:18",1977.9,2,arghyaranjandas
836,16654841,"ABHIRUP DAS","2026-08-18 16:52:45",1977.8,2,abhirupdas10
837,16727842,"Iadh Jarray","2026-08-17 13:45:11",1977.2,2,iadhjarray
838,16625856,takai380,"2026-08-17 23:06:48",1975.8,2,takai380
839,16623836,awarse,"2026-08-14 06:00:45",1975.7,2,awarse
840,16672243,"Fazil Putra","2026-08-14 01:24:17",1975.3,2,fazilputra
841,16688368,"Lam Vo","2026-08-15 16:39:23",1975.0,2,nhatlam
842,16683808,RuggedBones,"2026-08-18 14:24:41",1974.8,2,ruggedbones
843,16678872,ibrahim,"2026-08-17 19:30:32",1974.2,2,skyfish77
844,16695229,X1a0Ch3n,"2026-08-12 18:04:39",1973.8,2,xiaochen20236673
845,16727191,"Alexander Kokshenin","2026-08-18 13:30:11",1973.8,2,kokshenin
846,16623398,"Tony Li","2026-08-18 17:44:00",1972.3,2,tonylica
847,16657494,Trex,"2026-08-12 14:00:14",1971.0,2,trexzone
848,16686918,JustinLee,"2026-08-16 12:59:52",1970.7,2,justin2061
849,16663313,onlysmrtsumx,"2026-08-12 01:29:30",1969.4,2,onlysmrtsumx
850,16715933,Scomics,"2026-08-18 09:02:49",1968.1,2,"bruceche7797,dongyiqun,jyxxxx"
851,16729054,"Shantanu Kesarkar","2026-08-18 18:36:29",1967.7,2,shantanukesarkar
852,16707467,kay.liechtenstein,"2026-08-18 15:17:53",1967.6,2,kayliechtenstein
853,16736404,¡olé!,"2026-08-18 13:05:22",1966.7,2,hjx1024
854,16716081,"dunky su","2026-08-18 03:43:54",1966.4,2,dunkysu
855,16663264,Adarsh,"2026-08-13 13:54:33",1965.4,2,madarshbb
856,16651672,"Xiaolei Lian","2026-08-18 10:04:40",1964.1,2,xiaoleilian
857,16655383,MtN,"2026-08-18 11:28:55",1963.3,2,mariotrsn
858,16728723,"Ronith Rashmikara","2026-08-18 03:28:52",1962.4,2,ronithrr
859,16687596,AjPrem,"2026-08-14 18:02:48",1961.8,2,"ajprem,jefferysingh,neelcasula"
860,16717186,"Roumak Das","2026-08-13 11:53:06",1961.6,1,roumak77
861,16701685,shawloong,"2026-08-18 08:57:13",1960.4,2,shawloong
862,16661304,"Jonathan Roy","2026-08-18 11:38:52",1959.9,2,jonathanroy7
863,16709176,Efnutrrionpy,"2026-08-12 04:24:11",1959.2,2,efnutrrionpy
864,16660281,"xiy lin","2026-08-17 00:00:20",1959.2,2,xiylin
865,16710499,sukeke,"2026-08-16 07:47:08",1959.2,2,sukeke
866,16694149,maxout,"2026-08-15 15:32:09",1958.9,2,"aadijoshi19,kavyabhand"
867,16659328,"Muhammed Ashiq Abdul Khader","2026-08-12 07:13:09",1958.9,2,ashiqabdulkhader
868,16634691,"Shaurya Mittal","2026-08-18 03:15:09",1957.9,2,shauryam25
869,16622937,"Sheep 🐑","2026-08-17 05:14:20",1957.6,2,kabilrh
870,16671821,donglee,"2026-08-13 09:13:09",1956.7,1,dongleeovo
871,16634143,"manual player","2026-08-14 00:41:13",1955.5,2,prospal
872,16689447,"Ivan Berrutto","2026-08-13 04:14:38",1955.1,2,ivanberrutto
873,16710421,SZ_00_zyz,"2026-08-13 04:02:17",1955.0,2,sz00zyz
874,16671017,"Pablo César Ruíz","2026-08-18 00:58:10",1954.5,2,pcruiher08
875,16671520,sci-shi,"2026-08-18 18:35:59",1954.1,2,scishi
876,16723528,"Singaraj B","2026-08-18 11:04:22",1954.0,2,singarajb
877,16661393,"razab Bawa","2026-08-13 16:32:54",1953.9,2,razabbawa
878,16674479,"Alan Rosston","2026-08-14 08:20:49",1953.4,2,alanrosston
879,16710140,Lynxx,"2026-08-17 11:07:32",1952.8,2,lynnsakurai
880,16634654,unknown,"2026-08-13 02:11:22",1952.5,2,abdullahshafi2021
881,16654021,"Swachhith B","2026-08-18 17:35:19",1952.1,2,swachhithb
882,16665641,"Alexander Shahramanyan","2026-08-15 12:56:18",1951.9,2,alexshah
883,16684128,NIklitaCheporev,"2026-08-18 16:13:34",1951.3,2,niklitacheporev
884,16707598,Kamazarashi,"2026-08-18 05:40:15",1950.7,2,kamazarashi
885,16716930,"Direc M","2026-08-18 00:28:08",1950.1,2,direcm
886,16623875,"Pavlo Ivanin","2026-08-15 19:50:58",1949.6,2,pavloivanin
887,16730578,IsThereAnyCode,"2026-08-17 03:14:13",1949.5,1,isthereanycode
888,16688294,"hft farming","2026-08-17 12:52:16",1949.5,1,markslavin
889,16728318,T3jas06,"2026-08-16 12:10:51",1949.4,2,t3jas06
890,16621741,"Andrey Naymushin","2026-08-18 16:22:32",1949.1,2,andrewsokolovsky
891,16637987,Xander,"2026-08-18 02:30:12",1948.4,2,canqiang
892,16635317,"KAKA Minishijie","2026-08-16 10:13:51",1948.1,2,kakaminishijie
893,16715235,l1aF,"2026-08-18 05:17:29",1947.5,2,hhhoang
894,16645712,"Changye Li","2026-08-18 10:47:34",1947.3,2,antoinegg1
895,16700737,HechtJP,"2026-08-13 11:12:06",1946.0,2,hechtjp
896,16714488,"HusseinNadem Nadem","2026-08-18 03:25:03",1945.2,2,husseinnademnadem
897,16716431,m&m,"2026-08-16 16:21:07",1943.4,2,ntrlmt
898,16707144,Kirderf,"2026-08-18 15:08:30",1943.4,2,kirderf
899,16709793,"Victor Hotz","2026-08-13 18:48:06",1941.9,2,victorhotz
900,16709462,"KK #2","2026-08-14 09:06:37",1941.6,2,kk2909
901,16699455,vijaikm,"2026-08-18 17:17:44",1940.4,2,vijaikm
902,16727998,hidsaito,"2026-08-16 12:16:33",1940.3,2,hidsaito
903,16714474,"Glenn Dalbey","2026-08-18 14:02:01",1938.8,2,glenndalbey
904,16696983,"JKM Ventures","2026-08-17 22:58:03",1938.4,2,jeffreydrew
905,16716549,notoverkil,"2026-08-15 17:00:08",1935.4,2,notoverkil
906,16737843,"Muhammad Shoaib Memon","2026-08-18 11:36:57",1935.1,1,muhammadshoaibmemon
907,16708624,"Aboubacar HEMA","2026-08-16 21:32:09",1935.1,2,"aboubacarhema,marcmare,wilfredkouadjo"
908,16658345,Ficu∞$,"2026-08-18 04:23:33",1934.2,2,mikeintokyo
909,16674649,寿!,"2026-08-12 06:45:37",1932.9,1,taka3776toshi
910,16668049,"Masayoshi Kurihara","2026-08-14 06:20:21",1932.6,2,masayoshikurihara
911,16654463,Mark,"2026-08-17 18:00:58",1931.3,2,robotmf
912,16671741,Excluding,"2026-08-18 09:21:47",1929.7,2,excluding
913,16632294,"Rajan Nagarajan","2026-08-16 05:27:10",1929.3,2,narajan
914,16658287,ArturoSirvent,"2026-08-15 10:06:30",1928.6,2,arturosirvent
915,16729484,"Sankalp Nagineni","2026-08-16 17:35:31",1928.1,2,sankalpnagineni
916,16712134,cf696666,"2026-08-17 09:58:11",1927.8,2,cf33333
917,16732727,brightest66,"2026-08-18 19:00:41",1927.1,2,brightest66
918,16672997,"Francesco Montone","2026-08-18 12:49:57",1925.4,2,francescomontone
919,16673230,saitamad,"2026-08-12 04:20:31",1924.4,2,saitamad
920,16717630,Amer,"2026-08-13 21:23:41",1924.0,2,amerhu
921,16623459,"Peng Wang","2026-08-15 03:18:21",1923.5,2,pengwang91
922,16685626,"Livingstone Selassie","2026-08-16 00:26:50",1922.4,2,"hackerx019,livingstoneselassie"
923,16683435,CoorDi,"2026-08-17 11:50:43",1922.1,2,bxy0125
924,16727745,auouer,"2026-08-16 08:20:31",1921.5,2,"auouer,guriken,hkamna,insightfulthinking"
925,16712577,"nattapon nakakong","2026-08-17 09:23:30",1920.5,2,nattaponnakakhong
926,16642570,"Mathurin Ache","2026-08-18 05:46:27",1919.9,2,mathurinache
927,16728272,"Daris Dzakwan Hoesien","2026-08-16 10:48:22",1919.7,1,darisdzakwanhoesien2
928,16639979,naphthalene,"2026-08-16 03:59:49",1918.6,2,"aaa0342,leehyungjoon,minjek,trv449"
929,16672136,chupaletas,"2026-08-18 13:09:04",1918.1,2,urvesh
930,16663214,"Mathieu W","2026-08-17 08:55:53",1915.7,2,mathieuw
931,16726115,helloworld311,"2026-08-17 05:52:20",1915.2,2,helloworld311
932,16632291,"alex chilton","2026-08-18 19:16:06",1914.2,2,alexchilton
933,16624896,"Akmal Azzam o'g'li","2026-08-18 06:03:51",1913.8,1,akmalmir
934,16725410,LE4VES,"2026-08-17 14:51:10",1913.7,2,le4ves
935,16700846,"Vaibhav Patel","2026-08-18 12:42:24",1913.1,2,vaibhavpatel
936,16622939,"Kamal Das","2026-08-15 17:53:51",1912.8,2,kmldas
937,16726660,"Prime Leo","2026-08-17 19:35:49",1912.6,2,primeleo
938,16655844,MAFIN,"2026-08-13 01:53:06",1911.3,2,moneyman91
939,16663851,"Harshith revuru","2026-08-16 22:13:28",1910.7,2,harshithrevuru
940,16731751,"Nikita Pudovkin","2026-08-17 09:15:54",1910.2,1,nickpudovkin
941,16689881,"yuki #2","2026-08-17 06:49:28",1909.8,2,hosikusa
942,16673110,"Sri Jayavel K","2026-08-18 08:43:01",1909.7,2,srijayavelk
943,16701969,旧楚狂人,"2026-08-15 14:20:59",1908.1,2,jiuchukuangren
944,16662380,"Brandon Calderon-Morales","2026-08-17 01:04:11",1908.0,2,bmoe640
945,16711725,meatori-nu,"2026-08-16 19:28:03",1907.8,2,meatorinu
946,16701612,Kiki,"2026-08-17 08:54:03",1906.5,2,rouiou
947,16713281,SirShifu,"2026-08-18 13:52:18",1906.5,2,sirshifu
948,16707036,Aic,"2026-08-17 08:28:07",1906.0,2,gunianxue
949,16672468,ComposeMage,"2026-08-18 03:43:50",1905.1,2,composemage
950,16717901,"Ahmed Hazem Abdeltawab","2026-08-17 19:08:00",1904.9,2,ahmedhazem23
951,16705790,clora,"2026-08-18 15:29:21",1903.8,2,clora16
952,16660255,"Revanth Tambisetty","2026-08-18 12:53:06",1903.5,2,revanthtambisetty
953,16730634,Priestess,"2026-08-17 12:06:38",1903.2,2,kalypheus
954,16707749,Yuzu,"2026-08-18 12:16:30",1902.3,2,yuzuoctopus
955,16632516,"Jiachen Li","2026-08-16 03:58:49",1901.6,2,llccqq624
956,16729227,Marjao,"2026-08-16 16:49:12",1900.6,2,muniburrehman2020
957,16656990,"NALLA SUMANG","2026-08-15 01:43:00",1899.7,2,sumangnalla
958,16672168,"Justin Rutkowski","2026-08-14 17:34:37",1899.6,2,justinrutkowski
959,16649314,"Yuka,Ota","2026-08-17 03:42:23",1899.6,2,yukaika
960,16640807,TS,"2026-08-15 23:10:07",1897.9,2,takumi0220
961,16705176,"Ruslan Raupov","2026-08-18 15:38:54",1897.5,2,ruslanraupoff
962,16634156,"Hiroyasu Okuno","2026-08-18 14:19:50",1895.4,2,hiroyasuokuno
963,16697223,"Azizii Gill","2026-08-18 15:51:17",1895.4,2,aziziigill
964,16714980,Chenaters,"2026-08-16 08:41:10",1894.1,2,chenaters
965,16732428,"Darren Amadeus Martin","2026-08-17 23:24:00",1893.8,1,darrenamadeusmartin
966,16623791,rakumo,"2026-08-16 23:45:18",1892.4,1,sirakumo
967,16657646,mountainbob,"2026-08-17 03:41:05",1892.0,2,shongpakmanoon
968,16723988,yuyinghuang,"2026-08-17 23:47:36",1890.7,2,yuyinghuang
969,16656011,"Jiashun Tan","2026-08-18 07:32:20",1890.3,2,jiashuntan
970,16661708,"Stanley Honkpehedji","2026-08-18 17:39:41",1890.0,2,stanleyhonkpehedji
971,16623806,黒田彩人,"2026-08-17 04:05:34",1888.7,2,ayato0705
972,16726559,william,"2026-08-18 03:55:42",1888.0,2,hiricodev
973,16709101,"Djaafar Lecheheb DL","2026-08-18 03:27:08",1887.2,2,djaafarlechehebdl
974,16664487,houlidai-jiekiulai,"2026-08-18 03:45:02",1885.8,2,houlidaijiekiulai
975,16682210,Boiled-Sweet-Potato,"2026-08-17 05:49:06",1884.4,2,boiledsweetpotato
976,16735238,DHKim0324,"2026-08-18 03:58:59",1883.7,2,dhkim0324
977,16732754,ikeuchy,"2026-08-17 14:09:17",1883.7,1,ikeuchy
978,16623749,Tejas,"2026-08-17 09:52:29",1883.6,2,tejuuss
979,16733547,"Mark Grayson","2026-08-17 18:53:21",1883.4,2,flyingsinclair
980,16691154,UnknownRobi,"2026-08-18 15:41:54",1883.2,2,canrobichaud
981,16730524,"siman & bowwowforeach","2026-08-18 16:27:28",1883.1,2,"bowwowforeach,simann"
982,16655704,heinado,"2026-08-18 14:57:45",1881.6,2,heinado
983,16726870,"Svanik Kolli","2026-08-16 00:11:14",1880.6,1,svanikkolli
984,16682892,"Alvaro Llamojha","2026-08-18 07:19:47",1879.9,2,alvarollamojha
985,16630315,janson,"2026-08-17 19:26:37",1878.5,2,johnjanson
986,16656340,InfiHeart,"2026-08-17 10:02:11",1878.5,1,infiheart
987,16718572,MLarpers,"2026-08-13 20:48:49",1878.3,1,"koteikachannel,mrhornetik"
988,16633790,curiosity,"2026-08-17 17:02:45",1878.3,2,chmffwn1
989,16705390,"Subramanya N","2026-08-16 18:18:17",1877.5,2,subramanya1997
990,16680931,"Rattan Singh","2026-08-16 04:23:37",1877.4,2,rattans
991,16715319,ocha_heaven,"2026-08-16 14:27:19",1877.0,1,ochaheaven
992,16720720,道海孤舟,"2026-08-18 12:30:26",1874.2,2,unseenanch
993,16688153,"Panchajanya Banerjee (Pancham)","2026-08-16 20:28:27",1874.2,2,delayedkarma
994,16630713,"Grzegorz Sionkowski","2026-08-16 16:31:57",1874.1,2,sionek
995,16668783,Zyy7390,"2026-08-17 21:14:50",1874.1,2,"tigerrrrrr,zyy7390"
996,16666578,STRAF,"2026-08-17 22:29:17",1873.8,2,nikosstraf
997,16734435,"Jai Kamal","2026-08-17 22:05:09",1873.6,1,jtheyogi
998,16656731,"Muhammad Ali","2026-08-14 06:47:06",1872.9,2,sardaralimaqsood
999,16622034,"Aryan Yadav","2026-08-15 18:49:17",1872.5,2,simplexcomplex
1000,16682514,"Pavel Pavlov","2026-08-18 06:58:14",1872.4,2,akakii
1001,16633709,"kitory Yeah やきとり","2026-08-15 22:30:08",1872.2,2,kitoryyeah
1002,16690020,shantaitichu,"2026-08-17 09:40:30",1871.9,2,shantaitichu
1003,16623643,LiXingtao,"2026-08-15 07:08:17",1871.5,2,lixingtao123
1004,16696999,"HD h Joratos","2026-08-18 15:23:19",1871.4,2,hdhjoratos
1005,16660601,"Rabbiya affan","2026-08-18 10:17:33",1871.0,2,rabbiyaaffan
1006,16730065,Blu3s,"2026-08-17 21:50:35",1870.5,1,atteincueo
1007,16693962,"Changyuan Chen","2026-08-17 14:18:21",1869.9,2,changyuanchenmit
1008,16624979,"Mohamed abdelrazik","2026-08-18 09:14:53",1869.6,2,mohamed3abdelrazik
1009,16719002,Astraeus,"2026-08-18 11:48:36",1869.0,2,astraeusdotdev
1010,16699610,"Sneha ","2026-08-17 01:00:34",1868.1,2,kharya3
1011,16714159,Lonnie,"2026-08-18 17:25:57",1868.1,2,lonnieqin
1012,16731074,UmutUygurr,"2026-08-17 06:04:36",1867.7,2,umuttuygurr
1013,16654710,"Ray Brothers","2026-08-16 09:27:33",1867.6,2,"madhurjyaray,vibekodr"
1014,16726915,"인공저능연구소( Artificial Idiocy Lab )","2026-08-17 23:48:58",1866.5,2,megayak
1015,16622420,RuiFSPinto,"2026-08-17 20:53:50",1866.5,2,ruifspinto
1016,16731194,"Neglected Turtle","2026-08-18 09:04:42",1864.0,2,pleaselike
1017,16736816,LLE,"2026-08-18 17:33:36",1863.0,2,rajaditya01
1018,16663929,"Erman Man","2026-08-18 03:47:58",1862.8,2,ermanman
1019,16696887,kt-Kitayama,"2026-08-17 04:47:16",1862.2,2,ktkitayama
1020,16656807,Yoganjaneyulu,"2026-08-13 09:20:17",1861.1,2,yoganjaneyulu
1021,16628951,"Hiro Nomo","2026-08-18 07:20:38",1861.1,2,morinokuma3
1022,16725242,chinchilla,"2026-08-17 03:51:13",1860.9,2,tgwstr
1023,16635969,"Omkar Kadam","2026-08-18 17:03:46",1859.6,2,"itzzomkar,khanayanayub,princypaonam"
1024,16693272,ush,"2026-08-16 12:44:31",1859.3,2,kusuha
1025,16656496,"Vaibhav Gupta","2026-08-18 08:47:03",1858.8,2,vaihero
1026,16663818,"Mike Mordetsky","2026-08-18 11:49:58",1858.5,2,mikemordetsky
1027,16657032,"Ayaan Ghosh","2026-08-18 15:19:00",1858.1,2,ayan9001
1028,16668788,ConnieCodes,"2026-08-17 13:40:25",1857.8,2,conniecodes
1029,16728460,oh-Artistburger-AHA-TastyMeat!,"2026-08-16 11:54:46",1856.4,1,akikukeo1
1030,16623708,"Chekhlov Dmitrii","2026-08-18 10:11:47",1855.7,2,zoli800
1031,16726512,shash,"2026-08-15 19:41:18",1855.5,1,zshashz
1032,16697249,"Sudharsana Rajasekaran","2026-08-13 06:25:58",1855.1,2,sudhan03
1033,16678061,"Sushanth Tiruvaipati","2026-08-18 07:57:06",1854.5,2,sushanthtiruvaipati
1034,16659295,snaykey,"2026-08-18 13:04:03",1853.8,2,snaykey
1035,16709744,"Emre Bayram","2026-08-14 09:04:57",1852.7,2,emrebayram
1036,16695608,"Elie Elias","2026-08-12 14:14:48",1848.2,2,elieelias
1037,16689741,shinamonmon,"2026-08-18 09:18:35",1847.2,2,shinamonmon
1038,16649108,"Steve AVOMO","2026-08-17 03:12:41",1846.9,2,aurelsteve77
1039,16662314,"Hanh Tran","2026-08-13 12:29:31",1846.4,1,honghanhhh
1040,16734450,"Ian Teigen","2026-08-18 00:04:38",1846.0,2,ianteigen
1041,16675807,cubreto,"2026-08-12 01:28:01",1845.5,2,cubreto
1042,16730881,hank0123,"2026-08-18 13:34:32",1844.8,2,hank0123
1043,16651052,lty,"2026-08-18 02:33:01",1844.5,2,linwei9
1044,16629292,"Syed Saad Hasan Emad","2026-08-17 06:14:38",1843.1,1,syedsaadhasanemad
1045,16663999,"Colton Martin","2026-08-18 14:23:42",1843.0,2,coltonmartinnn
1046,16654381,"Dmitry Belan","2026-08-18 09:54:20",1842.8,2,dimong4
1047,16666434,"JOSHNA ACSHA S 21CS","2026-08-18 10:46:34",1842.6,2,joshnaacshas21cs
1048,16659843,"Amer Alkhalili","2026-08-18 10:50:14",1840.7,2,ameralkhalili
1049,16733297,sohasoha42,"2026-08-18 17:50:51",1839.5,2,sohasoha42
1050,16732446,"Nuri DUDAK","2026-08-18 10:26:03",1839.3,2,nuridudak
1051,16712888,Vux,"2026-08-18 08:20:53",1839.0,2,weiyu85
1052,16655559,"Fajri Yanuar Shiddiq Juanda","2026-08-13 01:40:20",1837.6,2,fajriyanuar
1053,16701258,ln,"2026-08-18 18:35:40",1837.1,2,nazarov
1054,16634704,"Maham Haroon","2026-08-17 10:00:30",1836.2,2,mahamhc
1055,16723893,iring58,"2026-08-18 04:10:33",1834.2,2,iring58
1056,16735125,mtskggle,"2026-08-18 09:27:15",1834.1,2,matsusakaggle
1057,16698999,Odyssey,"2026-08-18 09:57:05",1833.9,2,a1spirit
1058,16663992,小陈同学,"2026-08-18 07:26:54",1833.1,1,czastu
1059,16639844,MaxChen303,"2026-08-13 02:25:24",1832.8,2,maxchen303
1060,16724779,"Gavin Cao","2026-08-16 09:00:53",1832.4,2,gavinxgcao
1061,16638177,stpete_ishii,"2026-08-17 10:50:06",1832.3,2,stpeteishii
1062,16655505,Debmalya,"2026-08-18 01:01:12",1830.7,2,debmalya84
1063,16655277,GUAM,"2026-08-18 00:04:28",1829.0,2,"jeongminlee92,kmmmvs"
1064,16674586,"Stanislav Ilin","2026-08-17 06:45:46",1828.1,2,stanislavilin2026ai
1065,16735235,Rorical,"2026-08-18 08:03:52",1823.6,1,hash548
1066,16728135,sukirman,"2026-08-17 12:24:20",1823.4,1,rakbidb
1067,16656394,"Pushkar K.G","2026-08-18 09:29:08",1823.0,2,dejokz
1068,16627796,tizawa3,"2026-08-18 04:09:08",1822.6,2,tizawa
1069,16723132,Bridgeport,"2026-08-18 16:24:13",1822.1,2,bridgeport
1070,16687594,"Andrew Markley","2026-08-13 01:19:04",1821.1,2,andrewmarkley1
1071,16677938,"Hajime Tamura","2026-08-18 16:06:35",1820.9,2,thajime
1072,16677855,Mehrdad_LU,"2026-08-18 18:42:15",1818.5,2,mehrdadal2023
1073,16668157,"vineet dairashri","2026-08-17 19:47:50",1818.0,2,vineetdairashri
1074,16719451,"Syed Toubur","2026-08-16 15:11:13",1817.8,2,syedtoubur
1075,16660711,ricardo,"2026-08-15 22:34:26",1816.6,2,magania
1076,16658081,ando,"2026-08-13 22:41:42",1815.3,2,andoshunsuke
1077,16641524,AkiraIshikawa,"2026-08-18 12:53:39",1812.3,2,akiraishikawa
1078,16689389,Chukunder,"2026-08-16 02:25:12",1810.0,2,"farbricated,sarikajivrajika"
1079,16673013,TTT,"2026-08-18 07:50:09",1809.4,2,tadahiroasami
1080,16623515,fishcat,"2026-08-18 15:21:20",1809.1,2,fishcat37
1081,16630689,yw8837,"2026-08-18 12:30:38",1807.8,2,yw8837
1082,16655520,"kaggle Osaka","2026-08-18 18:45:11",1806.3,2,toshiyukitanaka
1083,16621735,VN-Orion,"2026-08-12 13:40:41",1804.8,2,fastthanh78
1084,16662681,"Vernon Campbell","2026-08-12 23:18:18",1804.5,2,vernoncampbell
1085,16716468,"Sakhawat Hossen","2026-08-15 03:28:07",1801.5,2,sakhawathossen
1086,16635744,XDang13,"2026-08-15 18:38:01",1800.7,2,xdang13
1087,16734715,史永刚,"2026-08-18 01:25:43",1798.0,2,shizehao
1088,16699722,Dicere,"2026-08-13 08:00:17",1797.3,2,thedark735
1089,16655952,"Tianfu Wang (王天夫)","2026-08-12 15:08:12",1797.2,2,wangtf96
1090,16624276,"Stardew Valley 👨‍🌾👩‍🌾","2026-08-17 02:50:39",1794.3,1,zejunfool
1091,16633414,"sagar tripathy","2026-08-13 15:57:56",1793.6,2,sagar8trip
1092,16664761,"Udit Jain #2","2026-08-18 06:56:15",1792.3,2,iamudit
1093,16712432,hengck23,"2026-08-18 04:35:19",1792.3,2,hengck23
1094,16700116,Goldian,"2026-08-14 10:19:57",1792.2,2,goldian
1095,16634952,"Igor Zharov","2026-08-18 16:26:22",1790.6,2,flexonafft
1096,16703099,GansPiro,"2026-08-13 18:34:26",1789.3,2,ganspiro
1097,16693439,"Ankit Hemant Lade","2026-08-18 11:27:35",1788.5,2,"ankitlade12,jsaikrishna"
1098,16668761,"Lorenzo Regalado","2026-08-16 12:27:56",1785.5,2,lregaladohdez
1099,16654196,"Aryaman Chokhani","2026-08-17 13:01:30",1785.1,2,"aryamanchokhani,pranrocky"
1100,16644565,Suda,"2026-08-16 11:52:46",1784.0,2,chaneyma
1101,16689952,"Lazarus Ogero","2026-08-11 16:44:08",1783.5,2,lazarusogero
1102,16682936,"Latifa Riziki","2026-08-12 09:38:13",1781.8,2,latifariziki
1103,16659314,Sandeep063,"2026-08-14 05:47:57",1781.4,2,sandeep063
1104,16665337,BHackers,"2026-08-11 17:01:13",1781.3,2,clarencepagaduan
1105,16640785,"syouya tobita","2026-08-12 06:20:45",1779.2,2,syouyatobita
1106,16672374,"kelly waldeck","2026-08-11 21:07:30",1779.1,2,kellywaldeck
1107,16739019,quzhihang,"2026-08-18 16:33:21",1778.6,1,quzhihang
1108,16630963,"Zhenyu Zhang","2026-08-13 15:33:36",1778.2,2,horizen12
1109,16679004,"Kevin Zhao","2026-08-15 08:25:27",1773.6,2,kevinzhao666
1110,16656316,"Richard Tang","2026-08-11 01:09:34",1771.4,2,richardgtang
1111,16738193,haideptry,"2026-08-18 13:12:41",1770.7,1,haideptry
1112,16666188,"XueFeng Chen","2026-08-13 04:32:53",1768.2,2,chxfmcs
1113,16661983,"Victor's Team","2026-08-12 12:05:19",1767.6,2,"dlordsjustified,jezrealmomoh,joludare,victorokpe"
1114,16692090,sans,"2026-08-12 03:14:55",1767.2,2,sans6262q
1115,16706207,Wonderwall,"2026-08-13 07:42:27",1765.2,2,yuxiang328
1116,16679767,Salut!,"2026-08-12 21:56:55",1764.9,2,denismekhanikov
1117,16711910,"Artem Zapara","2026-08-18 16:48:51",1764.8,2,artemzapara
1118,16692103,HaniJezo,"2026-08-11 20:32:40",1764.6,1,hanijezo
1119,16670569,Ezzzzzekki,"2026-08-13 07:01:40",1763.8,2,abdullahelzeki
1120,16678638,Loshtradz,"2026-08-16 15:27:31",1763.6,2,loshtradz
1121,16644480,"Umut Keltek","2026-08-11 02:57:59",1763.3,2,umutkeltek
1122,16683441,Eura73,"2026-08-15 04:02:29",1761.8,2,eura73
1123,16675486,"SALAH ELDIN ELNABARAWY","2026-08-18 18:12:14",1760.7,2,salaheldinelnabarawy
1124,16657857,hust_xll,"2026-08-12 05:38:12",1760.3,2,hustxll
1125,16679371,ΛYMΞNRH,"2026-08-11 06:43:55",1759.5,2,aymnrh
1126,16663969,"Aarush Kute","2026-08-18 04:04:01",1759.3,2,aarushkute
1127,16653068,"Shuichi Fushimi","2026-08-11 10:55:05",1757.9,2,shuichifushimi
1128,16681749,"rohith vinice","2026-08-11 23:55:16",1757.6,2,rohithvinice
1129,16695501,brocade,"2026-08-15 00:01:12",1756.9,2,brocade
1130,16654042,B.Pushpanjali,"2026-08-11 06:28:45",1756.9,2,"bpushpanjali,vinithwade"
1131,16679812,"Xiang Li","2026-08-11 14:23:41",1756.4,2,xianglipee
1132,16627799,"navazsh fathi","2026-08-16 17:49:52",1754.2,2,navazshfathi
1133,16623736,Garigariyong,"2026-08-13 05:22:14",1753.4,2,garigariyong
1134,16693058,"Yuvraj singh","2026-08-13 14:03:24",1752.0,2,yuvrajsingh789
1135,16697675,"Isaac Grossman","2026-08-18 04:13:12",1751.7,2,kingisaac
1136,16658983,"Titi Huang","2026-08-18 01:04:30",1751.2,2,titihuang
1137,16700204,"ZHOU HONGYI","2026-08-14 16:18:22",1751.1,2,zhouhyz
1138,16656312,"retiring to farm","2026-08-18 03:13:41",1750.9,2,"avnermlim,belati,hilariusjeremy,nicholasarditirta"
1139,16700314,Giallar,"2026-08-14 16:45:53",1750.7,2,andreykrotkikh
1140,16658150,Gravity-x73d,"2026-08-17 09:16:29",1750.1,2,gravityx73d
1141,16695176,"Zakaria Settar","2026-08-16 21:52:31",1750.0,2,zakariasettar
1142,16623988,"Charismatic Pizza Party🍕","2026-08-17 16:07:02",1749.6,2,debugendless
1143,16658014,Bharath,"2026-08-18 17:49:23",1749.1,2,pes2ug23cs121
1144,16661665,"Leonardo Viola10","2026-08-12 09:02:25",1749.0,2,leonardoviola10
1145,16667729,"Daniel Wu","2026-08-15 14:35:27",1748.5,2,danielwuu
1146,16710672,"Yasemin Koç","2026-08-14 05:52:52",1748.2,2,yaseminmkoc
1147,16675161,iVl44d,"2026-08-17 06:54:22",1748.0,2,ivl44d
1148,16682318,Bibek,"2026-08-11 12:08:35",1746.6,2,bibek777
1149,16644229,"Amy Yuan","2026-08-18 14:36:53",1746.3,2,cozytato
1150,16665809,"Saravanan Jaichandaran","2026-08-17 05:17:01",1746.1,2,saranchandar
1151,16654373,thwaitsusa2,"2026-08-16 16:19:58",1745.9,2,thwaitsusa2
1152,16639746,"Kyle Wang","2026-08-14 12:22:40",1745.6,2,ky1ewan9
1153,16666296,A.P.R.I.L,"2026-08-14 16:29:25",1745.5,2,puneeth333
1154,16702820,"Plorek ","2026-08-18 06:59:15",1745.2,2,plorek
1155,16656519,"Chris Laska","2026-08-14 01:53:23",1743.7,2,chrislaska
1156,16692110,"Ahmed Khudair","2026-08-11 22:33:06",1743.6,1,ahmedkhudair121
1157,16730323,fufufukakaka,"2026-08-17 09:17:07",1743.4,2,fufufukakaka
1158,16622198,"THUNDER THUNDER","2026-08-12 09:38:35",1742.4,2,thunderthunder
1159,16688436,Zuu3scode,"2026-08-12 15:19:16",1741.1,2,zuu3scode
1160,16654403,"Skibidi Six Seven","2026-08-10 20:48:14",1740.1,2,iam4722202468
1161,16627995,"Fire Bird","2026-08-11 20:36:45",1739.7,2,xuanleekaggle
1162,16660333,"Deanos Crew","2026-08-11 13:10:19",1739.6,2,jamescole0101
1163,16726071,"PDF ULTRA","2026-08-18 16:36:46",1737.3,2,"alengevorgyan,gab0yan"
1164,16692164,Abdulrahman.su10,"2026-08-11 20:35:39",1737.1,1,abdulrahmansu10
1165,16640540,QYQ1693,"2026-08-18 18:09:16",1736.9,2,qyq1693
1166,16731834,MakerFly,"2026-08-18 01:05:57",1736.7,1,makerfly
1167,16699082,Sakthei,"2026-08-18 12:51:59",1736.5,2,sakthei
1168,16666365,yiyu0716,"2026-08-16 08:03:38",1735.6,2,yiyu0716
1169,16633340,"Tim Zagrebelny","2026-08-14 16:04:54",1735.3,2,timzagrebelny
1170,16709069,"James Mcquay","2026-08-14 18:05:40",1735.0,2,jamesmcquay
1171,16696098,Valmorlee,"2026-08-11 20:34:50",1734.7,2,valmorlee
1172,16697021,Vaishnavi22052006,"2026-08-11 18:43:08",1734.1,2,vaishnavi22052006
1173,16670118,"Álvaro Benítez","2026-08-14 23:38:40",1734.0,2,lvarobentezlvarez
1174,16671694,evananann,"2026-08-17 06:49:42",1733.9,2,evananann
1175,16707584,sadatch,"2026-08-13 05:18:28",1733.9,2,sadatch
1176,16669256,Shivam_2212,"2026-08-11 09:59:19",1732.7,2,shivam2212
1177,16698942,"PRADHAN RS","2026-08-13 18:06:58",1731.8,2,pradhanrs
1178,16664609,Re2lawd,"2026-08-13 02:05:56",1730.5,2,re2lawd
1179,16681620,wanwanuil,"2026-08-13 12:43:19",1730.4,2,wanwanuil
1180,16695137,"Samantha Nicole Bracamonte","2026-08-12 00:35:56",1728.9,2,snrbracamonte
1181,16693431,Jonewang,"2026-08-16 07:04:12",1727.8,2,jone520
1182,16661570,"sissoko cheick","2026-08-17 17:13:32",1725.3,2,sissokocheick
1183,16657290,lol-hiker,"2026-08-18 06:40:52",1724.8,2,lolhiker
1184,16700630,apoyusiken,"2026-08-12 06:10:52",1724.4,2,umutarpay
1185,16731186,Naru041104,"2026-08-18 07:17:06",1724.2,2,naru041104
1186,16708573,Benser,"2026-08-15 14:41:24",1723.1,2,benser
1187,16705659,"srijan k.r keshri","2026-08-18 04:12:35",1722.2,2,srijankrkeshri
1188,16695964,"JiMing Feng","2026-08-17 10:56:45",1722.1,2,jimingfeng
1189,16632675,"Baran Kucuk","2026-08-11 15:09:58",1721.4,2,barankucuk
1190,16669778,UknesIruka,"2026-08-11 11:13:46",1721.3,2,uknesiruka
1191,16627400,"Krasnov Daniil","2026-08-11 06:04:48",1720.7,2,daniilkrasnovvv
1192,16684163,MohamedFD,"2026-08-13 12:32:47",1720.0,2,mohamedfd
1193,16691591,"Dheeraj Kumar #3","2026-08-12 04:05:32",1719.9,2,kdheeraz
1194,16701573,"Haggai Musoda","2026-08-17 20:04:00",1719.1,2,haggismusoda
1195,16661772,R3ddrag0n,"2026-08-17 17:24:52",1718.5,2,r3ddrag0n
1196,16683193,Paami,"2026-08-18 02:18:13",1716.6,2,coldpaami
1197,16693159,"Zonglin Han","2026-08-13 17:10:08",1716.2,2,zonglinhan
1198,16640058,"Justin CH123","2026-08-11 09:15:28",1715.2,2,justinch123
1199,16707562,boluosnow,"2026-08-16 04:22:54",1714.8,2,boluosnow
1200,16702774,FilipJ,"2026-08-16 18:34:05",1714.5,2,filipjarmua
1201,16640077,larry54321zhao,"2026-08-18 18:17:58",1714.3,2,larry54321zhao
1202,16692457,t2better,"2026-08-12 11:56:41",1714.0,2,t2better
1203,16636004,"Ragunath Ravi","2026-08-11 10:59:07",1712.1,2,ragunathravi
1204,16709126,"Jamie Nojek","2026-08-18 00:08:44",1711.9,2,jamienojek
1205,16662846,"Kerem Ercin","2026-08-13 07:58:44",1711.3,2,keremercin
1206,16666733,"Alberto MV","2026-08-10 23:06:33",1709.3,2,albertomv
1207,16651331,"Mohamed Saeed","2026-08-11 18:58:08",1709.2,2,m0sm71
1208,16707993,"Sangita Bannore","2026-08-11 14:33:47",1708.3,1,sangitabannore
1209,16635280,"Narendra Sirvi","2026-08-12 06:43:07",1707.2,2,narendras78
1210,16662492,"Lester Leong","2026-08-11 02:13:33",1706.3,2,lesterleong
1211,16644378,"hicham bedrani","2026-08-17 22:38:43",1705.4,2,hichambedrani
1212,16693886,spellstriker,"2026-08-12 22:03:20",1704.8,2,spellstriker
1213,16655826,KKY,"2026-08-11 20:29:38",1704.8,2,evilpsycho42
1214,16691012,"Sanzhar Almasuly","2026-08-17 07:52:31",1703.8,2,sanzharalmasuly
1215,16738895,SangGold,"2026-08-18 15:48:23",1703.3,1,sanggold
1216,16663919,hnhyhj,"2026-08-13 04:05:56",1701.7,2,hnhyhj
1217,16669494,"Abdullah Razi","2026-08-17 20:50:44",1700.0,2,abdullahroninrazi
1218,16678346,"Farhan Abid","2026-08-16 08:41:15",1700.0,2,farhanabidtech786
1219,16705370,TS2333,"2026-08-11 03:40:40",1698.6,2,ts2333
1220,16707057,tamo,"2026-08-11 10:26:55",1698.4,2,ryotakasuya
1221,16695376,Garv88,"2026-08-13 12:19:20",1698.3,2,garv88
1222,16659692,"Hùng Nguyễn Huy (Hiirooo)","2026-08-11 03:47:45",1698.3,2,hngnguynhuy
1223,16722849,"Dhruv Bansal","2026-08-18 06:38:00",1697.5,1,dhruvb2028
1224,16659670,MeeMee,"2026-08-11 23:35:49",1697.1,2,yagi46
1225,16684402,vn1111,"2026-08-16 16:32:26",1696.6,2,vn1111
1226,16688808,"Niranjan Nakkala","2026-08-11 12:26:14",1695.4,1,niranjanmudhiraj
1227,16688217,"Vigneshwaran S","2026-08-11 11:06:52",1695.3,2,vigneshsankar1962
1228,16722112,nyori,"2026-08-18 10:35:38",1695.1,2,nyoriworks
1229,16660678,"Chaitanya Sonaje","2026-08-11 13:30:49",1694.9,2,chaitanya205
1230,16692490,"Enes Coşkun","2026-08-11 05:37:38",1694.8,2,enscskn
1231,16696769,"maximo lorenzo y losada","2026-08-12 13:07:35",1694.7,2,maximolorenzoylosada
1232,16705584,"Adil Munawar","2026-08-12 11:28:03",1694.7,2,adilmunawar
1233,16660371,"José Luis Gómezz","2026-08-13 01:37:42",1694.5,2,josluisgmezz
1234,16650485,nasu726,"2026-08-13 13:51:20",1693.3,2,nasu726
1235,16708333,"Phạm Vương","2026-08-11 16:17:10",1692.5,2,vuongphamqq
1236,16623466,len8487,"2026-08-14 01:18:00",1691.5,2,len8487
1237,16658931,"somewhere after","2026-08-16 03:25:26",1691.0,2,amaterasuuuuu
1238,16697898,"Yin Li","2026-08-13 01:02:33",1691.0,2,kevin250304
1239,16623974,Canon,"2026-08-16 01:30:26",1690.2,1,sotakurihara1
1240,16681848,Haraguchi-T,"2026-08-11 06:06:10",1690.0,2,haraguchit
1241,16660331,A.K.NITHIN,"2026-08-12 12:07:32",1689.7,2,aknithin
1242,16706283,haogood666,"2026-08-11 08:25:40",1688.0,1,haogood666
1243,16638781,itsuki-data,"2026-08-15 06:11:31",1687.2,2,itsuki89
1244,16651695,"Koushik Rudra","2026-08-18 14:20:52",1686.1,2,koushikrudra
1245,16623381,cocoaAI,"2026-08-18 07:12:50",1684.8,2,cocoaai
1246,16687724,Yijue1,"2026-08-11 02:15:05",1684.8,2,yijue1
1247,16643453,Haumea,"2026-08-18 06:01:42",1684.2,2,chaitanyagullapalli
1248,16668748,"Harrison Interactive","2026-08-14 19:55:21",1684.0,2,nosiru
1249,16671088,jasonstillchasin,"2026-08-18 08:36:44",1682.4,2,jasonstillchasin
1250,16727171,zxysbsq,"2026-08-18 17:33:29",1681.5,1,qwidndbdjss
1251,16660137,Densike,"2026-08-18 07:12:18",1681.3,2,densike
1252,16658278,"Malcolm Durosaye","2026-08-18 16:18:55",1680.7,2,malcolm95
1253,16652710,Ryutogrrr,"2026-08-11 02:41:54",1679.2,2,ryutogrrr
1254,16709473,"Selahattin Günter","2026-08-12 20:40:45",1678.4,2,selahattingnter
1255,16677723,"Trip Meiners","2026-08-11 19:26:55",1677.9,2,tripmeiners
1256,16695242,"Utkarsh Prakash Srivastava","2026-08-11 07:54:58",1677.9,2,utkarshps
1257,16729280,"Ryoya Tsuruoka","2026-08-18 17:43:01",1677.5,2,"irohasorange,mrooto,rahaia"
1258,16690065,JiangWenfeng1,"2026-08-12 01:25:29",1677.4,2,jiangwenfeng1
1259,16654109,"Mohamed Amine Aichaoui","2026-08-11 15:08:52",1676.6,2,mohamedamineaichaoui
1260,16706227,"Wise Fancy","2026-08-11 09:54:29",1675.5,2,wisefancy
1261,16691506,Dipak_ISM,"2026-08-12 07:42:55",1674.7,2,dipakism
1262,16672448,"Crisis Liu","2026-08-11 23:49:49",1674.7,2,crisisliu
1263,16682303,"Kapadiya Nirav Kumar","2026-08-18 06:24:30",1674.0,2,kapadiyaniravkumar
1264,16676356,"Wander waal","2026-08-11 02:48:56",1673.5,2,wanderwaal
1265,16700771,"Disuru Coba Ama Jaki","2026-08-12 21:48:27",1673.2,2,reiiihel
1266,16706315,"Desert Fox88","2026-08-11 12:02:03",1672.0,2,desertfox88
1267,16689183,Hawksartelier,"2026-08-18 18:09:48",1672.0,2,satyapb2002
1268,16677217,Panos,"2026-08-10 19:56:22",1671.6,2,panosc
1269,16713797,CrazyDave111,"2026-08-18 05:36:14",1671.3,2,crazydave111
1270,16729273,"Munib Ur Rehman Memon","2026-08-17 22:03:42",1671.2,2,muniburrehmanmemon
1271,16632579,ZZfancy,"2026-08-11 12:04:42",1669.7,2,zzfancy
1272,16674948,habe.sq,"2026-08-14 05:25:58",1669.7,2,habesq
1273,16697877,"Sky kun","2026-08-16 21:19:08",1669.3,2,skykun
1274,16660037,shehai.lrs,"2026-08-11 13:37:32",1668.1,2,shehailrs
1275,16656181,Vishwa,"2026-08-11 05:46:58",1667.9,2,rv1922
1276,16622422,ss,"2026-08-10 06:40:31",1666.9,2,forest2026
1277,16667233,EdGy2k,"2026-08-10 10:41:12",1666.6,2,edgy2k
1278,16664477,"The T-MAN","2026-08-12 00:08:15",1665.4,2,otmaneelmahda
1279,16658665,ChandramouliNagasundaram,"2026-08-18 18:03:49",1664.5,2,mouliindian
1280,16632327,midnq,"2026-08-11 20:44:47",1664.4,2,midnqly
1281,16687824,"André Dkw","2026-08-10 17:17:25",1663.0,2,andrdkw
1282,16635067,"Berat Egemen Gök","2026-08-18 07:52:48",1662.6,2,berategemengk
1283,16736838,アナコンダ,"2026-08-18 09:20:20",1661.1,1,"ei1333,unosss"
1284,16697142,Kujaomega,"2026-08-10 22:13:02",1660.9,1,kujaomega
1285,16639731,williamrawling,"2026-08-18 01:27:43",1660.5,2,williamrawling
1286,16689770,"Abdillah Sagif","2026-08-11 10:11:23",1659.8,2,abdillahsagif
1287,16688136,"Armanzhan Ayan","2026-08-11 16:49:36",1658.6,2,armanzhanayan
1288,16688450,SpiralTip,"2026-08-18 12:36:17",1657.8,2,spiraltip
1289,16640869,taijunhao,"2026-08-12 10:26:30",1656.9,2,taijunhao
1290,16701466,"HELIOS reasonning","2026-08-11 22:38:55",1656.7,2,heliosreasonning
1291,16705441,CooperJiang,"2026-08-13 06:57:44",1656.6,2,gingersna
1292,16659395,HyperX,"2026-08-13 14:28:08",1655.8,2,"diversedharun,harishinkaggle"
1293,16704622,ray,"2026-08-11 16:30:13",1655.8,2,rayenezanned
1294,16691867,huyang111,"2026-08-10 16:23:44",1653.9,2,huyang111
1295,16672456,hangglider5,"2026-08-10 15:00:33",1653.3,2,hangglider5
1296,16676278,"Om Sangwan","2026-08-12 03:06:59",1652.5,2,omsangwan
1297,16683199,"Filippo Gombac","2026-08-11 10:04:26",1652.4,2,filippogombac
1298,16702482,"Carlos Navarro","2026-08-14 05:26:26",1652.1,2,navarr0
1299,16632612,Farmville,"2026-08-12 14:21:24",1650.5,2,rafaelfigueiredo13
1300,16644891,yankang_XZK,"2026-08-12 05:20:35",1650.2,2,yankang233
1301,16701074,Yan,"2026-08-10 21:29:25",1650.0,1,qujiahui
1302,16667052,"Dandan Li","2026-08-15 18:07:17",1649.3,2,clcll532x
1303,16697139,Stocks152,"2026-08-12 07:08:29",1648.1,2,stocks152
1304,16657091,raw2clean,"2026-08-12 08:12:12",1648.0,2,raw2clean
1305,16709300,炫酷的小克里斯,"2026-08-16 14:37:34",1646.7,2,tinfufans
1306,16698134,Hossein,"2026-08-12 02:56:17",1646.1,2,tomi85
1307,16638804,"Anhad Mahajan","2026-08-10 14:22:28",1645.3,2,anhadmahajan06
1308,16662176,"jorge fabian avila","2026-08-10 18:51:13",1645.2,2,jorgefabianavila
1309,16656382,Aevion-Labs,"2026-08-10 14:44:32",1644.7,2,aevionlabs
1310,16631777,KiKi,"2026-08-14 15:24:54",1643.6,2,kingkiller2164
1311,16652212,"Варим сельский самогон","2026-08-10 16:23:21",1643.3,2,asimandia
1312,16634149,"Hozuma ITOBAYASHI","2026-08-15 05:34:14",1642.3,2,hozumaitobayashi
1313,16681007,AkiraOnojp,"2026-08-18 10:49:36",1642.3,2,akiraonojp
1314,16696608,beanbamboozled,"2026-08-10 10:45:19",1641.9,2,beanbamboozled
1315,16662833,"umair zia","2026-08-13 17:46:54",1641.8,2,aimerscoding
1316,16660594,XIAODOUZI,"2026-08-17 12:06:50",1640.8,2,xiaodouzi666
1317,16680172,TTANE,"2026-08-16 01:15:30",1639.1,2,otmaneelmahdaouy
1318,16679245,"Krzysztof Gonia","2026-08-10 22:52:47",1637.8,2,krzysztofgonia
1319,16732210,tanadai,"2026-08-17 11:12:51",1637.2,1,da0516
1320,16725642,"Arav Sharma","2026-08-17 03:51:14",1636.7,2,aravsharma26
1321,16656691,"Sahaj Deep Singh","2026-08-12 01:39:36",1635.2,2,sahajdeepsingh9877
1322,16701221,"Othman Istaiteh","2026-08-10 13:25:38",1634.2,2,istatieh
1323,16725680,henri66,"2026-08-15 21:09:47",1634.1,2,henri665
1324,16659618,"Jeevan Jolly","2026-08-13 13:51:52",1633.1,2,jeevanjolly
1325,16658185,"Juwon Kweon","2026-08-18 08:21:39",1632.3,2,juwonkwon
1326,16657429,"xiao cat q","2026-08-12 01:41:13",1632.2,2,xiaocatq
1327,16623577,"Jiayi Tang","2026-08-18 05:36:13",1631.7,2,mannguo
1328,16671425,"Gajenddra Raj","2026-08-13 23:03:46",1631.4,2,gajenddra
1329,16676043,"Tejash Rai","2026-08-14 07:16:01",1631.1,2,tejashrai
1330,16633886,mudesteven,"2026-08-16 02:54:25",1630.4,2,fastlight2007
1331,16632231,"Samrish B","2026-08-10 14:25:50",1630.3,2,samrishb
1332,16635973,"Code by Nadiia","2026-08-18 15:20:48",1629.8,2,codebynadiia
1333,16698340,"Yanxi Jiang","2026-08-10 03:06:32",1626.2,2,yanxijiang
1334,16711204,"harden james","2026-08-12 08:00:14",1625.9,1,ffusername
1335,16668737,"Abish Pius","2026-08-18 18:01:35",1625.9,2,abishpius
1336,16712651,riicon,"2026-08-18 14:15:01",1625.3,2,risakashiwabara
1337,16659942,"Abdoulaye DIAW","2026-08-12 11:40:05",1625.2,2,abdoulayediaw25
1338,16704027,"Alan Cai","2026-08-10 22:36:40",1625.2,1,alancai27
1339,16652849,Hejunhui,"2026-08-16 14:15:29",1624.4,2,website98
1340,16689366,"Cuong Le","2026-08-14 08:16:33",1623.8,2,ad1999
1341,16727090,"Deep Blue Pasture","2026-08-17 02:28:34",1622.4,2,shamanah
1342,16719090,CHSTO,"2026-08-16 23:43:52",1621.7,1,haotianqi
1343,16673097,"Sonu Kushwaha","2026-08-14 06:24:28",1620.5,2,sonukushwaha124
1344,16691275,"Muhiminul Islam   Mahim","2026-08-12 10:04:35",1619.2,2,muhiminulislammahim
1345,16688265,"Kyle #2","2026-08-11 01:51:35",1618.4,2,georgeturbo
1346,16624088,Pomiro,"2026-08-11 04:41:24",1618.2,2,pomiro
1347,16657637,"Ronnie Atuhaire","2026-08-18 09:36:42",1616.7,2,ronnieatuhaire
1348,16736120,"Ricky #2","2026-08-18 10:53:44",1615.9,2,rickyds97
1349,16666410,"Binil George","2026-08-12 10:40:43",1615.0,2,binilg
1350,16694186,souju00,"2026-08-18 11:12:25",1615.0,2,souju00
1351,16675582,DavidX,"2026-08-11 06:05:18",1614.8,2,davidasx
1352,16663759,🔥🦫📿🗽,"2026-08-13 18:15:54",1613.6,2,datafad
1353,16658109,edward1503,"2026-08-17 04:22:50",1613.3,2,nguynnc
1354,16674919,yukiZ,"2026-08-12 12:10:09",1612.9,2,hideyukizushi
1355,16664217,Shushantw,"2026-08-18 02:20:50",1612.8,2,shushantw
1356,16684075,"Tianfang Li","2026-08-13 14:20:13",1612.1,2,tianfangli1
1357,16651792,LX,"2026-08-12 14:48:53",1610.5,2,sunnylx
1358,16727147,"Alan Smith","2026-08-16 17:53:33",1609.3,1,acorncupcake
1359,16677337,"xi luo","2026-08-18 12:08:27",1608.3,2,xiluo00
1360,16660395,ljx59141421,"2026-08-12 01:27:08",1607.6,2,ljx59141421
1361,16655519,CurveCowboy,"2026-08-14 21:01:17",1607.3,2,curvecowboy
1362,16735353,我是刘大聪,"2026-08-18 04:36:03",1607.1,1,smartorz
1363,16640552,"rupsa roy","2026-08-10 05:56:00",1606.4,1,rupsarroy
1364,16655715,Chin,"2026-08-12 06:20:32",1605.7,2,qinyukun
1365,16661093,"INDRAJIT SWAIN","2026-08-15 13:23:37",1603.0,2,indrajitswain
1366,16653153,Gbining,"2026-08-09 12:21:06",1602.0,2,gbining
1367,16729488,"Bala vighnesh Reddy","2026-08-18 13:01:08",1600.7,2,balavighneshreddy
1368,16709504,U023,"2026-08-11 22:04:04",1599.7,1,ryutek
1369,16623630,noobanot,"2026-08-12 11:18:41",1599.5,1,noobanot
1370,16652741,"Sergi Bas","2026-08-12 16:05:13",1599.1,2,sergibas
1371,16728955,"Chris Murphy","2026-08-18 00:02:10",1599.1,2,mur418
1372,16705192,"John Ogah","2026-08-16 03:54:21",1598.8,2,johnogah
1373,16676154,"Tuan Tran","2026-08-10 16:29:40",1597.4,2,thtuan
1374,16684012,ceh,"2026-08-16 04:58:18",1597.2,2,emilhessman
1375,16664481,"Siddhu Jaykay","2026-08-12 14:02:29",1593.9,2,siddhujaykay
1376,16655693,DePie,"2026-08-10 08:01:37",1592.8,2,phucthaiv02
1377,16632021,istinetz,"2026-08-17 21:34:48",1590.5,2,istinetz
1378,16719563,"GPT-5.6 Sol🏆","2026-08-18 12:48:50",1590.5,2,"ctfxiao,gaoruihua,otherworldly777,wennaliu2007,xgentle"
1379,16655477,"Nitesh Ranjan Singh","2026-08-18 18:17:49",1588.1,2,niteshranjansingh
1380,16706185,"Bab Kek","2026-08-16 21:30:16",1587.8,2,babkek
1381,16669089,YujieXing10,"2026-08-17 13:20:29",1585.9,2,yujiexing10
1382,16725177,misaka12435,"2026-08-18 15:37:40",1583.7,2,misaka12435
1383,16677107,gagacrow,"2026-08-11 05:42:18",1583.3,2,gagacrow
1384,16705830,"Grim Reaper","2026-08-18 16:58:01",1583.2,2,fathomable
1385,16668630,Keito,"2026-08-18 17:43:18",1582.2,2,keitookamoto
1386,16668334,Suavemango,"2026-08-12 05:18:03",1581.1,2,suavemango
1387,16736969,"york li13","2026-08-18 09:49:49",1580.6,1,yorkli13
1388,16624625,"Harsha Vardhan","2026-08-10 07:33:35",1579.7,2,harshacode101
1389,16679519,"Петьо Лазаров","2026-08-10 22:30:35",1576.0,2,pesosz
1390,16651939,"Yogesh Jadhav","2026-08-18 05:23:14",1573.8,2,dynamo14324
1391,16672075,"Kameron Green","2026-08-11 05:49:32",1573.5,2,hgenix20
1392,16675960,"Audric LOKO","2026-08-13 12:21:10",1573.3,2,audricloko
1393,16671837,"Ronald K Wilson ","2026-08-18 08:34:28",1573.1,2,ronaldkwilson
1394,16672040,"Tom Yim","2026-08-12 05:12:30",1572.9,2,tomyim
1395,16654122,"Peter Thompson","2026-08-10 17:59:36",1571.9,2,mightytreefolk
1396,16667124,"Chaotic Era","2026-08-12 01:26:13",1569.1,2,sani84
1397,16695903,cerensukaramese,"2026-08-14 09:18:05",1568.1,2,cerensukaramese
1398,16713031,"Nahid Hossain Redom","2026-08-13 15:38:30",1566.1,2,nahidhossainredom
1399,16665294,"Thái Văn Tài","2026-08-16 09:18:06",1565.9,2,thivnti
1400,16654585,"David Pedersen","2026-08-18 13:03:58",1565.8,2,semalytics
1401,16672579,"Udbhaw Anand","2026-08-10 10:50:43",1564.4,2,udbhawanand
1402,16665654,"Anurag H H","2026-08-18 14:27:37",1564.1,2,anur4ghh
1403,16643233,"Marco DG","2026-08-11 06:20:14",1563.3,2,marcodg
1404,16710469,Qimra1729,"2026-08-13 00:09:57",1562.1,1,qimra1729
1405,16655323,roma,"2026-08-09 19:49:51",1557.9,2,mnroma
1406,16635195,my,"2026-08-18 06:01:08",1556.3,2,ryyymy
1407,16678462,"Eric Han Wang","2026-08-18 11:43:30",1553.6,2,ericwang03
1408,16677565,"Avish Sinha","2026-08-11 19:39:26",1553.5,2,avish006
1409,16694065,zhangwei02,"2026-08-13 12:41:33",1553.3,2,zhangwei02
1410,16633793,adakoda,"2026-08-12 01:49:13",1553.0,2,adakoda
1411,16682753,"Cam-Luan Truong","2026-08-12 06:42:29",1548.8,2,luantruong
1412,16693374,"Henfry De Los Santos","2026-08-12 11:43:51",1548.8,2,henfrydelossantos
1413,16662318,"Bardia Bahadori","2026-08-18 18:21:09",1548.0,2,bardiabahadori
1414,16682867,sneaky6767,"2026-08-18 08:37:13",1547.5,2,sneaky6767
1415,16680646,Naym0425,"2026-08-14 04:20:36",1544.8,2,naym0425
1416,16656810,IskanderAkhmetov,"2026-08-11 07:43:50",1544.1,2,iskander2017
1417,16639236,"Dhavan Shah","2026-08-12 18:20:38",1542.8,2,dhavanshah99
1418,16659123,sd,"2026-08-18 17:46:56",1542.6,2,siddharthadevkota
1419,16709519,"p pxl16","2026-08-12 05:54:42",1542.2,2,ppxl16
1420,16722500,"Mike Murunov","2026-08-16 15:18:17",1541.7,2,mikhailmurunov
1421,16668370,"Matthew Labrador","2026-08-10 13:24:21",1539.9,2,m4tyuuu
1422,16669269,"yash bhaskar","2026-08-18 15:21:39",1539.6,2,yash9439
1423,16694744,XiaoZhiren,"2026-08-10 13:03:56",1535.8,2,"ruikangan,xiaozhiren"
1424,16675655,TrebolNoir_,"2026-08-17 12:45:30",1535.4,2,trebolnoir
1425,16733748,"Ashutosh Agarwal","2026-08-18 14:29:03",1534.0,2,ashutoshagarwal088
1426,16699784,nianyu,"2026-08-10 09:46:32",1533.0,2,nianyuc
1427,16694346,ywwywww,"2026-08-10 03:34:01",1532.2,2,ywywww
1428,16668758,"Aman Vishwakarma","2026-08-09 17:33:00",1531.9,2,amanvishwakarma01
1429,16661558,안녕하세요이세입니다잘부탁드립니다,"2026-08-18 16:38:36",1529.7,2,municef1
1430,16666632,to1_10i,"2026-08-14 13:04:25",1528.2,2,to110i
1431,16730810,mgoto51004,"2026-08-18 13:32:31",1527.6,2,mgoto51004
1432,16630548,"YJ Wee 2807","2026-08-13 06:57:43",1526.6,2,yjwee2807
1433,16639230,Rylan,"2026-08-15 13:15:45",1526.1,2,"liuruihan333,wangxiaodundun"
1434,16635029,"Oleg Melnik","2026-08-09 20:10:20",1525.4,2,olegmelnik
1435,16662718,xlnt,"2026-08-09 16:55:43",1523.6,2,"princebisht,xlnt404"
1436,16623559,DECEM,"2026-08-09 15:48:04",1523.3,2,zy1343930734
1437,16661899,AAI,"2026-08-09 14:23:08",1521.1,2,aiolapo
1438,16679810,"Patrick Joël MAIRLOT-MBEZELE","2026-08-12 14:47:54",1519.2,2,pigenesis75
1439,16664179,animelonerboy,"2026-08-09 15:52:55",1519.2,2,adambasa5
1440,16694751,im_justmatthew,"2026-08-10 11:27:00",1518.0,2,imjustmatthew
1441,16666282,"Bang sion","2026-08-16 17:19:33",1516.8,2,bangsioni
1442,16622251,"Moroz Roman","2026-08-09 18:24:06",1516.0,2,crissyro
1443,16670545,"Mouad AIT HA","2026-08-16 12:38:09",1514.6,2,mo0103
1444,16674744,"Burhan Ul Tayyab","2026-08-10 10:55:43",1514.5,2,babychick
1445,16679347,"Youssef EL MSIYAH","2026-08-09 12:07:55",1514.3,2,youssefelmsiyah
1446,16658875,"Noah Bishop","2026-08-10 09:56:34",1514.2,2,noahbishop1
1447,16631536,kglctf,"2026-08-18 12:11:14",1512.4,2,kglctf
1448,16699246,"Labh Khatke","2026-08-18 18:51:35",1512.0,2,labhkhatke
1449,16654322,"Debatreya Biswas","2026-08-10 02:02:38",1511.8,2,debatreyabiswas
1450,16688907,青烟,"2026-08-14 03:05:16",1511.7,2,"imagine4391,mortal4416"
1451,16676321,"tao wu11","2026-08-09 06:26:30",1510.5,2,"taowu11,xujchill"
1452,16639496,"Sai Teja Bandaru","2026-08-11 14:51:49",1508.6,2,saitejabandaruin
1453,16692432,"CHARIF Younes","2026-08-10 17:33:59",1507.7,2,youyoucrf
1454,16663780,"Hamza Kanice","2026-08-09 00:08:11",1507.4,2,hamzakanice
1455,16659550,"Sai Syam","2026-08-12 07:55:14",1505.5,2,saisyam
1456,16624919,"Juste Me (●'◡'●)","2026-08-09 14:00:21",1505.3,2,degnonguidi
1457,16659430,"John Keith Weber","2026-08-13 05:18:03",1504.5,2,johnkeithweber
1458,16696852,MYGEMER,"2026-08-09 15:43:13",1502.7,1,mygemer
1459,16698661,"Albert Wang","2026-08-10 03:51:15",1502.5,1,mianwang1024
1460,16659610,gareeb,"2026-08-10 15:46:50",1501.6,2,"arjund29,saqlainsqx,yashawl194"
1461,16665500,"Madan kumar","2026-08-13 17:31:57",1500.1,2,winklemad
1462,16724233,"Rafal Porwol","2026-08-17 21:49:12",1499.6,2,rafalporwol
1463,16680690,MYOUCER,"2026-08-10 00:04:45",1499.0,2,myoucer
1464,16675752,"Simon Rüba","2026-08-10 14:23:16",1498.6,2,simonrba
1465,16621481,"zero waste","2026-08-18 11:23:48",1498.5,2,chinnaphatkhun
1466,16663928,Auxileon,"2026-08-09 16:20:13",1497.9,2,auxileon
1467,16695799,Vaycheslav,"2026-08-09 19:44:14",1496.8,2,vaycheslav
1468,16657598,"Arun Mallikarjuna","2026-08-10 04:29:14",1496.0,2,arunmallikarjuna
1469,16683036,"Ritesh Thawkar","2026-08-14 08:34:08",1495.8,2,riteshthawkar
1470,16645078,"A Aswanth Raj","2026-08-09 08:57:36",1495.3,2,aaswanthraj
1471,16713590,"Александр Арутюнян","2026-08-13 05:20:18",1493.6,2,alexarut17
1472,16675780,susutem,"2026-08-09 12:02:48",1492.9,2,susutem
1473,16699856,yukio,"2026-08-13 20:03:19",1490.8,2,yukioseki
1474,16715729,Ajay_Rao_43,"2026-08-17 04:34:13",1489.7,1,ajayrao43
1475,16684947,Hoaquason,"2026-08-09 18:43:23",1488.9,2,"datnguyen0102,mibombaclat"
1476,16624485,"Nishant Dahal","2026-08-10 02:24:42",1487.7,2,nishantdahal
1477,16698467,"Ra'uf Fauzan Rambe","2026-08-10 04:29:13",1484.5,2,rauffauzanrambe
1478,16684639,Bru3ll,"2026-08-09 15:50:45",1484.5,2,bru3ll
1479,16672371,Loren-wen,"2026-08-09 13:23:49",1483.4,2,wofusituerte
1480,16631101,"Muneeb ul Hassan","2026-08-10 09:56:41",1483.3,2,muneeb2405
1481,16672980,"Thomas Prinz","2026-08-09 13:57:51",1481.8,2,xardiphotography
1482,16677399,lyts,"2026-08-09 21:35:13",1477.4,2,lytsyyds
1483,16684852,後藤将斗,"2026-08-17 19:05:24",1477.2,2,masato09
1484,16721248,"Raef Guizani","2026-08-18 14:09:23",1477.1,2,raefguizani
1485,16670202,"Elizabeth Park","2026-08-09 20:33:17",1475.4,2,elizabethpark
1486,16676275,Scorpi,"2026-08-12 01:34:25",1473.3,2,scorpi
1487,16732140,Miaa1526,"2026-08-18 07:50:28",1471.0,2,miaa1526
1488,16672660,"Straw Hat","2026-08-11 06:14:47",1468.7,2,"anuragugargol,tanishafagare114"
1489,16633179,infamemconculcemus,"2026-08-13 11:32:08",1466.6,2,jcgweb
1490,16658044,"Roshan Singh","2026-08-09 12:45:40",1466.4,2,roshanavadheshsingh
1491,16669403,mrgrishninsb,"2026-08-09 10:43:27",1465.9,2,mrgrishninsb
1492,16663668,"╰┈➤ˎˊ˗ www.sleepyai.org","2026-08-08 23:49:32",1464.5,2,tahsinarafat
1493,16652630,stars_w,"2026-08-13 11:56:28",1463.8,2,starsw
1494,16724895,russ,"2026-08-18 07:31:37",1462.2,2,mdevian
1495,16654669,"Jordi Corbilla","2026-08-13 14:04:46",1461.9,2,jordicorbilla
1496,16732679,argon,"2026-08-18 06:45:35",1461.6,2,argonlabs
1497,16639520,"Cary Jin","2026-08-18 10:34:40",1461.5,2,strigiformes
1498,16657861,"Liao Zixu","2026-08-09 07:00:33",1455.6,2,liaozixu
1499,16654662,"2/3 rounded to two decimals","2026-08-18 19:14:25",1454.1,2,rnold2
1500,16689471,wenjinyang,"2026-08-11 13:32:09",1453.8,2,wenjinyang
1501,16697458,"Lissandra Kruse Fuganti","2026-08-11 00:06:20",1453.6,2,lissandrakruse
1502,16674353,"Lakshmanan R","2026-08-09 05:44:57",1453.2,2,lakshmanankumar02
1503,16671174,Alexandre008,"2026-08-09 12:29:49",1453.0,2,alexandre008
1504,16663827,magoemu,"2026-08-14 06:39:32",1452.3,1,magoemu
1505,16635330,tekatoncat,"2026-08-16 23:42:10",1450.8,2,tekatoncat
1506,16644150,"J.M.Mubasshir Rahman","2026-08-09 17:15:01",1450.3,2,jmmubasshirrahman
1507,16683982,Kenny,"2026-08-16 19:43:13",1448.1,2,kmonar
1508,16674881,"Saisree Dhanasekaran","2026-08-18 10:08:17",1448.0,2,saisreedhanasekaran
1509,16736429,Rudra278,"2026-08-18 12:07:42",1447.9,1,rudra278
1510,16685828,Ztr0,"2026-08-09 05:53:10",1446.2,2,y1amadeus
1511,16692970,LakoMoor,"2026-08-09 17:43:25",1445.3,2,lakomoor
1512,16683909,"Krzysztof ""Chris"" Karaszewski","2026-08-14 08:41:11",1444.1,2,futureofworkchannel
1513,16641884,Blacklions.,"2026-08-09 09:34:07",1440.6,2,blacklions
1514,16635421,"Lennart Haupts","2026-08-09 08:03:48",1438.6,2,lennarthaupts
1515,16688281,"Luke Stafford","2026-08-18 01:16:03",1438.2,2,luketstafford
1516,16623485,XtraLearning,"2026-08-09 17:10:36",1436.9,2,xcessivesmash
1517,16670406,"jessica jennifer","2026-08-09 09:14:46",1435.7,2,jessicajennifer
1518,16623461,MightyK,"2026-08-09 05:36:23",1434.8,2,anhhkhoi
1519,16635314,"Aurora wy","2026-08-08 22:44:32",1433.7,2,aurorawy
1520,16669711,"Anton Shaniuk","2026-08-09 12:46:11",1433.0,2,antonshaniuk
1521,16676038,"Adyanth M","2026-08-09 05:12:40",1431.2,2,adyanthm
1522,16653984,"Howard Lyu","2026-08-08 18:35:00",1430.5,2,howardlyu
1523,16692038,CodeHacker,"2026-08-09 07:58:52",1430.3,2,junhanzangai
1524,16669038,"Nabeel Shar","2026-08-09 13:29:09",1429.8,2,nabeelshar
1525,16688893,ひろけん,"2026-08-09 15:36:52",1427.4,2,"hirokenn,nagomenk"
1526,16695182,"Ali Haydar Özdağ","2026-08-10 14:29:59",1426.5,2,ahoirg
1527,16732496,kanno,"2026-08-18 04:16:14",1426.2,2,kannomasaki
1528,16684568,"[ODS] waniz","2026-08-08 11:04:42",1426.2,1,wanizz
1529,16635518,"ROFIQUL ALAM SHEHAB","2026-08-09 11:49:00",1426.2,2,rofiqulalamshehab
1530,16659585,"Anas Riaz","2026-08-08 20:20:23",1425.3,2,anasriaz
1531,16660101,Zarathustra,"2026-08-12 02:48:18",1424.9,2,rezkyadytama
1532,16665841,"Mohit Rao","2026-08-09 05:05:31",1423.6,2,vmohitrao
1533,16652214,Zhenrui.Weng,"2026-08-09 06:45:10",1423.1,2,zhenruiweng
1534,16693942,"Mister Qi","2026-08-15 17:10:15",1422.1,1,azrihasin
1535,16738759,YJR,"2026-08-18 17:58:49",1422.0,1,misakamikoto66
1536,16624309,jjamppongmandu,"2026-08-10 01:36:25",1422.0,2,"beckspeca,hihiimj,jjamppongmandu"
1537,16728084,iwance,"2026-08-16 10:29:38",1421.0,2,iwance
1538,16688579,"Long Hu","2026-08-09 09:41:04",1420.9,1,longhul
1539,16678506,SireeshLimbu,"2026-08-08 08:39:43",1420.7,2,sireesh
1540,16664242,"Alex Lee","2026-08-11 03:43:12",1420.2,2,aiexanderr
1541,16679683,Aberrchan,"2026-08-08 17:44:32",1418.7,2,aberrchan
1542,16652827,"Rob C","2026-08-14 03:04:30",1418.1,2,robertcheah
1543,16630797,"Seok, Jeongeum","2026-08-18 13:42:14",1417.8,2,seokjeongeum
1544,16654752,Agrofitting,"2026-08-18 17:48:36",1417.0,2,"evvfebruary,vinch97"
1545,16661739,"Spandan Mhapsekar","2026-08-08 10:39:41",1416.9,2,spandanmhapsekar
1546,16692677,"Ashish Dubey","2026-08-10 06:17:34",1415.5,2,ashish124536
1547,16655210,Amon,"2026-08-16 06:09:04",1415.0,2,kingaemon
1548,16623034,"Vlad Kochetov","2026-08-10 21:43:51",1414.7,2,vladkochetov07
1549,16661707,"Rudolf HOUNLETE","2026-08-09 11:41:08",1413.7,2,queystanle
1550,16622487,"Sam kramer_1028","2026-08-18 09:40:58",1413.4,2,samkramer1028
1551,16692883,coolguy,"2026-08-08 20:56:21",1412.8,1,vihangpagare334
1552,16669826,Jesse,"2026-08-09 16:12:43",1412.6,2,jesneuman
1553,16692469,neoistheone,"2026-08-08 18:38:13",1412.1,1,neoistheone
1554,16661100,"Muhammad Junaid","2026-08-17 10:50:45",1411.2,2,junaid512
1555,16641535,Tutti,"2026-08-09 12:38:55",1410.2,2,malk271828
1556,16659730,"Zhang Yingluo","2026-08-10 08:15:53",1409.8,2,zhangyingluo
1557,16623189,"Aditya Mishra","2026-08-09 03:42:06",1408.7,2,adityamishranika
1558,16665935,eternitywinner,"2026-08-08 14:41:53",1407.6,2,eternitywinner
1559,16660430,"Hassaan Ibrahim","2026-08-10 12:45:55",1406.1,2,hassaanibrahim
1560,16663626,"yvn kaggriculture","2026-08-16 09:58:30",1405.5,2,"garnikdavtyan,mikayelgr"
1561,16677423,songling,"2026-08-09 09:01:39",1405.5,2,"lvbingrong,oralia"
1562,16634082,"Mikey Marszewski","2026-08-09 00:46:00",1405.1,2,mikeymarszewski
1563,16697024,"Jiri Prudky","2026-08-17 05:18:01",1403.2,2,jiprud
1564,16673881,"Sebastian Johansson","2026-08-10 13:37:36",1402.9,2,sebbejohansson
1565,16653262,"tianwen zhang1","2026-08-08 16:21:18",1402.8,2,tianwenzhang1
1566,16738820,"Ying Li","2026-08-18 17:14:15",1402.3,1,lyee919
1567,16681927,"Dariush Afshar","2026-08-09 05:55:14",1401.7,2,dariushafshar
1568,16670361,"Saud Saudesen","2026-08-15 22:16:42",1401.0,2,saudsaudesen
1569,16664409,"Kathi Munishwar","2026-08-09 03:37:05",1400.8,1,kathimunishwar
1570,16665976,"Daksh Goyal","2026-08-08 20:36:06",1399.2,2,dakshgoyal387
1571,16678930,"Just a moroccan","2026-08-09 13:45:12",1398.3,2,zbidaamine
1572,16672251,"Kavinkumar M","2026-08-11 08:27:00",1398.0,2,kavinkumarrkm
1573,16690889,"B A S E L #","2026-08-08 14:47:22",1397.2,2,basselll
1574,16668215,renta.k,"2026-08-08 15:32:02",1396.5,2,renta0426
1575,16671767,Kaileh57,"2026-08-11 02:23:04",1396.1,2,kaileh57
1576,16625472,"luna is free！","2026-08-08 11:26:52",1395.8,2,simingtan
1577,16643693,"Kerem çelik","2026-08-13 18:14:19",1395.8,2,keremelik
1578,16657989,"vishnu gopal P","2026-08-08 12:27:56",1395.8,2,vishnugp
1579,16682843,underline12311,"2026-08-09 14:23:02",1395.6,2,underline12311
1580,16690897,"Ashok Kumar Garain","2026-08-08 13:26:11",1394.0,1,ashokkumargarain
1581,16685743,"Alex Oranov","2026-08-10 15:16:12",1393.5,2,aoranov
1582,16653890,YUKRUB,"2026-08-18 11:30:20",1393.3,2,yukrub
1583,16662041,"Thu Nguyen","2026-08-08 14:58:22",1392.8,2,thunguyen1510
1584,16655497,cszf_first,"2026-08-09 02:06:46",1392.7,2,cszffirst
1585,16667245,"KAIWALYA RAUT","2026-08-09 09:04:25",1391.3,2,kaiwalyaatulraut
1586,16630441,"yjhv buddies","2026-08-07 09:50:05",1390.3,2,bender1123123
1587,16689274,Anyeson,"2026-08-09 13:52:24",1390.1,2,anyeson
1588,16660259,Marcus,"2026-08-08 17:23:34",1389.0,2,marcuseno
1589,16694317,"PRITIKA SA","2026-08-09 07:17:19",1388.2,2,pritikasa
1590,16653982,"Arul Prasad S P","2026-08-18 10:50:59",1387.2,2,arulprasadsp
1591,16633133,"Hole Neckles","2026-08-18 06:20:42",1387.0,2,holeneckles
1592,16730223,Ojaswy,"2026-08-18 18:48:02",1386.1,2,ojaswy
1593,16655190,"Will Rice","2026-08-16 00:42:24",1385.8,2,willrice
1594,16634468,"Kun Zhang","2026-08-18 08:40:03",1384.7,2,beicicc
1595,16667219,"Komil Parmar","2026-08-08 10:00:55",1384.5,2,komilparmar
1596,16683439,Goober,"2026-08-10 19:46:41",1381.3,2,kongzhisyuen
1597,16623152,"agentic warriors","2026-08-14 01:17:57",1381.1,2,"ibadia,isabellawoo01"
1598,16658499,Grifun,"2026-08-09 03:24:51",1379.6,2,msingatullin
1599,16684762,X-xuhui,"2026-08-08 10:07:58",1379.1,2,xxuhui
1600,16681986,"Chirantan Bhardwaj","2026-08-07 10:07:52",1378.2,1,chirantanbhardwaj
1601,16669518,Galagala,"2026-08-07 18:35:59",1378.1,2,b12705059
1602,16688898,"Sanskar Omar","2026-08-09 11:10:44",1377.8,2,sanskaromar7
1603,16660537,Furina,"2026-08-08 13:52:01",1375.9,2,cjlcjlcjl
1604,16674839,"hongqian miao","2026-08-08 09:24:03",1375.8,2,hongqianmiao
1605,16693488,HarvestZero,"2026-08-09 16:36:58",1375.5,2,bernardboatey
1606,16634174,phibkro,"2026-08-07 03:10:52",1373.9,2,phibkro
1607,16651244,"Knight of Favonius","2026-08-07 19:15:29",1373.5,2,ladyfaye
1608,16690829,JeremyH43,"2026-08-16 00:06:30",1373.3,2,jeremyh43
1609,16653199,Koba,"2026-08-07 09:06:33",1371.7,2,zone0906
1610,16670117,"Raj Aryan","2026-08-07 18:15:04",1370.7,2,rajaryan2503
1611,16659958,brainpick,"2026-08-18 05:26:19",1367.8,2,prathvirajpalekar
1612,16671515,ziheng,"2026-08-07 09:47:38",1365.7,2,zihengedie
1613,16656118,Mutte1904,"2026-08-07 05:03:56",1365.4,2,mutte1904
1614,16675753,Khafidin,"2026-08-12 05:16:26",1364.4,2,khafidin
1615,16662592,"Vladislav Yushkevich","2026-08-09 14:54:24",1363.7,2,"crazyflyingsheep,vladislavyushkevich"
1616,16665352,"Paul Nassiri","2026-08-09 09:58:07",1361.5,1,laszlolevray
1617,16656420,"Aditya Raj #2","2026-08-18 16:37:49",1361.1,2,optimus2005
1618,16655156,"Pranjal Ranjan","2026-08-06 23:58:43",1361.0,2,pranjalranjan299
1619,16671403,"Alex Karpowicz","2026-08-08 18:36:52",1360.2,2,alexkarpowicz
1620,16624040,kumk,"2026-08-07 22:44:03",1359.5,1,kknagoya
1621,16686843,"Juraj Zelman","2026-08-09 08:40:09",1356.2,2,jurajzelman
1622,16681065,SYC,"2026-08-07 03:22:25",1353.4,1,yichengs
1623,16652900,cjen07,"2026-08-07 23:33:05",1353.4,2,cjen07
1624,16666826,"Simone di costanzo","2026-08-07 19:38:11",1352.4,2,simonedicostanzo
1625,16673002,xubenzheng,"2026-08-07 15:40:31",1352.4,2,xubenzheng
1626,16639583,typeIIIfairy,"2026-08-08 09:32:35",1351.5,2,typeiiifairy
1627,16693050,Shoko,"2026-08-09 10:31:26",1351.5,2,abreyton
1628,16680075,I_luv_magick,"2026-08-07 09:50:30",1351.4,2,iluvmagick
1629,16670433,"Mohammad Osamah Atif","2026-08-07 10:24:54",1350.4,2,osamatif
1630,16671372,"Meet Sabhaya","2026-08-08 06:02:13",1350.1,2,meetsabhaya
1631,16669930,"Ilya Klimanov","2026-08-17 19:08:27",1349.8,2,ilyaklimanov
1632,16679848,Nikola010,"2026-08-13 16:29:19",1348.8,2,nikola010
1633,16693382,Sandrone,"2026-08-16 19:52:04",1347.3,2,luvgoelo
1634,16671314,"Robot Farm","2026-08-18 01:37:12",1347.1,2,codearranger
1635,16640332,"ning gu","2026-08-18 10:16:30",1346.7,2,morninggu
1636,16675305,"Justin Sabu Sebastian","2026-08-07 12:45:39",1346.6,2,justinsabusebastian
1637,16654626,bgsszsa,"2026-08-07 12:01:33",1346.5,2,bgsszsa
1638,16670058,"Dahoui Alex Armel ","2026-08-07 01:02:07",1345.6,2,dahouialexarmel
1639,16673370,JeovaAnderson,"2026-08-15 15:43:52",1345.1,2,jeovaanderson
1640,16662161,"Touhidul Alam Seyam","2026-08-10 12:39:51",1344.6,2,seyamalam
1641,16729472,"Boris Pletenev","2026-08-16 17:23:56",1344.1,1,borispletenev
1642,16630129,"Yi Lu","2026-08-08 05:23:05",1343.8,2,liqiu0224
1643,16689488,"Ming Fong","2026-08-08 07:23:41",1343.7,1,evilpegasus
1644,16670221,fle3n,"2026-08-08 19:48:37",1343.5,2,fleongg
1645,16652175,"Lucas Boesen","2026-08-11 14:49:34",1343.1,2,lucasboesen
1646,16658789,Zhanpeng.W,"2026-08-08 10:05:26",1341.4,2,zhanpengw
1647,16668029,Timbo615,"2026-08-07 11:56:21",1341.3,2,timbo615
1648,16662730,Operator-X,"2026-08-08 10:06:04",1338.6,2,"jpexee,lavlinjaisonme23b250"
1649,16681480,"Kevin Nguyen","2026-08-14 18:16:29",1338.0,2,haidangnguyen1802
1650,16675340,"SHAURYA SHARMA","2026-08-18 05:40:02",1337.4,2,shauryas555
1651,16655076,"Tita Kongolo","2026-08-08 09:08:57",1337.4,2,titakongolo
1652,16681049,"SiLin “Can SiLin” Can","2026-08-17 02:59:35",1335.2,2,"k3rn3l,silincansilincan"
1653,16647192,"Sailor Ren","2026-08-12 09:19:11",1335.0,2,sailorren
1654,16681226,"tingting shen","2026-08-10 09:24:23",1334.1,2,tingtingshen99
1655,16674932,kokinnwakashuu,"2026-08-07 07:20:19",1333.9,2,kokinnwakashuu
1656,16654623,"Asher Goldstein","2026-08-09 17:54:27",1333.7,2,ashergoldsteincd21
1657,16631665,"jatan sanghvi","2026-08-07 06:10:48",1332.8,2,jatansanghvi
1658,16664283,"Nguyễn Hữu Công","2026-08-07 05:24:48",1331.9,2,nguynhucng
1659,16626203,"Manish Kumar Maurya","2026-08-18 17:01:59",1331.1,2,manishkumarmaurya11
1660,16685990,VictorAndrew,"2026-08-10 16:39:51",1331.0,2,vicktvr
1661,16667091,"Nico Feiler","2026-08-07 14:27:47",1331.0,2,nicofeiler
1662,16663457,Furqan102102,"2026-08-09 12:02:35",1330.7,2,furqan102102
1663,16633043,"Ryan Adams","2026-08-10 10:58:10",1330.6,2,ryanadamsai
1664,16637919,NoOneAhead,"2026-08-07 05:12:50",1329.2,2,jerrlu
1665,16671844,I2nfinit3y,"2026-08-07 02:27:10",1328.6,2,i2nfinit3y
1666,16670671,"TAUIL Abd Elilah","2026-08-11 01:17:39",1327.3,2,tauilabdelilah
1667,16660215,"YoungDSML [dsml.kz]","2026-08-06 16:29:33",1325.7,2,"mazgas,nurikw3"
1668,16660120,gktdgktdgktd,"2026-08-07 07:50:45",1325.3,2,gktdgktdgktd
1669,16621628,pupen_o,"2026-08-17 23:41:05",1324.1,2,pupeno
1670,16630984,TakamaruEX,"2026-08-18 03:22:30",1323.9,2,takamaruex
1671,16653117,"li jiaqi77","2026-08-07 05:32:06",1323.8,2,lijiaqi77
1672,16633276,"Nolan Liang","2026-08-09 03:26:47",1323.4,2,iamlkn
1673,16676193,"Akira Hirohashi","2026-08-07 14:00:23",1323.3,2,akirahirohashi
1674,16667242,"Gleb Tumanov","2026-08-17 09:55:11",1322.2,2,crachton
1675,16665353,Sakshamm2587,"2026-08-17 16:50:43",1321.6,2,sakshamm2587
1676,16663369,csteeve,"2026-08-07 18:44:37",1321.0,2,csteeve
1677,16664827,"Jose Miguel Diez de la Lastra","2026-08-07 16:08:49",1320.9,2,josemigueldiez
1678,16664666,"Rheal Thomas","2026-08-17 04:48:57",1317.9,2,rhealthomas
1679,16666358,"GAYATHRI SALINI","2026-08-07 07:55:26",1317.7,2,gayathrisalini09
1680,16622319,"Roman Tamrazov 52","2026-08-07 18:51:27",1317.5,2,romantamrazov
1681,16622788,Fitzcarraldo,"2026-08-07 14:17:24",1314.5,2,ivankuc
1682,16642579,"Desyat IO","2026-08-09 17:31:59",1314.3,2,desyatio
1683,16685450,Nadeem,"2026-08-07 14:01:19",1313.2,1,nadeembinshajahan
1684,16665058,"Llin Ding","2026-08-18 13:39:56",1309.4,2,llinding
1685,16666625,"Nguyen Ngoc Thien","2026-08-07 16:12:04",1308.2,2,ngocthienai
1686,16657594,"Wojciech Krasowski","2026-08-07 11:21:03",1308.1,2,ci3l4k
1687,16666686,yolo,"2026-08-08 12:08:38",1307.5,2,avin55
1688,16627472,CloverFarm,"2026-08-14 08:32:12",1306.9,2,ljs2546
1689,16683852,"Abhiram Anil","2026-08-08 06:26:11",1306.7,2,abhiramanil
1690,16687463,"Manolo Chow","2026-08-09 22:56:20",1306.7,2,manolochow
1691,16643193,"Shoroogh Ahmadi","2026-08-13 10:36:43",1305.6,2,shorooghahmadi
1692,16655763,"Diogo Sena","2026-08-08 21:57:03",1304.7,2,diogodmsena
1693,16665529,Venneth,"2026-08-08 12:32:20",1304.6,2,venneth
1694,16623920,"Kazuta MIZUTA","2026-08-07 03:22:25",1303.1,2,kazutamizuta
1695,16623798,RuiKimura4,"2026-08-15 18:28:05",1302.2,2,ruikimura4
1696,16670378,"Ari Carter","2026-08-08 23:18:02",1301.2,2,aricarter
1697,16675344,Azelearn,"2026-08-08 15:43:00",1299.3,2,androidss
1698,16640264,DhanaLakshmiMalla,"2026-08-12 20:31:31",1299.2,2,dhanalakshmimalla
1699,16637458,OlivierS,"2026-08-17 05:23:12",1298.5,2,oliviers
1700,16625219,MJVinay,"2026-08-15 18:58:33",1298.4,2,mallajayanthvinay
1701,16632743,"Krizsó Gergely","2026-08-09 10:05:16",1297.1,2,lucifer19
1702,16737482,Lindicaphxag,"2026-08-18 19:07:04",1294.9,2,oblivicore
1703,16670304,"Daniel Tomaro1","2026-08-09 03:03:06",1294.4,2,danieltomaro1
1704,16633773,copasta,"2026-08-09 00:03:00",1294.0,2,copasta
1705,16643922,Konstantin03,"2026-08-07 13:37:54",1289.1,2,konstantin03
1706,16621063,"Aikyatan Sinha","2026-08-07 16:53:10",1288.6,2,aikyatansinha
1707,16660613,今日洗澡明日香,"2026-08-07 09:58:49",1288.6,2,"jasperkag,ryjiang,timmengzh,yningc"
1708,16658670,EveryJust,"2026-08-07 08:33:35",1288.3,2,"everyjust,zfc666wsnd"
1709,16665561,LuoXingda,"2026-08-07 08:22:42",1287.5,2,luoxingda
1710,16644552,Keanan,"2026-08-08 11:35:17",1286.3,2,citerne
1711,16640582,Attension_Seeker,"2026-08-10 06:57:51",1285.3,2,aisipu
1712,16665015,"laiba razzaq10","2026-08-07 14:21:49",1281.5,2,laibarazzaq10
1713,16669926,Jince,"2026-08-18 18:59:15",1280.5,2,jincesaju
1714,16624003,weedfarmer,"2026-08-08 05:34:16",1280.3,2,aleksanderhan
1715,16673303,"Samuel Sundararaman ","2026-08-11 05:34:26",1278.9,2,neopok919
1716,16670020,nanare,"2026-08-18 18:48:29",1275.4,2,nanaresudo
1717,16656347,OctahedronBB,"2026-08-07 00:52:27",1274.2,2,octahedronbb
1718,16685358,"Nuno Ferreira","2026-08-07 13:48:37",1273.8,1,ngcferreira
1719,16657957,"Mounika Kommireddy","2026-08-08 07:57:32",1273.6,2,mounikakommireddy
1720,16669273,Parag,"2026-08-07 02:10:29",1273.6,2,paragkale
1721,16680408,mochogo,"2026-08-07 05:42:33",1273.6,1,mochogo
1722,16710389,GuerillaMoon,"2026-08-18 18:30:36",1272.9,2,guerillamoon
1723,16653208,FabienDaniel,"2026-08-07 10:17:38",1272.6,2,fabiendaniel
1724,16726173,"Aman Bihari","2026-08-18 17:36:03",1272.0,2,amanbihari
1725,16670807,mannogun,"2026-08-07 11:05:42",1269.5,2,arcanejumper
1726,16670040,galaxyhunter,"2026-08-17 19:22:06",1267.3,2,pkharkwal
1727,16625060,"Subin An","2026-08-10 08:07:29",1265.8,2,subinium
1728,16667731,"Agent 33","2026-08-09 11:55:05",1262.4,2,agent33
1729,16686155,梁圣的恩情还不完,"2026-08-16 15:48:21",1262.2,2,yyyyhhhhwww
1730,16689084,Tam1m,"2026-08-08 06:48:32",1261.9,2,booleanwolf
1731,16627194,GzmCR632,"2026-08-10 14:31:37",1259.8,2,gzmcr632
1732,16639606,Peach2587,"2026-08-12 03:19:13",1258.3,2,momokayoshioka
1733,16670715,i3,"2026-08-13 21:39:55",1257.7,2,ishijima
1734,16658384,UwU,"2026-08-10 04:20:44",1252.0,2,claudesewitz
1735,16675610,"Srikar Medisetti","2026-08-18 18:39:17",1248.5,2,deathaunter
1736,16676280,agniii,"2026-08-06 17:05:08",1248.4,2,agniii
1737,16697205,"Gould Research","2026-08-17 01:19:23",1247.7,2,"georgeking1,gouldh,gradybos,shanemullahy"
1738,16702674,"Varun S G","2026-08-13 14:39:36",1247.5,2,warun7
1739,16671292,Yuyajk,"2026-08-07 09:00:27",1247.3,2,yuyajk
1740,16621802,fgwiebfaoish,"2026-08-13 12:21:54",1245.7,2,fgwiebfaoish
1741,16673604,"Jiman Kwon","2026-08-18 17:15:28",1245.3,2,jimankwon
1742,16669491,"Parakh Sharma","2026-08-06 10:59:33",1244.8,2,parakh20
1743,16660385,"Jose Santiago Echevarria","2026-08-18 15:14:03",1241.2,2,jmsechevarria
1744,16664379,N_Matsumoto24,"2026-08-18 08:18:07",1240.1,2,nmatsumoto24
1745,16673179,"Muhammad Faraz Aftab","2026-08-09 10:18:58",1240.0,2,muhammadfarazaftab
1746,16654832,mohit,"2026-08-07 00:01:08",1239.9,2,mohitvarred
1747,16653939,"Amr Yasser","2026-08-06 17:56:07",1239.7,2,amryasswe
1748,16626979,"Soobin An","2026-08-06 03:34:21",1238.2,2,myotterspace
1749,16639280,"Faruk Çiftler","2026-08-09 11:27:46",1238.1,2,abdullahfaruk
1750,16658025,"Dennis Gioche","2026-08-06 09:08:34",1237.0,2,dennisgioche
1751,16669608,"Jesy Lu","2026-08-13 16:21:53",1235.8,2,jesylu
1752,16639871,"Aura Farming","2026-08-06 11:39:31",1232.9,2,gauthieravite
1753,16679237,"Danilo Sepúlveda","2026-08-06 21:26:28",1232.6,1,daniloseplveda
1754,16664368,"Ujjwal Reddy","2026-08-10 19:43:26",1232.3,2,ujjwalreddyks
1755,16672520,"Nah I'd win","2026-08-07 08:09:12",1231.8,2,asutriy
1756,16630729,https://how.rl.works/,"2026-08-10 10:29:32",1227.5,2,grennwolf
1757,16668545,Ronty00,"2026-08-06 08:24:07",1225.5,2,ronty00
1758,16665898,chengsongtao,"2026-08-16 16:31:12",1225.3,2,cheng618
1759,16670214,"Louis @ tradeInsight.ai","2026-08-17 02:53:27",1224.9,2,louisquart
1760,16717536,c0nrad,"2026-08-18 18:04:02",1224.8,2,stuartlarsen
1761,16659555,"Joseph Adamski","2026-08-17 12:07:50",1224.4,2,josephadamski91
1762,16676677,"Clark Stéphane","2026-08-07 18:58:45",1222.7,2,clarkstphane
1763,16667606,Manifolds1,"2026-08-06 16:36:46",1222.5,2,ptrakuldit
1764,16675027,namanbnsl,"2026-08-06 13:02:52",1222.2,2,namanbnsl
1765,16663166,Rey4Dan,"2026-08-18 13:12:37",1222.1,2,rey4dan
1766,16660091,bcTiann,"2026-08-06 05:55:54",1221.9,2,bctiann
1767,16659727,shuaiqiyang,"2026-08-06 08:48:53",1221.7,2,shuaiqiyang
1768,16663591,"Joseph Franck","2026-08-16 16:49:00",1220.0,2,josephfranck
1769,16735232,"Johnson Chishimba","2026-08-18 12:15:49",1219.1,2,johnsonchishimba
1770,16659820,Accayo14,"2026-08-06 14:20:30",1218.9,2,accayo14
1771,16665702,"Aman Gupta","2026-08-06 08:09:05",1218.7,2,amangupta0014
1772,16676283,jnurik,"2026-08-07 17:24:01",1217.1,2,nurdauletmoldik
1773,16625214,Malla,"2026-08-12 19:10:55",1216.8,2,mallaphalguni
1774,16674550,"Jebastin Nadar","2026-08-06 10:09:16",1215.9,2,samfc10
1775,16669971,"Luka Philip","2026-08-08 16:09:32",1215.7,2,lukaphilip
1776,16667714,ZhexinJiang,"2026-08-06 11:26:30",1214.0,1,zhexinjiang
1777,16623524,"Marcus Vinicius","2026-08-14 18:50:25",1213.7,2,marcux777
1778,16631016,木下陽平,"2026-08-06 14:52:20",1212.5,2,yoheikaggle
1779,16635781,wacata,"2026-08-17 13:32:27",1212.2,2,wacata
1780,16677240,"Jeevan Malla","2026-08-07 07:37:46",1211.4,2,jeevanmalla
1781,16632446,"Abdul Wahab Khan","2026-08-06 04:53:37",1210.9,1,abdulwahab2321
1782,16658709,"Kaggler Albafica","2026-08-06 10:05:39",1208.2,2,kaggleralan
1783,16642154,Burkina_team_mate,"2026-08-06 15:30:54",1208.1,2,"belemkalilou,tedjosegregorybere"
1784,16653855,"Klgv Klgv","2026-08-06 11:54:38",1207.0,2,klgvklgv
1785,16659679,Civitasmass,"2026-08-06 10:53:16",1204.2,2,godhand
1786,16665169,"Rahul Barakoti ITM","2026-08-07 10:58:30",1204.0,2,rahulbarakotiitm
1787,16665256,zhoujqi,"2026-08-06 18:31:31",1202.3,2,zhoujqi
1788,16698735,Larfii,"2026-08-18 08:04:09",1202.0,2,larfii
1789,16661994,"Suvrat Rai","2026-08-16 09:04:58",1201.4,2,suvrat11rai
1790,16677675,"Roman Mironov","2026-08-06 17:30:28",1200.5,1,helloromiro
1791,16669542,Agzam,"2026-08-06 05:09:43",1199.2,2,mazgag
1792,16659000,xjlgg123,"2026-08-08 12:35:10",1198.1,2,xjlgg123
1793,16668668,"George Byne","2026-08-11 15:52:07",1197.7,2,georgebyne
1794,16673155,"Babar Khilji","2026-08-06 15:55:26",1196.6,2,babarkhilji
1795,16639125,"Caio Coelho","2026-08-09 15:38:12",1192.7,2,caio41
1796,16675905,HydFarms,"2026-08-14 18:05:57",1192.1,2,"kumaramar,ronithjaju,shiveshcgatech,vidhishah115"
1797,16629972,"forever young","2026-08-07 00:48:31",1191.5,2,keisukeyokota0428
1798,16660555,"Nguyễn Nhật Thanh","2026-08-07 03:45:29",1190.4,2,nguynnhtthanhhhhh
1799,16621716,harlen,"2026-08-06 08:04:24",1188.6,2,harlenka
1800,16665431,"Monojit Nandy","2026-08-06 11:50:38",1186.0,2,vedarthmn
1801,16625908,trantrikien239,"2026-08-06 04:32:29",1185.8,2,trantrikien239
1802,16665129,Doom,"2026-08-18 04:28:35",1185.4,2,"mr6436,sanskaarundale"
1803,16668736,bhundreds,"2026-08-06 16:28:39",1184.4,2,hundreds1103
1804,16669400,"Martin Konôpka","2026-08-06 12:16:13",1184.2,2,rumburakk
1805,16679155,jeziorop,"2026-08-06 20:34:53",1182.2,1,jeziorop
1806,16652631,"Panagiotis Anagnostou","2026-08-08 12:12:36",1182.1,2,panosanag
1807,16635890,Poojan,"2026-08-06 09:44:47",1181.2,2,poojankumartandel
1808,16634426,"Ertuğrul Özer","2026-08-07 14:38:52",1181.0,2,ozertuu
1809,16622330,"hiroshi murakami","2026-08-06 10:29:43",1180.4,2,zabojeb
1810,16639550,"HIDEYO CHIBA","2026-08-18 08:35:19",1180.0,2,hideyochiba
1811,16659525,"Dang Khoa Nguyen","2026-08-17 09:51:16",1177.4,2,khoadangnguye
1812,16675203,HK,"2026-08-06 11:38:05",1176.8,1,hizurukonishi
1813,16677832,"Maryam Tahir","2026-08-07 06:36:16",1176.6,1,maryamtahir09
1814,16656345,sunchang71,"2026-08-05 14:05:13",1175.8,2,sunchang71
1815,16702509,KošičanSVK,"2026-08-17 18:04:22",1175.4,2,ryanstoner
1816,16658723,"Waleed Alkhateeb","2026-08-05 13:31:44",1174.7,2,waleedalkhateeb
1817,16668995,"MD.Firoj Khondokar","2026-08-06 11:05:13",1173.9,2,mdfirojkhondokar
1818,16653085,"haoran huang430","2026-08-06 02:37:22",1168.6,2,haoranhuang430
1819,16622820,"Sergey Nefedov","2026-08-06 12:21:31",1168.5,2,sergionefedov
1820,16621500,"Egor Tkachenko","2026-08-10 15:41:16",1168.4,2,egortkachenko
1821,16696561,"Ali Ramazanov","2026-08-18 13:42:17",1166.1,2,aliramazanov
1822,16655353,"Pablo Montenegro","2026-08-09 02:13:47",1165.1,2,pablomontalb
1823,16655912,sssskilo,"2026-08-07 09:54:24",1164.5,2,wellkilo
1824,16659045,Rai1,"2026-08-08 11:53:28",1164.4,2,rai2003
1825,16718916,"ROBERT SSEBAMBULIDDE","2026-08-14 19:21:24",1164.2,2,robertssebambulidde
1826,16652986,"Justin Kimlim","2026-08-10 11:47:24",1163.7,2,justinkimlim
1827,16654726,"James Mancillas","2026-08-07 15:46:12",1163.0,2,jamesmancillas
1828,16684470,"Soumi Ghosh","2026-08-11 10:59:07",1162.5,2,soumighosh911
1829,16665753,"Mansour A. S. Ataa","2026-08-06 02:46:56",1161.8,2,profmansoor
1830,16656393,"Faris Abqari","2026-08-07 00:15:25",1160.9,2,farisabqari11
1831,16658717,"Aditya Kapadia","2026-08-06 14:32:16",1160.1,2,adityakapadia2003
1832,16668647,"THIRUPATHI KANNAN K","2026-08-05 15:50:54",1158.5,2,thirupathikannank
1833,16671407,JBro13,"2026-08-07 02:29:02",1158.4,2,jbro13
1834,16670999,Maksonch1k,"2026-08-06 09:08:09",1157.9,2,maksonch1k
1835,16653958,seowoohyeon,"2026-08-06 11:48:06",1156.9,2,seowoohyeon
1836,16668039,NotEnoughTokens,"2026-08-06 13:04:52",1153.5,2,"adofai,jonghyun7777,taglink"
1837,16739298,"ricardo assaad","2026-08-18 19:03:22",1153.2,2,ricardoassaad
1838,16634078,"yoho kumedayo","2026-08-15 12:48:29",1152.3,2,dorachinyastyle
1839,16664819,"SUBHASRI  S","2026-08-05 16:14:12",1150.4,2,subhasri2007
1840,16630758,"Keshav Joshi","2026-08-12 11:36:13",1150.2,2,keshavjoshi22
1841,16719793,dhuruvapriyan,"2026-08-14 16:06:42",1149.8,2,dhuruvapriyan
1842,16658702,sherlockwatson007,"2026-08-18 18:05:00",1149.2,2,sherlockwatson007
1843,16667503,Yuzuki,"2026-08-05 12:19:45",1148.5,1,yuzukiohya
1844,16663271,"Malyshev Danil","2026-08-05 14:57:19",1148.4,2,malyshevdanil
1845,16624977,Avikumar93801,"2026-08-11 05:55:19",1147.9,2,avikumar93801
1846,16641326,IY,"2026-08-05 19:27:31",1146.5,2,irotrader
1847,16677188,Nicooni,"2026-08-06 16:35:01",1146.0,1,nicooni
1848,16664518,senxichong,"2026-08-13 04:28:32",1144.8,2,senxichong
1849,16664239,VK_Kaggriculture..StartCompet,"2026-08-05 02:03:48",1144.2,1,venkatkumar001
1850,16706004,Divyansh,"2026-08-17 08:28:58",1144.1,2,sehgaldivyansh
1851,16654081,"Aleksei Ponomarev","2026-08-06 00:43:57",1142.5,2,alekseiponomarev
1852,16635679,WUHAOZHE618,"2026-08-15 04:08:45",1142.0,2,wuhaozhe618
1853,16699699,rudykane,"2026-08-11 16:06:34",1140.7,2,rudykane
1854,16639043,"saroj bono","2026-08-17 23:40:04",1137.3,2,sarojbono197
1855,16623592,Jack,"2026-08-05 17:06:09",1136.5,2,jackvd
1856,16729564,"Eirik Tveiten","2026-08-18 15:25:57",1135.7,2,eiriktveiten
1857,16625013,sash,"2026-08-05 01:00:10",1133.5,2,sash2104
1858,16711556,"Avvy Lavoienne","2026-08-18 04:44:16",1132.8,2,avvylavoienne
1859,16668406,"VAP RF5","2026-08-05 14:41:12",1130.8,1,vaprf5
1860,16632250,"Mesut Gözdemir","2026-08-05 17:54:14",1130.4,2,gfkfu123
1861,16644861,"kanzaler ensemble","2026-08-11 14:30:36",1127.6,2,kanzalerensemble
1862,16655828,ack07,"2026-08-06 04:52:07",1126.9,2,its07amit10
1863,16686513,Vipul_Kumar75476,"2026-08-11 20:16:12",1124.6,2,vipulkumar75476
1864,16652896,"R^2 negative","2026-08-04 23:14:38",1124.5,2,rktqwe
1865,16727404,Yichi,"2026-08-16 18:20:40",1124.3,2,yichi02
1866,16664170,SpookyHippo,"2026-08-06 02:44:29",1124.0,2,spookyhippo
1867,16664775,DoubleZs,"2026-08-06 02:55:02",1123.8,2,zhang051018
1868,16664400,Boruiyang21,"2026-08-05 14:56:03",1123.4,2,boruiyang21
1869,16663099,"Md. Abdullah Al Mamun","2026-08-05 02:16:43",1122.5,2,mamun18
1870,16727266,ebisu_ya,"2026-08-17 23:39:08",1121.3,2,ebisuya
1871,16664300,"swajay nandanwade","2026-08-05 04:57:10",1120.6,2,swajaynandanwade
1872,16663899,"Abdelrahman Aboegela","2026-08-05 13:54:26",1120.2,2,abdelrahmanaboegela
1873,16654486,alijs,"2026-08-06 14:27:22",1120.0,2,alijs1
1874,16695556,"Prajwal Dongre","2026-08-12 08:53:42",1119.9,2,prajwaldongre
1875,16667547,"miaoqing long","2026-08-06 03:31:43",1118.5,2,miaoqinglong
1876,16693164,nuggettttt,"2026-08-09 02:14:22",1118.1,2,nuggettttt
1877,16670765,"tensor choko","2026-08-05 23:03:23",1117.3,1,tensorchoko
1878,16663808,"Fae Gaze","2026-08-05 16:10:17",1116.8,1,achievement
1879,16655294,Mobzya,"2026-08-05 14:59:31",1116.3,2,mobzya
1880,16659972,"Pelamovic ","2026-08-17 13:48:59",1116.1,2,pelamovic
1881,16623665,Giba,"2026-08-05 22:44:41",1116.0,2,titericz
1882,16669810,CREART,"2026-08-08 05:32:29",1116.0,1,gustardust
1883,16663513,Pakistan,"2026-08-05 00:54:11",1115.5,2,"debayank2024,laveshjadon,laxmikantaroy,tarunraii"
1884,16673682,MJ.LIU.T,"2026-08-06 08:14:05",1115.3,1,mjliut
1885,16717114,uninhibited-scholar,"2026-08-18 12:53:08",1113.5,2,uninhibitedscholar
1886,16727696,Milkman,"2026-08-18 16:32:27",1112.7,2,talhasahi
1887,16667205,"Andrew Lee","2026-08-06 11:16:52",1112.2,1,andrewlee23023
1888,16662872,"Artem Garbart","2026-08-05 09:41:29",1110.9,2,artyomgarbart
1889,16658801,"Thuc Nguyen Dang 111","2026-08-18 04:31:46",1110.7,2,thucnguyendang111
1890,16664890,ideal_m99,"2026-08-06 00:00:33",1110.6,2,idealm99
1891,16660046,"Ikki Katsuyama","2026-08-07 06:07:42",1110.3,2,kacchanwriting
1892,16668060,"Spiros Skarmoutsos","2026-08-08 12:48:07",1109.5,2,spirosskarmoutsos
1893,16658213,"Ahmet Abdullah Gültekin","2026-08-18 00:20:04",1108.9,2,abdullahgultekin
1894,16695555,S4K50M,"2026-08-12 14:39:41",1108.8,2,setiasaksham
1895,16651332,"Le Viet","2026-08-05 13:14:39",1107.9,2,sleepyssr
1896,16639369,"Kyuhwan Cho","2026-08-06 02:56:08",1107.7,2,octoarden
1897,16623199,"Jesse Ferguson","2026-08-05 00:04:22",1107.5,2,jesseferguson
1898,16635418,ocean240812,"2026-08-07 08:50:56",1107.1,2,ocean240812
1899,16661410,tmxdlr,"2026-08-05 12:40:54",1106.2,2,tmxdlr
1900,16677965,felipe9695,"2026-08-12 21:23:05",1105.2,1,felipe9695
1901,16666242,"Lalwani Palash","2026-08-08 07:45:46",1104.9,2,lalwanipalash
1902,16732878,modelcollapse,"2026-08-17 14:14:38",1104.9,1,modelcollapse
1903,16668329,HakimTaoufik,"2026-08-18 13:06:18",1104.6,2,hakimtaoufik
1904,16666163,"Muthuraman Raman 7","2026-08-06 05:25:09",1102.9,2,muthuramanraman7
1905,16630142,zawawannko,"2026-08-05 03:16:49",1102.2,2,zawawannko
1906,16654209,"Nirav Mehta 1612","2026-08-10 15:41:47",1100.4,2,niravmehta1612
1907,16675873,"Zhu Liang","2026-08-18 03:11:29",1100.3,2,paradite
1908,16663213,"Takahiro Someya","2026-08-10 22:03:09",1099.3,2,takahirosomeya
1909,16666245,"Cagatay Morcicek","2026-08-13 06:53:40",1098.1,2,thisismylabs
1910,16694399,"Sujith Kumar Sashikanth","2026-08-10 00:01:32",1096.6,2,sujithsashi
1911,16632214,roomer,"2026-08-18 07:45:08",1095.8,2,"matsuphy,mqme526,yasunamiura"
1912,16642207,"Nerijus Areska","2026-08-04 00:01:32",1095.7,2,nerijusareska
1913,16666468,"J Penman","2026-08-17 06:09:58",1093.8,2,jpenman
1914,16629699,radiant-allomancer,"2026-08-03 03:43:17",1093.2,2,radiantallomancer
1915,16638909,mbscgi,"2026-08-04 22:48:03",1093.1,2,mbscgi
1916,16622482,"Veniamin Nelin","2026-08-04 19:40:18",1092.8,2,veniaminnelin
1917,16623856,BrandNewYork,"2026-08-13 07:25:55",1089.3,1,brandnewyork
1918,16655493,TheDigitalCK,"2026-08-07 12:31:58",1088.7,2,thedigitalck
1919,16664565,"Wayne Chou","2026-08-05 12:30:14",1088.7,2,ambientz
1920,16664653,Adir,"2026-08-06 21:34:52",1087.2,2,adiradam
1921,16662946,uzair,"2026-08-04 18:40:46",1086.4,2,quantumcurator
1922,16662496,KhalidKhan,"2026-08-05 05:31:07",1086.2,2,feedfeed
1923,16662896,"Adrian Dubois","2026-08-13 22:50:26",1086.1,2,adriandubois
1924,16659883,"Ahmad Hfdx5","2026-08-05 03:33:48",1084.7,2,ahmadhfdx5
1925,16660824,"Stitch Clarity","2026-08-04 15:27:53",1084.3,2,stevenanctil
1926,16632694,8ct10nz,"2026-08-04 12:02:49",1084.1,2,act10nz
1927,16653311,"Stanislav Tsepa","2026-08-17 21:50:10",1083.4,2,mrtsepa
1928,16655501,Savko,"2026-08-09 07:24:30",1082.9,2,savchenko
1929,16659715,masb,"2026-08-15 06:54:26",1081.9,2,affansaied
1930,16623236,"Yonatan Nemtsov","2026-08-06 00:28:01",1081.7,2,yonatannemtsov
1931,16698045,"Vikhas S G","2026-08-18 04:56:07",1081.0,2,vikhassg
1932,16668260,"Yangle Ma","2026-08-11 04:40:59",1081.0,2,yanglema
1933,16664002,"Guilherme Zanini de Sá","2026-08-18 15:26:51",1080.9,2,guilhermezaninides
1934,16722319,"༺ANIS YT༻","2026-08-18 19:07:18",1079.9,2,anisyt
1935,16633580,Vinymo,"2026-08-18 14:41:10",1079.8,2,vinymo
1936,16624600,ariacat,"2026-08-06 07:16:44",1079.6,2,ariacat
1937,16662910,"shoryakumar mishra","2026-08-05 16:05:32",1079.5,2,shoryakumarmishra
1938,16657094,irynavs,"2026-08-13 13:23:56",1078.3,2,irynavs
1939,16650018,EiMengLove,"2026-08-05 10:27:31",1076.8,2,konicty
1940,16650396,RaymondZhao0304,"2026-08-04 00:39:30",1076.5,2,raymondzhao0304
1941,16657942,"Gokul Prasath","2026-08-04 23:38:18",1075.8,2,beastgokul
1942,16654153,"Mateus Cruz, Msc.","2026-08-03 17:44:02",1075.6,1,matteuscruz
1943,16641093,"Satish ","2026-08-15 09:49:31",1073.6,2,satishkommanaboina
1944,16669282,sky233,"2026-08-06 17:06:04",1073.6,2,sky233
1945,16659033,"Farzana Shaju","2026-08-05 07:18:29",1072.3,2,"farzanashaju,shaikhharisjamal"
1946,16659217,Dynamic_fire07,"2026-08-05 18:51:51",1071.8,2,"dynamicfire07,tryingmybest123"
1947,16655534,"Charles Mills","2026-08-06 16:40:27",1071.6,2,charlesqmills
1948,16663178,Sm00thiecodes,"2026-08-07 11:00:29",1070.3,2,sm00thiecodes
1949,16661019,lmq,"2026-08-04 14:47:23",1069.6,2,lmminhquang
1950,16658616,"Amitesh Chaudhary","2026-08-11 10:04:02",1069.4,2,amiteshchaudhary
1951,16621709,smlcr,"2026-08-04 19:35:19",1069.0,2,simulacri
1952,16631261,Monster,"2026-08-04 15:46:32",1069.0,2,tmtngtrng
1953,16655530,AlivRick,"2026-08-05 16:18:54",1069.0,2,alivrick
1954,16658173,Tamizharuvi,"2026-08-13 12:40:22",1068.8,2,tamizh1
1955,16656503,"Thiago Munhoz da Nóbrega","2026-08-04 20:47:37",1067.7,2,thiagommtmn
1956,16678965,MrGS,"2026-08-09 01:18:09",1067.3,2,gabrielsderhll
1957,16661229,Gena,"2026-08-04 15:18:42",1067.0,2,gdonchyts
1958,16637241,M4nd4l0r14n,"2026-08-04 11:53:31",1067.0,2,thiagobcunha
1959,16659676,Light,"2026-08-05 03:07:39",1063.3,2,aadarshashrestha007
1960,16660376,"Ahmed Sedky 0100","2026-08-06 20:56:37",1062.5,1,ahmedsedky0100
1961,16629873,UncleWKTK,"2026-08-18 14:31:48",1061.9,2,unclewktk
1962,16664291,"William Dennis","2026-08-11 07:57:27",1061.9,2,williamdennis
1963,16670527,"Balram Gupta","2026-08-17 09:08:55",1061.8,2,"akankshaparab,bg28898"
1964,16656308,"Srishanth Sriramula","2026-08-08 09:02:13",1061.7,2,srishanthsriramula
1965,16725793,Krilin,"2026-08-15 15:26:06",1059.9,1,krilin
1966,16636148,SanggeunParrk,"2026-08-05 04:04:32",1058.3,2,sanggeunparrk
1967,16734901,Breaking1800,"2026-08-18 19:07:07",1058.0,1,breaking1800
1968,16651157,StupidXie,"2026-08-17 13:33:00",1057.4,2,stupidxie
1969,16627023,"Noah Farr","2026-08-05 08:02:35",1056.1,2,noahfarr
1970,16679861,Pandabueno,"2026-08-12 15:51:48",1055.5,2,ronaldomonzn
1971,16630964,LEEKANG,"2026-08-03 14:10:21",1054.8,2,poby7722
1972,16632097,PavelLiashkov,"2026-08-05 11:59:30",1054.6,2,bigbag1983
1973,16660819,nya654nya,"2026-08-07 04:47:33",1054.5,2,nya654nya
1974,16625921,JinchengZhang1,"2026-08-09 03:45:30",1053.1,2,jinchengzhang1
1975,16629983,Amundsen,"2026-08-05 06:51:46",1052.2,2,amundsen
1976,16665838,wenbodai,"2026-08-06 08:15:25",1051.4,2,wenbodai
1977,16683764,bf01,"2026-08-18 14:30:34",1051.0,2,jalperov
1978,16659761,cheng-han,"2026-08-06 08:16:10",1050.0,2,neoshie
1979,16657671,CyberRacoon,"2026-08-18 02:45:18",1050.0,2,racoontw
1980,16637519,Temprao,"2026-08-03 12:16:43",1049.8,1,maruimono928
1981,16655712,"Smart Manoj","2026-08-04 01:55:13",1049.7,2,smartmanoj
1982,16660853,"lxh unbound","2026-08-05 00:02:02",1049.6,2,lxhunbound
1983,16656170,"Chakrabhuana V  Deva","2026-08-05 06:54:50",1049.1,2,chakrabhuanavdeva
1984,16644390,"Manan Gupta","2026-08-05 17:08:32",1048.9,2,obirdy
1985,16643095,ckyasb,"2026-08-05 14:39:42",1048.7,2,ckyasb
1986,16661010,"Dante Dyches-Chandler","2026-08-05 04:36:09",1047.8,2,dantedycheschandler
1987,16632055,Bugra0,"2026-08-03 22:44:42",1047.4,2,bugra0
1988,16644774,lungjyuanz,"2026-08-07 01:03:20",1045.7,2,lungjyuanz
1989,16624026,"Russell Kirk","2026-08-03 23:47:30",1044.7,2,russcore
1990,16650701,"Oliver Wang","2026-08-03 16:17:36",1044.4,2,oliverwang15
1991,16634752,"Praise the SHOVEL","2026-08-03 16:16:28",1042.9,2,barnobarno
1992,16717665,"Christoffer Thimsen","2026-08-16 15:51:24",1042.7,2,lowasitgoes
1993,16670099,"Jon Snyder","2026-08-06 00:27:21",1042.3,2,snyderj1515
1994,16654707,ManasviSharma,"2026-08-18 16:49:45",1042.0,2,manasvi821
1995,16622760,yunus_bayram_kagle,"2026-08-04 07:49:00",1041.8,2,yunusbayramkagle
1996,16731924,CuddleYokai,"2026-08-18 11:02:17",1041.4,2,cuddleyokai
1997,16676054,"Vladislav Konstantinov","2026-08-08 09:33:35",1041.1,2,vladkonstantinov
1998,16657294,"Ragul M","2026-08-04 07:08:51",1040.6,2,ragul7002
1999,16656444,"christopher athans crow","2026-08-05 00:08:13",1040.2,2,cchrisaa
2000,16640388,SANNNNN,"2026-08-03 18:41:38",1040.0,2,zuhairsan
2001,16666609,"visit palja.co","2026-08-15 03:34:49",1039.1,2,sselrats
2002,16633096,anvai_agents,"2026-08-18 10:44:34",1039.1,2,"anandgaikwad7781,vaidehidhamnikar"
2003,16635238,"Tai Tien Ta","2026-08-04 02:30:44",1038.6,2,tittin
2004,16660152,LIH.YUN,"2026-08-04 14:11:44",1038.5,2,fxlcee
2005,16687649,"Ahmed Berat Özer","2026-08-17 22:27:22",1038.4,2,"ahmedberatozer,omerlleez"
2006,16665196,"Pratham Jain","2026-08-05 05:49:17",1037.8,1,kindasomethin
2007,16657077,_LT_zyc,"2026-08-05 01:01:42",1037.4,1,zyczyc
2008,16657817,"rohith sai midigudla","2026-08-05 12:36:40",1037.0,2,rohithsaimidigudla
2009,16658261,"Manan Khanna","2026-08-04 07:41:27",1036.8,1,manankhanna0
2010,16707303,meTeam,"2026-08-17 18:32:34",1035.1,2,aaronzribi
2011,16665764,"izh yng","2026-08-06 13:02:07",1034.4,2,izhyng
2012,16666900,sooflee,"2026-08-12 14:19:50",1033.9,2,sooflee
2013,16652339,"Mohamed Amine Rebhi","2026-08-03 16:03:07",1033.2,2,mohamedaminerebhi
2014,16641751,Hikari_30,"2026-08-18 07:24:23",1033.0,2,hikari30
2015,16658562,mashBrian254,"2026-08-04 10:48:33",1032.8,2,mash1990
2016,16632138,kaggle_bbgg,"2026-08-05 11:59:35",1032.8,2,kagglebbgg
2017,16640472,"Vsevolod Rakita","2026-08-13 11:30:29",1031.8,2,vsevolodrakita
2018,16640619,"Sơn Nguyễn","2026-08-05 13:42:53",1031.5,2,sonnguyen10
2019,16626462,mango,"2026-08-04 01:06:57",1030.4,2,mango789
2020,16654548,trynaCode,"2026-08-06 16:35:17",1030.1,2,siddarthnayak50
2021,16665399,"Shivam Shrivastava","2026-08-13 15:32:37",1029.5,2,shivamshrivastava180
2022,16716522,"Lavanya Bacche","2026-08-17 08:43:40",1029.0,1,lavanyabacche
2023,16657395,"Uchechukwu Ajuzieogu","2026-08-04 08:04:14",1028.7,1,uchechukwuajuzieogu
2024,16661532,"Fedor Baart","2026-08-05 12:34:21",1028.2,1,fedorbaart
2025,16654006,"Harish Dhanarajan","2026-08-03 17:23:50",1027.6,1,harishdhanarajan
2026,16658852,"Chhaya Awasthi","2026-08-04 09:37:05",1026.9,2,chhayaawasthi
2027,16660988,"AI After Hours","2026-08-18 14:19:32",1026.5,2,"akshaythammana,mmehersaipreetam"
2028,16707639,Fujinawa,"2026-08-18 13:48:11",1026.0,2,wasshoiwasshoi
2029,16661670,sansm1,"2026-08-04 16:54:59",1025.9,2,sansm1
2030,16721639,"Ankit Sain","2026-08-15 13:32:20",1025.5,2,thisankitsain
2031,16637797,"Xiangchen Li","2026-08-04 09:47:59",1025.4,2,xiangchenli07
2032,16628727,dominyellow,"2026-08-04 11:44:21",1025.3,2,dominyellow
2033,16655632,"Dmitry Kozlov","2026-08-04 03:24:59",1024.3,1,dkozlov
2034,16667479,"Leon Christians","2026-08-18 18:57:22",1023.7,2,leonchristians
2035,16623691,KevlarZanderChi,"2026-08-04 08:58:58",1022.9,2,kevlarzanderchi
2036,16639241,"Alissa King","2026-08-04 05:05:30",1020.9,2,alissaking
2037,16632686,strike,"2026-08-06 06:21:38",1020.0,2,nicolia
2038,16653093,"willam wu","2026-08-03 15:03:01",1019.9,1,biaaib
2039,16659565,Tekin24,"2026-08-13 21:25:21",1019.7,2,tekin24
2040,16660318,"Aiman Al-Shalfi","2026-08-05 11:59:43",1018.4,2,aimanalshalfi
2041,16623732,A.S.TENSHU,"2026-08-17 16:25:35",1018.0,2,kirvk013
2042,16634213,kkunizaw,"2026-08-03 20:47:58",1017.9,2,kkunizaw
2043,16633190,Gigrise,"2026-08-03 19:44:20",1017.3,2,gigrais
2044,16646970,juewang1p,"2026-08-13 03:18:21",1015.3,2,juewang1p
2045,16652451,JackGong,"2026-08-03 11:32:11",1014.8,1,jackgong
2046,16657449,"Тимофей Мартыщенко","2026-08-05 17:20:55",1013.9,2,timmass2
2047,16659467,AlexMoura2026,"2026-08-18 16:28:31",1013.5,2,alexmoura2023
2048,16663273,"Mason Frias","2026-08-06 22:57:08",1013.3,2,masonfrias
2049,16659435,Zerabyte_X,"2026-08-04 09:52:16",1012.8,1,zerabytex
2050,16714365,meryol,"2026-08-17 20:15:09",1012.6,2,meryol
2051,16652560,"Ahmed Samir","2026-08-03 12:15:01",1012.5,2,ahmedsamir1598
2052,16664221,Anish,"2026-08-14 00:53:48",1011.2,2,anishmunje
2053,16654946,AliLucky,"2026-08-05 15:07:59",1010.5,2,alilucky
2054,16651180,yangyefd,"2026-08-03 08:42:57",1008.2,1,yangyefd
2055,16655396,Tesla1AC,"2026-08-08 08:18:09",1006.6,2,mathornton
2056,16635159,Abdulsamad,"2026-08-06 11:48:04",1006.4,2,abdulsamadjod1234
2057,16663096,Agola_dasacic,"2026-08-04 20:07:50",1006.2,2,mnu303
2058,16631978,"batuhan kalem","2026-08-02 22:12:00",1005.5,2,batuhankalem
2059,16656171,ishu,"2026-08-04 03:27:45",1004.5,2,ishhverma
2060,16632262,Milkomeda,"2026-08-03 05:09:15",1004.4,2,milkomeda74583
2061,16639570,"Vishesh Banna","2026-08-04 05:37:32",1003.3,1,visheshbanna
2062,16690050,PersistentLife,"2026-08-08 17:16:17",1003.0,2,persistentlife
2063,16656337,"Prashant Kikani","2026-08-04 04:03:37",1002.5,1,prashantkikani
2064,16639471,CaminoLSY,"2026-08-05 01:22:09",1002.1,2,lsy37521
2065,16698596,ymok,"2026-08-11 11:54:02",1001.9,1,iromao
2066,16663407,Denis,"2026-08-11 17:42:21",1001.7,2,matsiusheuski
2067,16682336,"Çınar Efe Yetişen (Student)","2026-08-18 18:57:53",1001.5,2,narefeyetienstudent
2068,16661376,"YERMES AMINE","2026-08-04 14:13:45",1001.1,1,yermes
2069,16677774,"Abdulatif Mahgoub","2026-08-18 15:26:41",1001.1,2,abdulatifmahgoub
2070,16644566,"Guangjian Dong","2026-08-02 23:59:18",1000.4,1,guangjiandong
2071,16626732,islet,"2026-08-18 05:53:28",1000.2,2,kojimar
2072,16651613,"Devin Zhou","2026-08-05 02:27:36",1000.2,2,devinzhou
2073,16688884,"As Wasti","2026-08-14 01:34:26",999.1,2,aswasti
2074,16687135,"Kavya Bhandari","2026-08-18 16:02:10",998.0,2,kavyabhandari1998
2075,16624651,"Zihao Zeng","2026-08-03 00:46:30",997.8,2,zihaozeng0021
2076,16654271,"Sophie and Yanna","2026-08-18 14:58:25",997.3,2,"morty3500,sophanie"
2077,16629308,Sutee,"2026-08-16 13:53:54",996.8,2,lszlst
2078,16669227,"Tom Dufresne","2026-08-07 11:17:39",995.2,2,tadufre
2079,16644882,"SAMOILOV MIKHAIL","2026-08-03 02:10:04",994.4,1,samoilovmikhail
2080,16639155,"Arturo Gutiérrez Aguilar","2026-08-04 16:08:19",994.2,2,jarturo
2081,16661353,mithi,"2026-08-11 20:04:07",993.4,2,singhaleo
2082,16641489,suminshim,"2026-08-03 06:24:39",993.4,2,suminshim
2083,16680239,"Marinto Richee J","2026-08-12 08:21:02",992.9,2,marintoricheej
2084,16654235,"Mwanza Wambua","2026-08-06 10:16:13",992.8,2,mwanzawambua
2085,16720913,Candidates,"2026-08-17 22:41:14",992.7,2,"ulyanovmmm,vladimirarchipov"
2086,16672672,Koiiiiiopen,"2026-08-08 06:25:21",992.6,2,koiiiiiopen
2087,16633808,mmath2,"2026-08-07 10:52:38",991.5,2,mmath2
2088,16686483,"all in kaggle","2026-08-13 14:32:40",991.4,2,leonstew
2089,16665134,edteoh,"2026-08-18 13:04:58",991.4,2,edteoh
2090,16672264,iiTz_AK,"2026-08-15 12:18:44",991.3,2,iitzak
2091,16623020,Muhandro,"2026-08-02 21:16:30",990.4,2,muhandro
2092,16706523,"Aussie lover","2026-08-18 08:57:53",990.3,2,aussielover
2093,16625082,真的懒,"2026-08-03 09:47:50",989.7,2,gtccc9
2094,16630111,jannchie,"2026-08-04 19:09:17",988.7,2,jannchie
2095,16633083,bsenst,"2026-08-07 12:38:47",985.5,2,bnzn261029
2096,16651257,PursueML,"2026-08-03 09:34:56",985.3,2,pursueml
2097,16644185,"Mimic Mohsin","2026-08-02 18:38:46",983.4,1,mimicmohsin
2098,16655596,Bela,"2026-08-04 01:18:06",983.3,1,istribaik
2099,16655187,cmxu,"2026-08-05 05:31:07",983.1,2,cmxu77
2100,16729165,コーラ,"2026-08-18 03:17:56",982.3,2,cola0912
2101,16671980,601918_กิตติพงศ์,"2026-08-08 08:28:12",981.2,2,bluexg5502
2102,16655588,"The Devil's World 678","2026-08-07 10:39:23",980.9,2,thedevilsworld678
2103,16643692,Samsay24,"2026-08-02 17:22:45",980.8,1,samsay23
2104,16623298,Mikhail_Komkin,"2026-08-02 20:14:28",980.5,2,mikhailkomkin
2105,16623448,HoJoonYun,"2026-08-09 13:43:43",979.9,2,hojoonyun
2106,16709136,ryanocm,"2026-08-13 15:08:49",978.9,2,ryanong
2107,16658048,"Joel jaison 391","2026-08-05 02:31:57",978.6,2,joeljaison391
2108,16632240,Deepseek的恩情还不完,"2026-08-02 17:23:11",978.6,2,"iwanys,pedianeko,realybin"
2109,16622835,"Max Manushin","2026-08-06 00:01:08",977.8,2,innerf1re
2110,16665919,"Labmem Tang","2026-08-15 07:10:35",977.8,2,labmemtang
2111,16640811,cyberia,"2026-08-02 09:12:23",976.1,1,cyberia
2112,16639473,"Jeff Borschowa","2026-08-02 00:39:11",975.8,2,jeffborschowa
2113,16699091,Umkaaa,"2026-08-11 08:35:05",975.8,2,umkaaa
2114,16655603,"Veeranuch Leelalai","2026-08-11 12:55:29",975.6,2,veeranuchleelalai
2115,16621831,"Tsung-Yeh, Hsieh","2026-08-10 06:49:43",975.0,2,"tsungyehhsieh,xinyuloong"
2116,16659996,Schwifty,"2026-08-12 20:01:01",975.0,2,schwiftyc137
2117,16658349,lingxiaojun,"2026-08-18 01:43:31",974.7,2,lingxiaojun
2118,16665293,"ADITYA BEECHA","2026-08-10 05:16:38",973.5,2,bechaaditya
2119,16729800,"Alchemical Retard.","2026-08-18 09:33:58",973.5,2,alchemicalretard
2120,16677752,"Senya Ka","2026-08-08 19:16:00",973.2,2,m1greatcool
2121,16623697,yuto083,"2026-08-18 17:59:32",973.1,2,yuto0712
2122,16668633,peien5,"2026-08-06 14:44:47",973.0,2,peien5
2123,16634650,UnfriendlyAI,"2026-08-04 03:50:36",972.9,2,unfriendlyai
2124,16632788,"Bright O.H.","2026-08-10 05:40:01",972.8,2,brightoh
2125,16656941,"Winter Lamb","2026-08-17 04:52:01",971.4,2,fabiansyahcahyo
2126,16662904,Bharathms1902,"2026-08-08 11:41:54",971.3,2,bharathms1902
2127,16622312,"Malak Reda","2026-08-03 09:02:41",971.3,2,malak457
2128,16637489,"Gopal Krishna Gundumalla","2026-08-02 12:39:17",971.2,2,gopalkrishnag
2129,16634128,ZechHuang,"2026-08-18 13:47:35",970.4,2,zechhuang
2130,16675452,Vladislav,"2026-08-12 13:58:35",970.3,2,simmeringoverstep
2131,16623389,"Mominul Islam Hemal","2026-08-02 11:23:03",970.0,2,mominulislamhemal
2132,16707453,"Kaan Dınız","2026-08-16 18:18:27",969.6,2,kaandnz
2133,16656379,"Jay Gautam","2026-08-12 12:19:40",968.0,2,jaygautam007
2134,16654419,kreiack,"2026-08-09 23:47:00",967.9,2,kreiack
2135,16662222,MinerUNLEASHED,"2026-08-18 03:55:56",966.8,2,minerunleashed
2136,16700265,Reesav,"2026-08-10 14:15:06",966.7,2,reez08
2137,16665230,"Jack Burley","2026-08-18 08:41:56",966.2,2,jackburley
2138,16635680,starclan,"2026-08-14 17:50:55",965.4,2,starclan
2139,16632571,"nishchal jain","2026-08-03 07:27:14",964.9,2,nishchaljainds
2140,16702909,SG4265,"2026-08-13 13:51:05",964.3,2,sg4265
2141,16639567,YassY_The_AlchemYst,"2026-08-11 15:07:03",963.3,2,yassineelhallaoui
2142,16716558,"Evan Tobias","2026-08-16 00:08:40",963.1,2,evantobias
2143,16653122,Wei_Chance,"2026-08-18 16:13:36",961.9,2,bystanderq
2144,16669392,cobrapigeon,"2026-08-18 19:00:02",961.6,2,cobrapigeon
2145,16622940,"Enrico Ambrosio","2026-08-06 19:56:30",959.2,2,enricoambrosio
2146,16693903,"Alief Randiansyah","2026-08-09 09:37:39",958.9,1,"aliefrandiansyah,salsaaghnia"
2147,16674543,"Sujal Agarwal2301","2026-08-09 13:37:43",958.4,2,sujalagarwal2301
2148,16663187,"Teddy McBride","2026-08-07 03:59:53",957.2,2,tedcr100
2149,16658569,"Danu A.","2026-08-05 13:12:09",957.2,2,eu1234
2150,16634022,"Cihan Atak","2026-08-02 16:00:43",956.8,2,cihanatak
2151,16634036,"Emanuel Lázaro","2026-08-02 14:55:30",956.7,2,emanuellcs
2152,16670424,"Josep Audenis","2026-08-11 17:52:07",956.3,2,josepaudenis
2153,16643319,Jules,"2026-08-02 16:31:37",956.0,2,julesvanligtenberg
2154,16664246,"Sida Zuo","2026-08-17 20:37:29",955.4,2,sidazuo
2155,16703315,"Ryan Triplett","2026-08-18 18:19:01",954.4,2,ryantriplett
2156,16696208,"kazwzn S","2026-08-15 11:38:21",954.2,2,kazwzns
2157,16667516,Rosastella,"2026-08-05 16:00:48",953.9,2,rosastella
2158,16732685,Tanmay,"2026-08-18 08:05:07",953.8,2,blankkz
2159,16657419,"Saivedant Hava","2026-08-05 06:36:39",953.2,2,saivedanthava
2160,16678370,"Chenhao Wang","2026-08-07 06:37:46",952.6,1,wangles
2161,16659920,vkhydras,"2026-08-18 16:57:21",950.9,2,vickimar
2162,16718579,"Nazariy Karpov","2026-08-18 07:28:29",949.0,2,nazariykarpov
2163,16670842,Cole,"2026-08-15 19:50:43",948.9,2,colechristensen
2164,16639330,"Dead Signal Works","2026-08-02 12:40:32",948.1,2,brooklynhalmstad
2165,16623128,AdamJonesJohnson,"2026-08-01 14:14:03",947.2,2,adamjonesjohnson
2166,16661685,"Lê Ngọc Lâm","2026-08-13 15:29:40",946.6,2,lengoclam
2167,16725432,Ezra,"2026-08-18 16:11:19",945.7,2,ezberch
2168,16665994,Rakhansyah,"2026-08-18 18:46:10",945.1,2,rakhansyah
2169,16663444,Thomas,"2026-08-11 04:21:42",943.6,2,tartieret
2170,16632536,"Aleksander Sachuk","2026-08-02 21:33:27",943.4,2,alexsssachuk
2171,16658252,"Krishnan CS","2026-08-18 13:32:03",943.2,2,krishnanchathadi
2172,16626217,"Stanislav Chistyakov","2026-08-05 18:52:47",942.9,2,chistyakov
2173,16717414,"Akshit Sivaraman","2026-08-13 14:43:40",942.3,2,akshitsivaraman
2174,16719006,bouiboui,"2026-08-18 15:12:08",941.7,2,bouiboui
2175,16640877,Yorix.um,"2026-08-02 13:31:28",941.5,1,yorixum
2176,16641068,"Rahul Ray","2026-08-05 14:27:07",941.3,2,rahulray5
2177,16672035,diet1236364,"2026-08-09 23:37:45",941.0,2,kosuke123
2178,16647324,GG-bond,"2026-08-18 06:21:23",940.7,2,wyhwyh123
2179,16630760,dkzmn,"2026-08-18 19:02:37",940.1,2,dmkzmn
2180,16636105,"Md. Mehedi Hasan","2026-08-01 14:03:03",937.4,2,mehedi052
2181,16658264,XiweiZhou,"2026-08-17 20:12:31",934.8,2,xiweizhou
2182,16635177,Zacchaeus,"2026-08-07 07:04:15",934.7,2,zacchaeus
2183,16639719,JASONSLIMWONG,"2026-08-02 08:11:22",934.0,2,jasonslimwong
2184,16646360,"Asrith Singampalli","2026-08-03 08:46:59",934.0,2,asrithsingampalli
2185,16658365,"Hoo Woo","2026-08-18 16:32:14",932.2,2,hoowoo
2186,16654743,"Jaume Batlle i Ferrer","2026-08-18 15:22:17",932.1,2,jaumebatlleiferrer
2187,16642662,CdeTilly,"2026-08-08 08:26:37",931.3,2,cdetilly
2188,16674532,"shoaib khan","2026-08-08 01:57:11",930.4,2,manifoldinfo
2189,16639973,akky,"2026-08-03 15:39:41",930.2,2,tellxxx
2190,16678666,"Rudranarayan Pradhan","2026-08-09 12:28:32",930.2,2,itzrnp
2191,16727544,"Mostafa H","2026-08-18 12:20:02",929.4,2,mostafahaghiri68
2192,16652984,hxaxd,"2026-08-05 15:09:49",929.3,2,hxaxdcs
2193,16666195,"Yihan Guo","2026-08-18 17:51:53",929.1,2,yihanguo
2194,16677514,mayoristaNLP,"2026-08-09 16:33:23",928.9,2,mayoristanlp
2195,16698366,Fateyongheng,"2026-08-17 15:08:58",928.7,2,fateyongheng
2196,16709800,nubx,"2026-08-18 00:38:27",928.6,2,manrajjitsidhu
2197,16692350,"Emerson Suarez","2026-08-16 05:09:13",925.6,2,jericksystem32
2198,16664439,"Tony T","2026-08-18 07:36:01",924.8,2,thekke
2199,16668923,"duy tran","2026-08-10 18:38:49",924.5,2,duytran23
2200,16662633,"Shekhar Suman","2026-08-15 19:17:49",924.4,2,shekharvc
2201,16622015,"Ioannis M","2026-08-06 08:12:21",923.8,2,imeintanis
2202,16664249,"Rohan Jain","2026-08-17 20:26:14",923.4,2,rohanjain2312
2203,16663678,"Fabiano Adelino","2026-08-17 22:58:04",922.9,2,fabianoadelino
2204,16662166,rex,"2026-08-16 16:31:05",922.9,2,hduynguyen
2205,16718202,"Abhi Kumar Agrawal","2026-08-18 09:52:24",921.8,2,abhikumaragrawal
2206,16705242,"Chonghao Peng","2026-08-18 00:45:44",921.6,2,chonghaopeng
2207,16638551,SC,"2026-08-01 17:02:17",921.5,1,ryosketchbook2007
2208,16667058,"Lê Quốc Duy","2026-08-08 01:03:08",921.2,2,lqucduy
2209,16662984,"Mark Schatza","2026-08-18 18:12:36",921.0,2,markschatza
2210,16723620,3정훈,"2026-08-18 15:06:02",919.8,2,az05192000gmailcom
2211,16696267,"yu lesui","2026-08-10 05:41:40",918.7,2,yulesui
2212,16637340,the_vinci_coder,"2026-08-03 16:27:16",918.5,2,lokijt
2213,16670365,"Konstantin Alekseev","2026-08-10 10:58:09",918.5,2,alekskst
2214,16688429,"Omrani Rabah","2026-08-11 22:19:21",918.2,2,omranirabah
2215,16668123,B0RN2BL0W0UT,"2026-08-08 19:10:45",914.7,2,kadenmansur
2216,16664103,izack2666,"2026-08-07 14:41:10",913.0,2,izack2666
2217,16703203,"Hamza Shafik ","2026-08-17 23:48:06",912.8,2,hamzashafik12
2218,16669466,"vuppuluri sriramsubhash","2026-08-06 08:42:50",912.1,2,vuppulurisriram
2219,16658452,"The Croptimiser","2026-08-06 05:07:52",911.9,1,driessmit1
2220,16666165,ChrisLeiteScha,"2026-08-14 22:14:15",910.9,2,chrisleitescha
2221,16666341,"Ege Güvener","2026-08-15 22:55:16",910.9,2,egegvener
2222,16678044,BJFC,"2026-08-16 09:15:05",909.7,2,"harshithharithsa,svsumanth"
2223,16731636,関西人,"2026-08-18 04:04:18",909.2,2,m1333666888
2224,16664683,"Halapeño Farms","2026-08-18 09:51:37",908.7,2,haladaj
2225,16688868,AlbanMaurel7,"2026-08-14 01:34:07",908.3,2,albanmaurel7
2226,16665816,Vikas1306,"2026-08-10 05:53:19",908.2,2,vikas1306
2227,16691481,"Aditi Salvi","2026-08-18 15:24:53",908.0,2,aditisalvi04
2228,16634876,MakiMakiAi,"2026-08-02 07:52:40",907.4,2,makimakiai
2229,16665133,"Abhishek Dubey","2026-08-10 13:28:57",905.3,2,abhishekdubey911
2230,16715255,"xiaocai liu","2026-08-13 09:31:26",905.3,2,xiaocailiu
2231,16674447,"Nathan Thor","2026-08-11 15:09:57",904.8,2,devofpie
2232,16670759,"Lemmes Yad","2026-08-09 04:37:37",904.5,2,"austinsemmel,jonallday"
2233,16730449,"Shinichiro Yoshida","2026-08-18 04:06:59",904.0,2,sysd00
2234,16666391,"Harshpreet Singh","2026-08-06 10:32:51",903.9,2,harshpreet931
2235,16733766,Paarthpowa,"2026-08-18 16:07:39",903.6,2,paarthpowa
2236,16623616,nasubiman,"2026-08-01 16:20:44",902.3,2,yousukenakamura
2237,16697893,YWehbe,"2026-08-14 15:19:56",901.8,2,youssefwehbe
2238,16659465,AravindLochan,"2026-08-17 10:29:21",901.1,2,aravindlochan
2239,16663933,AnshV1,"2026-08-06 03:03:35",901.1,2,anshv1
2240,16688587,yamashu,"2026-08-14 09:55:48",900.4,2,yamashuuu
2241,16730180,zshandy,"2026-08-18 08:14:08",900.0,2,zshandy
2242,16663403,"Matthew Huang","2026-08-16 23:25:45",899.9,2,matthewwh
2243,16666452,"victor souza","2026-08-09 17:07:51",899.1,2,victorcaio
2244,16662375,"Yunusa Hussein Adeiza","2026-08-14 22:12:49",898.7,2,yunusahusseinadeiza
2245,16726093,CocoTeam,"2026-08-18 14:22:45",898.5,2,"albaasca,ceemeese"
2246,16726617,"Chase Lebarv","2026-08-18 01:40:56",898.5,2,chaselebarv
2247,16658272,"Yash Katiyar","2026-08-08 20:17:05",898.3,2,yashkatiyar409
2248,16659174,Soulwood,"2026-08-12 03:19:57",898.3,2,soulwood
2249,16668998,WarRusher,"2026-08-12 04:25:46",898.0,2,warrusher
2250,16632224,yamakawanin,"2026-08-16 13:09:57",897.7,2,yamakawanin
2251,16632266,"(ノ◡ <)","2026-08-17 05:00:19",897.3,2,nawfeelrahman1124444
2252,16661467,sh_sub97,"2026-08-12 15:20:25",897.2,2,shsub97
2253,16639810,gytdrop,"2026-08-14 12:47:28",895.7,2,"kartikeyrajbhar,shaikaktharali"
2254,16708369,JairSanchez151270,"2026-08-11 16:30:55",895.4,2,jairsanchez151270
2255,16658050,"changwei shi","2026-08-18 02:45:47",894.6,2,changweishi
2256,16705345,"DEMON JI","2026-08-14 15:02:11",894.4,2,demonji04
2257,16712567,PatWid,"2026-08-18 17:17:20",893.6,2,patwid
2258,16657095,"Prashant Kumar","2026-08-14 07:54:33",893.4,2,praskr
2259,16659749,"Kavsik YVS","2026-08-14 11:07:40",890.7,2,kavsiku0512
2260,16680290,prospers,"2026-08-12 10:00:34",890.7,2,prospers
2261,16662050,HandsOffMyBigMelons,"2026-08-13 22:00:12",890.4,2,scrattle
2262,16624645,"Closed Loop","2026-08-18 06:55:34",889.1,2,hobbisttech
2263,16697185,"Prince Special","2026-08-18 10:13:09",888.7,2,temitayogbolahan
2264,16655381,"Varshith K","2026-08-17 05:09:43",888.4,2,var3604
2265,16732792,amaotone,"2026-08-18 19:14:37",888.3,2,amaotone
2266,16635049,rooklift,"2026-08-16 06:27:36",888.1,2,rooklift
2267,16671659,Jiang,"2026-08-18 08:23:37",887.2,2,jncq2006
2268,16655062,KKS,"2026-08-08 07:36:03",886.0,2,sachisgod
2269,16636725,shichi,"2026-08-11 12:47:35",885.1,2,shichi
2270,16634493,xixi,"2026-08-01 09:51:45",884.9,2,huangcarry26
2271,16692954,"Adam Nhan","2026-08-16 19:10:48",884.5,2,asnhan
2272,16667880,BONPU👨‍🌾,"2026-08-12 04:59:48",884.2,2,"shin9915,syamoji141chan"
2273,16688568,Sophie555,"2026-08-18 12:27:26",883.9,2,sophie555
2274,16631421,cg,"2026-08-18 16:50:12",883.5,2,chaitanyagarg2
2275,16667839,Viet-Tien,"2026-08-18 09:16:29",882.9,2,tiena2cva
2276,16698281,Neural,"2026-08-18 10:56:29",882.4,2,kevinkoza
2277,16667762,KucingGanteng,"2026-08-13 03:51:33",881.7,2,dhiyaussalam
2278,16694269,Aftxb,"2026-08-11 14:58:08",881.4,2,aftxb07
2279,16644221,"Guzha Panashe H","2026-08-05 16:55:21",880.1,2,guzhapanasheh
2280,16654791,"Dev Rath","2026-08-18 05:25:01",879.5,2,devbratrath
2281,16718039,Uman_n3l,"2026-08-18 12:51:24",879.5,2,umann3l
2282,16717253,Sybery_AI,"2026-08-18 18:00:15",878.9,2,syberyai
2283,16697844,Noobykiller16,"2026-08-15 06:08:27",877.6,2,noobykiller16
2284,16689430,"Terry Luo","2026-08-18 11:01:02",876.7,2,eimhluo1764
2285,16684710,"Pratik Singh","2026-08-11 11:34:48",874.9,2,pratikks11
2286,16663356,Farm-ops,"2026-08-06 23:27:37",874.1,2,"dakotavannauker,tsho01"
2287,16623645,"ayutin tin","2026-08-14 07:48:31",872.6,2,ayutintin
2288,16627906,"Tergel Munkhbat","2026-08-07 09:29:02",871.8,2,tergelmunkhbat
2289,16634824,yuki16,"2026-08-01 06:41:38",870.4,1,yuki16
2290,16710621,(´･_･`),"2026-08-16 07:14:53",870.3,2,tanakh
2291,16674324,"luca fregona","2026-08-08 13:37:49",870.0,2,lucafregona
2292,16658487,radozaprazny,"2026-08-17 02:17:07",869.9,2,radozaprazny
2293,16622567,"Georgy Mamarin","2026-08-18 14:32:13",869.5,2,georgymamarin
2294,16666665,Team-Veraxion,"2026-08-18 09:35:40",867.9,4,"anuragvelekat,ayushiitomar,faizmemon,hariharigandikota"
2295,16662486,"KOTHAPALLI DILEEP","2026-08-10 12:06:14",867.5,2,kothapallidileep
2296,16656072,Vespidae,"2026-08-14 03:30:03",867.4,2,ianapis
2297,16663584,"Deployable LLMs","2026-08-18 17:14:05",866.5,2,"lucasveronese,planetoidleser,sinhakprat"
2298,16665301,EricYang03,"2026-08-13 15:49:11",866.3,2,ericyang03
2299,16666784,"Michał Łapiński","2026-08-17 12:58:16",865.8,2,michaapiski
2300,16655142,"Stanislav Kuznetsov","2026-08-16 12:13:34",865.6,2,drtduck
2301,16709967,Matsu,"2026-08-12 03:35:07",865.0,2,matsuzawahayato
2302,16623932,"Axel Ahmer","2026-08-18 08:00:08",864.4,2,blondie1
2303,16668819,"ahmedou sidi med","2026-08-18 08:12:34",864.3,2,ahmedousidimed
2304,16673346,gabrielep09,"2026-08-11 01:52:41",864.2,2,gabrielep09
2305,16719065,"Aldo Rizona","2026-08-17 15:32:26",864.1,2,aldorizona
2306,16623603,"Renji Starfall","2026-08-18 17:17:08",863.7,2,renjistarfall
2307,16688929,"Kangqiao LIU","2026-08-18 07:44:55",863.2,2,kangqiaoliu
2308,16679295,Mk26,"2026-08-08 16:14:21",862.9,2,"manishk26,mans31"
2309,16723241,TrinhDung16,"2026-08-15 16:23:32",861.6,2,trinhdung16
2310,16635872,"Evgeniya Dmitrieva","2026-08-01 11:48:30",861.5,1,evgeniyadm
2311,16718539,"Divyansh Agrawal","2026-08-14 06:58:46",861.4,2,spartan1925
2312,16641230,"An V1","2026-08-16 18:09:20",860.9,2,barakuga
2313,16704985,"Ethan Marchisano","2026-08-15 01:41:51",860.7,2,ethanmarchisano
2314,16631090,yoikoarmor,"2026-08-09 07:01:44",859.1,2,yoikoarmor
2315,16675475,"Andrey Aristov","2026-08-10 22:02:24",859.1,2,andreyaristov
2316,16660548,"Viraj Bakshi","2026-08-08 18:50:11",859.1,2,virajbakshi
2317,16713877,FunnyBishop,"2026-08-16 03:19:24",858.2,2,funnybishop
2318,16664360,"Rohan L","2026-08-18 01:49:02",858.1,2,rohanlopes
2319,16661943,"Cow Wizard","2026-08-14 02:14:58",857.3,2,cowwizard321
2320,16663784,Aniketh2k7,"2026-08-10 06:02:02",856.5,2,aniketh2k7
2321,16687883,CherylStoned,"2026-08-11 22:53:28",856.3,2,cherylstoned
2322,16664149,"Bushel Seed","2026-08-12 17:10:56",855.8,2,"dmyung,nicholasmschwartz"
2323,16671217,"Akshay V","2026-08-14 14:40:23",855.2,2,akshayv1001
2324,16655744,"Ademola Arigbabuwo","2026-08-11 00:30:09",854.5,2,princedemo
2325,16668168,"Ashutosh Ghodasara","2026-08-10 12:23:21",854.5,2,"asce09,attiraina,hashlord"
2326,16668021,"bali rasem","2026-08-07 16:15:13",854.0,2,balirasem
2327,16631573,uesi,"2026-08-01 12:04:04",853.9,1,uemura687
2328,16663614,Nevska,"2026-08-15 01:11:35",853.8,2,nevska
2329,16683288,HuaLQin,"2026-08-17 18:01:38",853.6,2,hualqin
2330,16668089,Goller,"2026-08-18 06:32:14",852.1,2,goller
2331,16676308,DC,"2026-08-18 16:35:45",851.8,2,choudahchiun
2332,16675661,June_mk,"2026-08-17 03:05:21",851.7,2,jungoto
2333,16663361,protoLabs.studio,"2026-08-06 18:39:50",851.6,2,protolabsstudio
2334,16664205,"shr Wei","2026-08-12 02:09:40",851.2,2,shrwei
2335,16664828,Leon,"2026-08-09 09:00:09",851.1,2,leonmyl
2336,16668868,tawashi,"2026-08-13 06:51:45",851.0,2,tawashi
2337,16623555,yindujuxi,"2026-08-01 10:11:35",850.2,2,yindujuxi123
2338,16692569,"Mark Kirwan","2026-08-18 15:44:19",850.0,2,markkirwan1990
2339,16638667,"Sarvesh Nikas","2026-08-13 06:50:00",849.6,2,sarveshnikas
2340,16705417,fuxi,"2026-08-16 07:53:46",849.2,2,"padyue,pytorch5009asd"
2341,16655339,harmo-miu,"2026-08-16 01:30:58",849.1,2,harmomiu
2342,16636454,epigene,"2026-08-02 10:14:52",848.7,2,nadhu59648
2343,16664024,"Juan David Bolanos","2026-08-13 17:06:00",848.7,2,juandavidbolanos
2344,16663659,"Omer Rehman","2026-08-17 01:51:42",848.4,2,omerrehman97
2345,16709872,"Tim McGarvey","2026-08-18 02:47:58",847.7,2,timmcgarvey
2346,16665984,hepialidae,"2026-08-10 16:05:19",847.2,2,hepialidae
2347,16665120,nobody,"2026-08-13 14:48:45",846.3,2,rajesh1729
2348,16663238,"Francesco Zaccaria","2026-08-18 05:58:39",845.9,2,francescozaccaria
2349,16635004,"jacob OKOTH O","2026-08-02 05:57:05",845.6,1,jacobokotho
2350,16664241,payoon,"2026-08-07 08:24:05",845.0,2,payoon1234
2351,16697461,Agricroporation,"2026-08-18 09:36:39",844.5,2,"algionightly,kroissant7,officialabhinavsingh"
2352,16657904,xfhdh1,"2026-08-08 16:06:45",843.8,2,xfhdh1
2353,16633923,JackyFan123,"2026-08-01 15:22:04",843.3,2,jackyfan123
2354,16624277,"D S S Kumar","2026-08-10 03:22:55",843.2,2,satrusskumar
2355,16658602,aldoktvns,"2026-08-04 15:51:08",842.2,2,alrette
2356,16656501,"Thái Phạm Công","2026-08-05 03:59:47",842.2,2,thaipc
2357,16635668,"Mirza Yasir Abdullah Baig","2026-08-01 10:46:16",842.0,1,myab07
2358,16694779,JacobKooi,"2026-08-10 09:16:35",841.5,2,jacobkooi
2359,16657570,"Guruprasad Parasnis","2026-08-10 12:04:57",841.3,2,guruprasadparasnis
2360,16656274,googunmo,"2026-08-08 01:13:58",840.9,2,googunmo
2361,16665342,Prothos,"2026-08-11 10:23:22",838.8,2,vjuenemann
2362,16633928,ghostiee11,"2026-08-01 01:33:25",838.6,1,ghostiee11
2363,16632950,"Adil Khabibullin","2026-08-04 15:54:11",838.3,2,adilkhabibullin
2364,16687808,GorillaGhost,"2026-08-13 23:23:10",838.3,2,gorillaghost
2365,16639492,"Vishnu R Mohan","2026-08-08 20:36:19",837.8,2,vishnurmohan
2366,16708189,Facouse,"2026-08-11 16:09:17",837.4,2,facouse
2367,16672103,"fred mahinay","2026-08-14 10:59:45",836.9,2,fredmahinay
2368,16655423,"Roland Luethy","2026-08-18 16:52:01",836.6,2,rluethy
2369,16669561,"Nikunj Pahwa","2026-08-15 20:04:36",836.5,2,nikunjpahwa
2370,16630519,"Mehmet Özer","2026-08-01 16:51:55",835.0,2,ozermehmet
2371,16630741,mrk,"2026-08-05 09:49:44",834.7,2,matsubaratakuji
2372,16657610,"H Bharath","2026-08-09 19:10:38",834.5,2,hbharath
2373,16656162,Marisyn,"2026-08-18 18:19:19",833.4,2,marisyn
2374,16623886,onepunch999,"2026-08-01 07:30:37",833.0,2,onepunch999
2375,16670420,"Mihir Argulkar","2026-08-07 20:03:15",832.9,2,mihirargulkar
2376,16634582,"Tarun Chaudhary","2026-08-12 06:36:33",832.7,2,tarunchdev
2377,16685069,derek_kuang0213,"2026-08-14 01:05:09",831.7,2,derekkuang0213
2378,16656514,"A Poor Vul","2026-08-16 11:03:46",830.5,2,praveensahukari
2379,16655340,LGarcia10,"2026-08-17 13:17:31",830.1,2,leonardogarcia10
2380,16678693,"Maher el Ouahabi","2026-08-18 12:53:22",830.0,2,maherelouahabi
2381,16642846,"Leonid Zaporozhets","2026-08-02 20:03:13",829.5,2,leonidzaporozhets
2382,16667994,"Zhian Wei","2026-08-18 14:59:27",828.7,2,zh1anwe1
2383,16666054,Ani,"2026-08-18 18:16:59",828.3,2,anirudhk333
2384,16668720,"etienne duplessix","2026-08-10 22:48:53",828.1,2,etienneduplessix
2385,16663736,"Life Is Roblox","2026-08-17 18:58:37",828.0,2,alexlisenko
2386,16656013,Asuran,"2026-08-17 07:43:54",828.0,2,zkasuran
2387,16633175,"Umut Kıvanç Sipahioğlu","2026-08-04 15:51:56",827.5,2,umutkvansipahiolu
2388,16699838,"Harry Taylor","2026-08-17 13:38:27",827.3,2,harryphysics
2389,16658732,viriditass,"2026-08-18 09:58:34",827.2,2,jiseungwoo
2390,16684957,"Lucas Ferreira","2026-08-11 18:20:43",826.6,2,lucasdeoferreira
2391,16635670,"Mr.S hanakosan","2026-08-09 00:31:34",826.6,2,earlgreytea15
2392,16680342,Game_khó_vkl,"2026-08-13 19:28:01",826.5,2,maruusha
2393,16660805,"Ramon van Dijk","2026-08-05 05:48:21",826.0,2,ramonvandijk
2394,16725150,"Nicolae Drabcinski","2026-08-17 12:09:55",825.7,1,nickdrabcinski
2395,16653222,StevenYuan7788,"2026-08-17 17:38:44",825.5,2,stevenyuan7788
2396,16661648,"Vân Nguyễn","2026-08-18 05:37:03",825.1,2,vunnguyen
2397,16660477,SeaGoat,"2026-08-15 03:31:49",825.0,2,vbandaru
2398,16633269,op_star_platinum,"2026-08-09 17:52:52",824.9,2,opstarplatinum
2399,16665942,"Satvik R Shetty","2026-08-09 03:59:52",824.3,2,satvikrshetty
2400,16702993,PLM,"2026-08-18 13:05:16",824.2,2,"ileabogdan,popu23,razvaniga,rvaurs"
2401,16659974,"anthony sinchi","2026-08-18 00:01:08",824.0,2,anthonysinchi
2402,16716300,"Julian Kerignard","2026-08-14 14:50:36",823.0,2,juliankerignard
2403,16695567,tera358,"2026-08-18 13:38:16",822.7,2,tera358
2404,16705907,Adrià,"2026-08-18 13:00:36",822.1,2,adriamb3
2405,16664709,kai,"2026-08-18 04:27:06",822.1,2,sungwo101
2406,16635796,MugaBros,"2026-08-04 05:27:02",821.7,2,"drrocktotpalkonwarh,monjyotid"
2407,16662204,SM_30,"2026-08-18 13:41:44",821.0,2,sagarmane104
2408,16658224,"Daniel Gallardo Gómez","2026-08-07 08:17:24",820.7,2,danielgallardogmez
2409,16695662,"Ollie Lowe2","2026-08-16 16:47:01",820.7,2,ollielowe2
2410,16666204,"David Nana Kofi Ofosu-Arko","2026-08-05 11:04:42",820.2,2,davidnanak
2411,16654855,"Pedro Rezende Gomes","2026-08-06 00:41:30",819.2,2,pedrorzgomes
2412,16665395,"bachi idriss","2026-08-10 15:23:30",818.9,2,bachiidriss
2413,16623540,TheDuck,"2026-08-15 00:53:50",818.8,2,jaxroth
2414,16663681,"Петар Кнежевић","2026-08-18 19:19:26",818.8,2,petarknezevic1
2415,16664219,JosephGuhlin,"2026-08-10 08:46:16",817.7,2,jguhlin
2416,16630501,"Haris Ahmed","2026-08-14 10:08:51",817.3,2,harisahmedgenai
2417,16668269,"Rashi Jain07","2026-08-05 17:46:37",817.0,1,rashijain07
2418,16732813,Soomana1z,"2026-08-18 15:18:15",817.0,2,soshionodera
2419,16640816,pawaraman,"2026-08-02 19:46:52",817.0,2,pawaraman
2420,16720234,Aditya109,"2026-08-18 08:46:19",816.7,2,"aditya109,tathagattyger"
2421,16675888,"Rob Gonzalez","2026-08-08 14:58:43",814.8,2,robg475
2422,16667874,Vidushiii,"2026-08-10 12:25:42",814.2,2,vidushianand09
2423,16691580,"Toni Blanco","2026-08-11 13:10:45",813.1,2,toniblanco
2424,16666571,"Zhengxu Yu","2026-08-18 17:46:49",813.1,2,zhengxuyu
2425,16673477,ArtFix,"2026-08-11 00:51:09",813.0,2,artfix
2426,16661754,edwinis,"2026-08-17 18:51:44",813.0,2,edwinis
2427,16665517,"RUEI-HSIANG. CHANG","2026-08-17 15:23:55",812.5,2,rueihsiangchang
2428,16726889,stnick,"2026-08-17 22:27:16",811.7,2,stnick
2429,16692923,"Pavel Kazlou","2026-08-18 08:28:58",811.6,1,paulik
2430,16631215,"Hira Norm","2026-08-08 07:32:06",811.2,2,hiranorm
2431,16692857,AbeLincoln1865,"2026-08-11 00:10:16",811.0,2,abelincoln1865
2432,16664154,dwdwdwsdedwd,"2026-08-11 06:29:24",810.8,2,dwdwdwsdedwd
2433,16702270,"Jonas Jaku","2026-08-12 09:44:36",810.8,2,jonasjaku
2434,16664159,"james nazareth","2026-08-10 18:34:07",810.5,1,jamesnazareth
2435,16728069,Taisei7,"2026-08-18 08:34:19",809.0,2,taisei7
2436,16637898,"Marek Nurzynski","2026-08-01 16:06:46",808.5,1,marek3000
2437,16630559,khan,"2026-08-02 12:18:56",808.5,2,khansolov
2438,16654456,"Tristan Peng","2026-08-09 17:00:48",807.6,2,tristanpeng
2439,16672095,"Friaseus ","2026-08-18 18:12:29",806.8,2,friaseus
2440,16636954,"Jeff Horon","2026-08-18 13:00:17",806.2,2,jeffhoron
2441,16657397,"QSS Technosoft AI Team","2026-08-05 07:47:00",806.1,2,"kunalthedev,nishantkumarabes,prathamydvv,prishagdev,shreyakchakraborty"
2442,16679079,"cedric stephan ","2026-08-15 21:44:19",805.2,2,cedricstephan
2443,16655128,"Somasundar V","2026-08-15 04:56:22",805.1,2,somasundarv
2444,16622993,"Yaroslav Tanko","2026-08-18 04:34:12",804.8,2,yaroslavtanko
2445,16705523,"Brian Chua","2026-08-18 12:27:33",804.7,2,chuazhengweibrian
2446,16650160,nori8774,"2026-08-10 06:26:21",804.4,2,norimasayamamoto
2447,16719696,"Spencer Farrand","2026-08-17 18:40:28",803.9,2,spencerfarrand
2448,16667258,"Firman Imam","2026-08-09 02:36:56",803.4,2,piririp
2449,16660310,KOLONEX.NET,"2026-08-10 12:40:46",802.8,2,danielandresmiranda
2450,16660491,"Ryan Hancock","2026-08-08 09:56:54",802.0,2,rychanfox
2451,16698308,Yuan800,"2026-08-14 04:20:06",802.0,2,yuan800
2452,16664760,SN,"2026-08-10 10:48:44",801.0,2,spirosnianiaras
2453,16655199,"Alexander Ulrich","2026-08-12 19:44:20",800.5,2,alexanderulrich01
2454,16655411,フナコシ,"2026-08-18 05:01:50",799.0,1,kokifunakoshi
2455,16664457,yaohongfu,"2026-08-10 12:30:43",798.9,2,yhfwww
2456,16671622,"Isaac Diaz Lopez","2026-08-18 18:20:24",797.8,2,isaacdiazlopez
2457,16667959,Cadence,"2026-08-08 15:24:45",797.6,2,flynnfei
2458,16702796,Yavuz.YILMAZ,"2026-08-17 12:43:16",796.9,2,yvztpe
2459,16708296,LUCKY2,"2026-08-17 05:37:57",796.5,2,carolezountangni
2460,16718838,"josh mathers","2026-08-14 09:26:33",796.5,2,joshmathers
2461,16631353,"Shivam Shinde","2026-08-01 15:29:24",796.3,2,shindeshivam
2462,16668357,"B.Pardha Manoj Reddy","2026-08-11 17:25:44",796.2,2,pardhamanojreddy
2463,16670834,romin_123,"2026-08-14 01:25:19",795.8,2,romin123
2464,16690988,"Aditya Bharadwaj","2026-08-18 00:56:56",795.8,2,adityabharadwaj26
2465,16658043,"Tran Huy Hoang1312","2026-08-05 01:58:39",795.0,2,tranhuyhoang1312
2466,16657172,Honkazu,"2026-08-13 15:34:20",794.6,2,janposlusny
2467,16661585,"Fully Liquidated","2026-08-16 14:43:07",794.2,2,kriskilgroe
2468,16706456,"Michael van Mill","2026-08-12 09:58:40",793.9,2,michaelvanmill
2469,16720316,"Hưng Trần","2026-08-18 14:55:40",793.7,2,hungtrabiz
2470,16730028,"Ken Qian","2026-08-17 03:10:15",793.6,2,kenqian
2471,16686972,"Ankit Maurya","2026-08-15 16:16:10",792.7,2,"ankitmaurya16,rudraprasadsah"
2472,16731260,"Jeel Gajera","2026-08-18 07:44:44",792.4,2,jeelog
2473,16678609,quantcrypto3,"2026-08-18 17:18:48",792.1,2,quantcrypto3
2474,16632426,Santhana,"2026-08-17 22:56:12",792.0,2,santhanalekshmic
2475,16664804,ryanovovo,"2026-08-05 18:02:38",792.0,2,ryanovovo
2476,16623644,Accer_sz,"2026-08-02 00:27:32",791.8,2,accersz
2477,16662128,BenPalmer59,"2026-08-11 19:16:24",791.6,2,benpalmer59
2478,16632994,primal,"2026-08-12 16:02:29",791.1,2,primalhost
2479,16656460,dlutwzh,"2026-08-08 06:48:33",790.4,2,dlutwzh
2480,16629844,IsaacJinyu,"2026-08-01 15:39:55",790.2,2,isaacjinyu
2481,16679887,ScriptRed,"2026-08-09 00:36:30",790.1,2,scriptred
2482,16624253,"Ho Dinh Trieu","2026-08-17 12:08:59",790.0,2,hodinhtrieu
2483,16692401,"Abdurehman Iqbal","2026-08-14 09:13:08",789.9,2,abdurehmaniqbal
2484,16658660,"Leo Lai","2026-08-13 08:14:45",789.8,2,junweilai
2485,16691451,Nakano,"2026-08-16 22:31:23",787.9,2,spicatom0914
2486,16622367,mg,"2026-08-12 17:25:44",787.7,2,"egorkashpar,sashaboriskin,smooky"
2487,16686787,"Lars Kammeijer","2026-08-07 21:31:11",787.6,2,larskammeijer
2488,16685938,"Gautier Fauchart","2026-08-12 05:57:21",787.6,2,gautierfauchart
2489,16670356,"Dziriyin wa9il","2026-08-18 11:39:05",787.5,2,"akumanomu,alioualaeddine"
2490,16666648,"Sriram Reddy19","2026-08-06 08:40:07",787.2,2,sriramreddy19
2491,16651593,"huanxian chen","2026-08-11 11:13:05",786.5,2,huanxiachen
2492,16654193,fvong,"2026-08-18 00:34:08",786.3,2,fvong35963
2493,16683282,ayushk_empire,"2026-08-14 11:50:15",786.2,2,ayushkempire
2494,16659828,"Lebansty Valan","2026-08-18 19:01:39",785.5,2,lebanstyvalan
2495,16736050,SuperZero11,"2026-08-18 10:35:59",784.7,2,anandaverma
2496,16688108,Special_octo20,"2026-08-15 15:57:57",784.6,2,specialocto20
2497,16663200,"TUSHAR KUMAR 23321032","2026-08-17 14:45:19",783.6,1,tusharkumar23321032
2498,16625050,`,"2026-08-03 05:53:43",783.6,2,ktverdov
2499,16686715,"Adrien Secondaire","2026-08-08 15:54:58",783.6,2,adriensecondaire
2500,16655013,"Adrian Martinez 1111","2026-08-12 00:52:14",783.2,2,adrianmartinez1111
2501,16668354,"ashraf saiyed","2026-08-13 13:44:31",783.2,2,ashrafsaiyed58
2502,16664112,"Ethan Hung","2026-08-08 21:44:57",783.1,2,chinesegorilla99
2503,16664884,Abhijeetgg,"2026-08-12 08:53:50",782.4,2,abhijeetgg
2504,16665759,"Shawn Zhang","2026-08-15 12:01:39",781.5,2,shawnzhang0318
2505,16648215,"Terrence Chuwe","2026-08-03 13:32:15",781.4,2,terrencechuwe
2506,16656912,"Sami Ali","2026-08-07 00:48:33",781.4,2,mrsamiali
2507,16662213,"Yang Zong-Yu phD","2026-08-16 17:40:48",780.8,2,yangzongyuphd
2508,16624888,okome_niigata,"2026-08-06 06:47:17",779.7,2,okomeniigata
2509,16666099,"Marcben James Samuel","2026-08-18 06:42:43",779.6,2,marcbenjamessamuel
2510,16661529,"AL Najafi","2026-08-08 03:39:39",779.6,2,alnajafi
2511,16661225,"Menelik Zafir","2026-08-14 13:29:00",779.4,2,monibeefudgekins
2512,16645297,Mark_RowSet,"2026-08-09 05:25:39",779.2,2,markrowset
2513,16658655,HbjaHbja,"2026-08-12 12:18:51",779.1,2,hbjahbja
2514,16712870,"Jose Gibson","2026-08-13 20:09:11",778.4,2,josegibson
2515,16738538,ZHANG_WuHua,"2026-08-18 16:21:19",778.0,2,zhangwuhua
2516,16661898,Farfadet,"2026-08-12 06:04:18",777.9,2,farfadet
2517,16698034,Anatoliy_Fomin,"2026-08-12 12:57:18",777.7,2,anatoliyfomin
2518,16699292,"Siddharth Kumar Gopal","2026-08-14 16:35:03",776.8,2,siddharthkumargopal
2519,16633772,ayuma,"2026-08-03 06:01:01",776.6,2,onthoze
2520,16689266,"Oleksandr Dudnev","2026-08-14 09:45:57",776.6,2,dantist
2521,16717614,Dhanyashree1028,"2026-08-16 15:00:37",775.8,2,dhanyashree1028
2522,16735476,"Matthew Liew","2026-08-18 08:02:11",774.8,2,matthewliew
2523,16689033,arman1o1,"2026-08-18 05:04:00",774.5,2,arman1o1
2524,16692994,turneja,"2026-08-08 23:50:13",773.8,2,turneja
2525,16730612,"Sayaka Miki","2026-08-18 10:04:53",773.7,2,linkinpony
2526,16714208,TirumalaMarri,"2026-08-18 00:06:31",772.3,2,mtreddy
2527,16655140,Efthimios,"2026-08-11 15:30:43",772.2,2,efthimiosfousekis
2528,16715473,cmrfrd,"2026-08-14 04:58:15",771.7,2,thecmrfrd
2529,16669666,RhoenSprudel,"2026-08-16 09:52:16",771.6,2,rhoensprudel
2530,16705348,"Howard lin","2026-08-17 19:33:16",771.3,2,howardlin007
2531,16719081,数学の山田,"2026-08-17 07:47:40",771.2,2,b612sum1
2532,16695633,"Kiran Kumar","2026-08-15 07:10:06",771.1,2,iamrkk
2533,16698007,"Juanma Serrano","2026-08-18 18:31:32",771.0,2,juanmaserrano
2534,16665042,Neo_0x3f,"2026-08-10 21:36:56",770.7,2,neo0x3f
2535,16730484,Esperanza,"2026-08-18 04:00:37",770.5,2,deanpixton
2536,16663998,"Harith Al-Ani","2026-08-17 09:33:15",770.0,2,abo3losh
2537,16659125,"Meet Parekh","2026-08-15 06:40:42",769.9,2,meetparekh1
2538,16663909,HDPark,"2026-08-17 04:48:41",769.6,2,hdpark
2539,16726941,CJ103CJ,"2026-08-18 01:26:41",768.8,2,cj103cj
2540,16653828,Boltuzamaki,"2026-08-08 21:17:44",768.7,2,boltuzamaki
2541,16677701,"Coşkun Bağrıaçık","2026-08-10 00:02:25",768.5,2,cbagriacik
2542,16739488,Restodecoca,"2026-08-18 19:23:13",768.2,2,restodecoca
2543,16623480,xmaster6y,"2026-08-09 10:30:01",767.8,2,xmaster6y
2544,16677105,"Chaitanya Yadav","2026-08-16 10:36:07",767.4,2,xhaitanya
2545,16660600,"Beria Kalpelbe","2026-08-07 13:46:47",766.6,2,beriakalpelbe
2546,16706455,"John Andrei Martinez","2026-08-18 18:55:04",766.5,2,johnandreimartinez
2547,16697261,nbauerle,"2026-08-14 15:10:38",766.3,2,nbauerle
2548,16696916,Sundar,"2026-08-11 13:04:59",766.2,2,vsundar17697
2549,16712751,haruo_tensai,"2026-08-17 20:40:27",765.1,2,haruotensai
2550,16660345,"Aadhithya Ramesh","2026-08-06 08:49:10",763.8,2,aadhithyaramesh
2551,16669489,"Yichi Zhang","2026-08-12 18:32:59",762.8,2,yichizhang12
2552,16724842,"Mikaela Gkolemi","2026-08-17 20:58:14",762.5,2,mikaelagkolemi
2553,16654746,"Michael Mullen","2026-08-06 11:08:31",762.4,2,mmullen200
2554,16716365,Murphy,"2026-08-17 03:19:25",760.0,2,taeyounglimdt
2555,16664790,"soumic 1088","2026-08-07 14:02:49",759.9,2,soumic1088
2556,16686222,"Nika Chaduneli","2026-08-10 01:21:09",759.7,2,nikachaduneli
2557,16655449,tcvieira,"2026-08-06 18:20:34",759.4,2,tcvieira
2558,16660470,"Oğuz Kaan Mavice","2026-08-18 15:55:02",758.8,2,oguzkaanmavice
2559,16670313,HamzZZzzZZa,"2026-08-06 22:01:28",758.6,2,memesalot
2560,16730946,"Bohannn Wang","2026-08-18 18:16:20",758.2,2,bohannnwang
2561,16709295,"Isaac Owomugisha","2026-08-12 22:31:51",757.7,2,cmplxxyttmt
2562,16677366,Gmmastermind,"2026-08-07 01:19:13",757.6,2,gmmastermind
2563,16655629,Mai_Konare,"2026-08-17 06:20:49",757.2,2,maikonare
2564,16687159,Max64738CB,"2026-08-18 17:27:24",756.9,2,max64738cb
2565,16666084,"Andaç Demirdelen","2026-08-09 19:18:08",756.0,2,andacdemirdelen
2566,16737937,xamad,"2026-08-18 18:07:35",755.8,2,giannicerrato
2567,16668439,Lugas024,"2026-08-08 05:33:51",754.7,2,lugas024
2568,16671646,Luche,"2026-08-08 04:23:32",754.6,2,henrylucky
2569,16661650,"Docker container","2026-08-15 18:52:39",753.7,2,yossefaymanzedan
2570,16725010,jenninglim,"2026-08-16 16:17:23",753.2,2,jenningl
2571,16689398,Reesh,"2026-08-11 08:55:10",753.0,2,rishileung
2572,16677178,"YOUSSEF FAID","2026-08-11 21:10:38",752.8,2,yousseffaid
2573,16655044,"Darius Kolycius","2026-08-04 09:49:01",752.2,2,dariuskolycius
2574,16681660,"Parham Ghazanfari","2026-08-07 20:18:18",752.1,1,parhamghazanfari
2575,16675708,"Mahder Tesfaye Abebe","2026-08-08 08:46:36",752.0,2,mahdertesfayeabebe
2576,16694064,RRK0123,"2026-08-17 05:30:52",751.3,2,rrk0123
2577,16732008,"Phoebe Lin","2026-08-18 09:10:58",750.7,2,phoebe0511
2578,16667514,"Kakarott 10","2026-08-06 09:05:43",750.5,2,kakarott10
2579,16695822,"Ahmad Elawady","2026-08-18 09:17:28",749.8,2,aielawady
2580,16671421,"Gryffin Wang","2026-08-08 23:08:40",749.6,2,gryffindoraf
2581,16655521,"Hemadri Rajyaguru","2026-08-04 02:12:55",749.0,2,hemadrirajyaguru
2582,16672493,ChloeeeeY,"2026-08-12 09:45:23",748.9,2,chloeeeey
2583,16635848,KartoplyanePure,"2026-08-16 23:07:04",748.7,2,"danylotovp,wizardmp"
2584,16658430,bruyantq,"2026-08-16 17:32:51",748.2,2,bruyantq
2585,16664359,"Apil Khadka","2026-08-15 13:10:18",747.9,2,apilkhadka
2586,16668056,"Quantum Farm","2026-08-11 11:54:58",747.8,2,"anselem7,divineokwueze,nnanyereuzoma"
2587,16655039,"Andrew Yip","2026-08-06 20:14:49",747.8,2,yipcma
2588,16665990,daffaharil,"2026-08-11 07:56:55",747.3,2,"daffaharil,farhansiddiq"
2589,16678288,"Speedrun retirement","2026-08-16 19:22:25",747.3,2,"josephkimanikamau,nanducode"
2590,16711868,"Mark Cooper","2026-08-16 13:09:02",747.2,2,markjcooper
2591,16668298,"Riki Garcia","2026-08-18 11:17:17",747.2,2,rikigarcia
2592,16732774,edchax,"2026-08-18 18:02:07",747.1,2,edchax
2593,16667630,Sparsh389,"2026-08-06 15:46:09",746.9,2,sparsh389
2594,16725335,"Chris #2","2026-08-18 17:44:20",746.6,2,kagglecompetechris
2595,16713249,"vedant patnala","2026-08-15 21:46:50",746.5,2,vedantpatnala
2596,16671237,"Jose Alejandro Rivera Jaramillo","2026-08-07 18:13:13",745.0,2,alejandroriveraj
2597,16663884,DevilQ,"2026-08-18 19:01:28",744.9,2,"parhamesm,samuelescarfone12"
2598,16667730,"Surya Vijjeswarapu","2026-08-18 14:29:34",744.6,2,suryavijjeswarapu
2599,16663343,"Abdullah M. Haque","2026-08-13 14:26:00",743.5,2,abdullahmhaque
2600,16725913,StarStone_233,"2026-08-16 07:22:12",743.5,2,starstone233
2601,16703310,"israel ntumba","2026-08-14 01:18:18",743.2,2,israelntumba
2602,16651661,"Quyền Thịnh","2026-08-07 06:27:45",741.9,2,quynthnh
2603,16675897,"KANG ZHIPENG","2026-08-18 19:20:57",741.8,2,kangzhipeng
2604,16659093,YangGod,"2026-08-15 10:28:39",741.8,2,yanggod
2605,16668361,NinhNguyen,"2026-08-18 02:03:37",741.8,2,ninhnt110695
2606,16717794,souldrive,"2026-08-17 22:33:59",741.7,2,souldrive
2607,16694610,Kshitiz2002,"2026-08-11 15:44:41",741.6,2,kshitiz2002
2608,16655578,"Ahmed Merie","2026-08-13 00:11:40",741.3,2,aa7767
2609,16622338,github/shepsci/kaggle-skill,"2026-08-17 21:19:33",740.9,2,shepscientific
2610,16727241,Yogesh2850,"2026-08-17 09:55:08",740.7,2,yogesh2850
2611,16711567,"Finn Brooks","2026-08-15 04:40:11",739.7,2,finnbr
2612,16667500,jiannebab,"2026-08-14 14:29:12",739.4,2,jiannebab
2613,16716941,林木子吖,"2026-08-13 13:28:57",739.4,2,linmuzi0108
2614,16699140,St.Valentine,"2026-08-18 09:49:04",739.3,2,stvalentin3
2615,16687714,nabilux,"2026-08-09 13:27:11",738.4,2,eminesnabil
2616,16682876,"Kartik Garg","2026-08-09 05:21:34",738.0,2,kartikgarg97
2617,16671438,"Aot Chanthorn","2026-08-15 16:16:25",737.0,2,aotchanthorn
2618,16638031,vlad101,"2026-08-07 14:01:49",736.4,2,vlad101
2619,16698822,JJN8825,"2026-08-18 06:30:47",736.3,2,jjn8825
2620,16675832,"Dean Shalev","2026-08-09 04:12:47",736.2,2,deanshalev
2621,16687390,"Mark Calvert","2026-08-08 09:51:55",735.8,2,markycalvert
2622,16660540,Minikotey,"2026-08-16 15:34:40",735.7,2,juliapatarishina
2623,16664003,"Nakul Rajpal","2026-08-05 06:29:24",735.4,2,nakulrajpal
2624,16630251,"Handry Novianto","2026-08-18 02:39:28",735.3,2,handrynovianto
2625,16693193,"Efrain Garay","2026-08-18 03:03:53",734.4,2,efraingaray7
2626,16699689,"David Sedláček","2026-08-10 08:38:38",733.6,2,sibicek
2627,16732292,takaygiiiiiiii,"2026-08-18 18:04:08",733.6,2,takaygiiiiiiii
2628,16654328,"QQ Farm","2026-08-17 00:27:45",733.6,2,"huiiyu,titirmt"
2629,16659890,"Cu Spoon","2026-08-12 13:51:59",732.9,2,cuspoon
2630,16669393,"ÖMER FARUK YILMAZ","2026-08-07 19:54:59",732.4,2,ofyzero
2631,16665692,Straw_hats,"2026-08-18 06:34:49",732.2,2,charanno
2632,16640701,momoon,"2026-08-16 14:59:17",732.2,2,nomuraryota
2633,16658019,ไอติวบ้านปังมาเอาแช้มมมม,"2026-08-08 18:43:05",731.9,2,tewnabhat
2634,16664134,"Pelayo Fernández","2026-08-07 10:36:48",731.8,2,pelayofdez
2635,16724002,Yahia717,"2026-08-17 23:02:49",731.2,2,yahia717
2636,16696421,"Koyashiki Mao","2026-08-11 06:40:19",731.1,2,koyashikimao
2637,16716335,JamesJJJJJ,"2026-08-17 14:54:10",731.1,2,jamesjjjjj
2638,16664267,"Alan T. Andrea","2026-08-09 03:22:40",731.1,2,alantandrea
2639,16670070,"Kirill Molostov","2026-08-12 14:58:51",730.2,2,kirillmolostov
2640,16728799,JulianHahn28,"2026-08-17 21:26:57",730.1,2,julianhahn28
2641,16697941,"Raphael Coelho","2026-08-16 15:24:28",730.1,2,raphaelrrcoelho
2642,16734966,kigasudayooo,"2026-08-18 14:09:03",730.1,2,argon1215
2643,16666147,"Khalid Bin Hethlain","2026-08-17 11:32:02",730.1,2,khalidbinhethlain
2644,16724795,yangqi1234,"2026-08-17 11:47:58",729.9,2,yangqi1234
2645,16654099,"Bhupin Thapa magar","2026-08-10 09:22:06",729.8,2,vupeenthapamagar
2646,16674841,"Syna Bedi","2026-08-15 09:57:28",729.8,2,synabedi
2647,16659367,"Tayyab Aamir","2026-08-06 10:59:49",729.7,2,duketi
2648,16633379,"Artem Prokhorov","2026-07-31 20:53:32",729.7,1,catfield123
2649,16658937,SebastianQbiak,"2026-08-05 06:20:18",729.5,2,sebastianqbiak
2650,16660005,DreamX5678,"2026-08-06 07:55:06",728.9,2,dreamx5678
2651,16707383,chizhu,"2026-08-18 03:39:59",728.7,2,chizhu2018
2652,16670698,"Tamerlan Dadashov","2026-08-09 10:36:12",728.7,2,tamerlandadashov
2653,16708824,"Tanaka Chiromo","2026-08-16 18:41:55",728.4,2,tanakachiromo
2654,16734225,"Vijay athithya ","2026-08-18 11:21:03",727.9,2,vijay09
2655,16654640,"Halil Akbas","2026-08-17 11:52:35",727.7,2,halilbrahimakbas
2656,16644303,"kevin zhou","2026-08-07 19:02:37",727.7,2,kevinzhou66
2657,16652635,panacea9320,"2026-08-05 10:45:06",727.6,2,panacea9320
2658,16661210,vizyourdata,"2026-08-07 11:05:08",727.5,2,vizyourdata
2659,16641348,wata,"2026-08-03 11:29:04",727.2,2,iwatahiroki
2660,16636808,"Kaito Ichikawa","2026-08-12 15:55:51",726.9,2,kaitoichikawa
2661,16641130,LitvinKA,"2026-08-04 18:09:01",726.6,2,litvinka
2662,16655027,"Artem Zenkevich","2026-08-16 13:09:58",725.4,2,artemzen
2663,16664313,CompilingCoder,"2026-08-06 09:38:17",725.3,2,compilingcoder
2664,16727376,"Roko Torbarina","2026-08-18 18:31:57",725.0,2,rokotorbarina
2665,16670210,"Ali Alghaithi","2026-08-10 21:14:48",724.2,2,alioman
2666,16684674,"Ch Muhammad Umer ","2026-08-11 08:11:36",724.1,2,chmuhammadumer
2667,16658042,"Giampietro Pregnolato","2026-08-13 09:17:36",723.6,2,giampietropregnolato
2668,16678157,"Ayush Kumawat","2026-08-14 13:10:02",723.4,2,ayushkumawat21
2669,16734498,kazuhiro3381,"2026-08-18 19:12:09",723.3,2,kazuhiro3381
2670,16639867,vibecoder,"2026-08-08 05:34:55",722.7,2,kunal808
2671,16631400,JZ,"2026-08-10 09:11:28",722.4,2,zhoujiachen
2672,16664041,"an Expired Engineer","2026-08-17 12:02:21",722.3,2,sanggusti
2673,16691518,"Sander Ee","2026-08-09 12:03:09",721.3,2,sanderee
2674,16715024,"Ömer Özbek","2026-08-16 09:54:44",721.2,2,omerozb
2675,16691512,"Hongxin Su","2026-08-09 10:31:45",720.9,1,hongxinsu
2676,16737237,"Ayodeji Adesegun","2026-08-18 18:58:36",720.9,2,ayodejiadesegun
2677,16671680,"Joe Hall","2026-08-10 19:02:30",720.9,2,halljr
2678,16724533,"Yusei Ito","2026-08-17 01:15:02",720.4,2,yuseiito
2679,16707767,"Lai Eu Wen","2026-08-16 16:47:50",720.3,2,laieuwen
2680,16659341,Aryan88097,"2026-08-05 17:26:57",720.2,2,aryan88097
2681,16664072,"victor aguilera","2026-08-17 02:21:45",719.9,2,viaguilera
2682,16661142,"Phú Nhân Nguyễn","2026-08-15 09:53:23",719.2,2,phnhnnguyn
2683,16738239,"Yaseen Shah7897","2026-08-18 15:56:34",719.1,2,yaseenshah7897
2684,16665084,"Wei Han","2026-08-11 04:48:21",719.0,2,weihan87
2685,16639223,"SIDHAARTH SHREE","2026-08-04 22:49:19",718.9,2,sidhaarthshree
2686,16649344,BeyondAnalytics,"2026-08-18 11:59:42",718.8,2,radumarinion
2687,16726080,"Arda Yasar","2026-08-17 00:29:58",718.3,2,ardayasar
2688,16661564,yang20251228,"2026-08-09 07:57:54",718.2,2,yang20251228
2689,16689919,"Koren Ben Ezra","2026-08-08 17:49:55",718.1,2,korenbenezra
2690,16669165,"IT Neko","2026-08-14 13:17:33",718.0,2,"nirvaanaa,zhexuanyecust"
2691,16657798,"Ian Kim","2026-08-06 05:07:10",717.8,2,ianpkim
2692,16660295,Pentos,"2026-08-10 00:06:56",717.8,2,nishiumi
2693,16621811,"Shaun Andrade","2026-08-01 00:44:42",717.4,2,shaunandrade
2694,16701034,notnorm,"2026-08-11 10:31:23",717.3,1,notnorm
2695,16699756,"zhang xin","2026-08-16 16:57:46",716.9,2,zhangxin300
2696,16668817,"Sean ODonnell","2026-08-08 03:27:47",716.7,2,sjean11
2697,16658009,"Lando Wang","2026-08-05 02:18:17",715.7,2,landowang
2698,16654332,"Borys Tymchenko","2026-08-18 08:44:45",715.7,2,spsancti
2699,16722561,Asia214,"2026-08-18 14:31:13",715.6,2,asia214
2700,16662653,"Jordan Schaeffer","2026-08-18 16:54:40",715.5,2,jordanmschaeffer
2701,16687548,"Shubham Tibrewal","2026-08-15 13:11:41",714.8,2,researchai2026
2702,16671420,"Chengchen Duan","2026-08-17 15:25:09",714.7,2,chengchenduan
2703,16665622,one,"2026-08-11 04:10:11",714.6,2,richardsplayground
2704,16691938,"PRASHANT SUTHAR11","2026-08-10 09:46:05",714.3,2,prashantsuthar11
2705,16654943,"Alexis Selorm Gbeckor - Kove","2026-08-10 11:44:58",714.2,2,advancedbeginner
2706,16689391,"Tejas Rajput","2026-08-08 17:21:18",713.5,2,tejasrajput123
2707,16732690,なーでぃー牧場,"2026-08-18 18:59:34",713.1,2,nadyresearcher
2708,16625047,BOBQWERA,"2026-08-02 06:34:18",713.1,2,bobqwera
2709,16655571,yuken,"2026-08-07 13:27:53",713.0,2,yukenai
2710,16669396,Fleo98,"2026-08-10 15:43:34",712.7,2,fleo98
2711,16658686,"Alpesh Kumar","2026-08-08 06:12:31",712.4,2,alpeshkumar
2712,16677518,"Khor Yin Loon","2026-08-17 13:27:56",712.3,2,khoryinloon
2713,16697704,"Leonid Matetskiy","2026-08-09 21:39:06",712.3,2,leonidmatetskiy
2714,16668022,"Lady and tech","2026-08-16 00:41:57",712.0,2,ladyandtech
2715,16686613,Zubatch,"2026-08-15 20:11:39",711.9,2,zubatch
2716,16675831,"Thayaparan Kumarakuru","2026-08-15 13:53:06",711.6,2,"kavishkasubashana,mrkala,thayaparankumarakuru"
2717,16663656,АндрійКавецький,"2026-08-14 20:00:12",711.4,2,andriykavetsky
2718,16732609,"Filippo Paninforni","2026-08-18 14:23:48",711.1,2,filippopaninforni
2719,16732504,"porsche zheng","2026-08-18 08:19:41",711.0,2,porschezheng
2720,16668175,el_dedalus,"2026-08-06 14:48:01",710.0,2,eldedalus
2721,16675066,Opticulture,"2026-08-16 12:19:48",709.8,2,"bajibaburowthu,ponnuripavankumar,radhakrishnadoredla,veereshkumar1219"
2722,16717787,Bull,"2026-08-17 13:04:53",709.7,2,welshonionman
2723,16697526,"Jurgen Sinjari","2026-08-10 21:21:26",709.7,2,jurgensinjari
2724,16676259,Th_Gbay,"2026-08-18 19:17:44",709.6,2,thgbay
2725,16724819,Dwij12,"2026-08-18 17:03:00",709.3,2,dwij12
2726,16654351,"Manish Kumar","2026-08-04 07:45:22",709.1,2,manishkumarphd2000
2727,16670537,Silhouette,"2026-08-18 14:29:35",708.7,2,jamessargsyan
2728,16667565,BeeDeeR,"2026-08-13 12:44:34",708.3,2,beedeer
2729,16630837,"Vishal Sharma","2026-08-05 18:24:44",708.2,2,vishal40182
2730,16724355,hansama.qht,"2026-08-17 09:34:41",707.9,2,hansamaqht
2731,16657657,ArnabKarmakar,"2026-08-18 00:05:11",707.5,2,arnabkarmakar
2732,16682915,"igeo kK","2026-08-09 18:41:17",707.3,2,igeokk
2733,16621523,"Victor Orihuel","2026-08-18 05:40:18",707.2,2,victororihuel
2734,16730030,"Jared Wilder","2026-08-17 14:23:15",707.1,2,jaredwilder
2735,16672858,Lyesterday,"2026-08-06 08:45:47",707.1,2,ilyas93
2736,16691164,"Krishna Saathwik","2026-08-13 13:50:40",706.5,2,krishnasaathwik
2737,16679018,"Kushpreet Singh","2026-08-18 04:34:35",706.4,2,kush639
2738,16628456,kiro,"2026-08-10 16:20:52",706.3,2,kirosamurai
2739,16739419,danilka200300,"2026-08-18 18:47:54",706.2,1,daniilsergeevda
2740,16707078,"Loïc & Zach","2026-08-14 09:31:34",705.9,2,"locmmeteau,zachariedubus"
2741,16667143,"Noct-Tech zombie","2026-08-06 13:46:51",705.8,2,jo3thaboss
2742,16691552,"Koshtubh Singh Parihar","2026-08-09 03:19:39",705.8,2,koshtubhsinghparihar
2743,16669597,农业农村部,"2026-08-10 19:11:08",705.6,2,"bingzhenghan,hrwan1"
2744,16693988,"Pranav Gupta","2026-08-18 03:51:41",705.6,2,kumbhakarann
2745,16655595,ashsah,"2026-08-15 14:36:25",705.5,2,ashsah
2746,16677231,"Ahmed Bootaan","2026-08-06 18:08:52",705.2,2,ahmedbootaan
2747,16670879,djschmit,"2026-08-08 08:57:03",704.7,2,djschmit
2748,16634316,"Cao Tùng Lâm","2026-08-03 20:45:50",704.1,2,liamislazy
2749,16732537,Rapha,"2026-08-18 17:41:22",703.9,2,raphaabels
2750,16655272,"Artur Sakhiullin","2026-08-09 14:27:52",703.9,2,artursakhiullin
2751,16668648,"Mason R. Brito","2026-08-13 20:23:39",703.5,2,masonrbrito
2752,16645431,Amin,"2026-08-08 22:05:02",703.5,2,aminvafaei
2753,16669595,evanca,"2026-08-08 12:27:56",703.2,2,evanca
2754,16727529,윤영일,"2026-08-18 05:11:35",702.9,2,iongil
2755,16704569,"Lorenzo Grattarola","2026-08-16 22:24:15",702.9,2,lorenzograttarola
2756,16676360,"Chris Kang","2026-08-17 10:07:49",702.5,2,rukawa917
2757,16673923,"Gabriele Giacometti","2026-08-10 11:38:05",702.4,2,gabrielegiacometti
2758,16660670,"Chirag Bhatnagar","2026-08-18 11:14:02",701.7,2,chiragbhatn
2759,16665237,"get some fries","2026-08-18 14:40:26",701.5,2,"richardsilence,tongyuexiao"
2760,16720143,"AMAN PANDEY","2026-08-16 13:57:00",701.4,2,amanapofficial
2761,16711928,Leraaaa,"2026-08-18 13:36:53",701.2,2,leraaaa
2762,16663437,inversion,"2026-08-04 20:44:41",701.0,1,inversion
2763,16627581,AidenSong123,"2026-08-11 01:11:45",700.9,2,aidensong123
2764,16652173,"Shardul Gharat","2026-08-06 10:07:36",700.8,2,shardulgharat
2765,16633950,"Matt Motoki","2026-08-13 20:40:03",700.8,2,mmotoki
2766,16667818,AjayVarma555,"2026-08-09 15:14:45",700.7,2,ajayvarma555
2767,16656690,"Sushant Kumar (xWF)","2026-08-06 04:44:38",700.1,2,sushantkumarxwf
2768,16632510,shi_koyo,"2026-08-04 08:58:56",700.1,2,shikoyo
2769,16654761,"Mohammed Mukthar","2026-08-05 02:06:15",699.8,2,mohammedmukthar9
2770,16658677,大山,"2026-08-17 07:50:15",699.5,2,mapodoufu
2771,16730922,"Shengyuan Yin","2026-08-17 06:17:27",699.4,1,flaming0
2772,16664348,"Rocket Zech","2026-08-17 08:18:47",699.4,2,isaactunglaw
2773,16657871,Lucienne,"2026-08-05 03:13:59",699.3,2,yangnianan
2774,16718445,"Hamza Elmorjani","2026-08-15 12:16:55",698.8,2,hamzaelmorjani03
2775,16702118,"cemal özdeniz","2026-08-10 20:27:17",698.4,2,cemalzdeniz
2776,16697800,DR_Mkelvo,"2026-08-09 20:42:15",698.3,1,drmkelvo
2777,16655527,"Saurabh Kumar","2026-08-06 08:14:52",698.2,2,sk25oct
2778,16674504,"Arunabh Gupta","2026-08-18 11:10:33",698.2,2,"arunabhsgupt4,eggsysy"
2779,16730104,BartHeart,"2026-08-18 18:47:52",698.2,2,bartheart
2780,16659309,irisV11,"2026-08-18 05:23:01",697.8,2,irisv11
2781,16729531,alfphafarm,"2026-08-18 01:24:20",697.7,2,vudattumaniteja
2782,16710512,FishWotou,"2026-08-16 12:29:31",697.6,2,fishwotou
2783,16662421,"Aparna Mantha","2026-08-06 17:23:34",697.4,2,aparnam91
2784,16715205,GCarnovale,"2026-08-18 11:02:31",697.0,2,gcarno
2785,16675074,ahiokk,"2026-08-07 07:58:44",696.7,2,ahiokk
2786,16736636,torch,"2026-08-18 10:35:29",696.0,2,rhtsingh
2787,16670933,Pat,"2026-08-06 10:26:21",695.9,2,junseia
2788,16623071,"Santiago Maniches","2026-08-18 10:48:12",695.7,2,santmani
2789,16735094,RngRng,"2026-08-18 18:23:22",695.6,2,rngrng
2790,16712746,itsraininnnn,"2026-08-12 16:38:56",695.3,1,itsraininnnn
2791,16702481,"Scott G","2026-08-13 15:19:02",695.2,2,verifiedscott
2792,16659412,yesterdays_rebel,"2026-08-13 12:14:41",695.0,2,irfanparaniya
2793,16634204,"m-toshi desu","2026-08-01 06:20:37",694.7,2,mtoshidesu
2794,16704589,"Lobato MBA IA Big Data","2026-08-18 03:12:05",694.5,2,lobatombaiabigdata
2795,16639705,"Yuta Tomimasu","2026-08-07 13:02:39",694.3,2,yutatomimasu
2796,16704864,ksj00610,"2026-08-12 08:47:16",693.8,2,ksj00610
2797,16712902,"Ethan Benjamin Cole","2026-08-13 12:19:26",693.4,2,ethanbenjamincole
2798,16692680,"Marc-Luca ","2026-08-11 12:02:15",693.3,2,marcluca
2799,16690338,dvv_ram,"2026-08-13 00:11:18",693.2,2,ddvram
2800,16658106,"Devam juthani","2026-08-05 08:18:14",693.0,2,devamjuthani
2801,16690736,omarkami007,"2026-08-11 18:40:45",692.9,2,omarkami007
2802,16727009,B05801037,"2026-08-18 02:28:48",692.8,2,peteropop
2803,16676155,"Adam Carnaffan","2026-08-07 16:48:03",692.4,2,adamcarnaffan
2804,16717952,Aydar,"2026-08-18 19:05:18",692.2,2,aydara
2805,16692896,"Guy Lev","2026-08-18 16:25:41",692.2,2,sarthobi
2806,16659418,"Fonge Bertin","2026-08-06 09:26:33",691.9,2,fongebertin
2807,16665154,"Omkar Pawar","2026-08-12 17:57:02",691.4,2,omkarrr7
2808,16642994,"Danila Galkin","2026-08-13 19:22:17",691.4,2,danilagalkin
2809,16627751,lzeee,"2026-08-10 14:06:38",690.8,2,shzgong
2810,16657105,"Mathijs Deelen","2026-08-05 01:16:34",690.0,2,mathijsdeelen
2811,16718366,RATriculture,"2026-08-18 18:20:34",689.6,2,tarasshchur
2812,16724904,"Carlos Eduardo De Paula Arantes","2026-08-15 15:48:43",689.3,2,carloseduardo1753
2813,16621153,"Addison Howard (ineligible)","2026-08-05 14:42:38",688.8,2,addisonhoward
2814,16657016,"MD. AS-AID RAHMAN","2026-08-05 14:05:32",688.3,2,mdasaidrahman
2815,16632504,"[Deleted] c2f6c5d5-ecb1-4f92-95d7-7c9f0fd3474f","2026-07-31 16:04:32",688.0,1,ryota517
2816,16655663,"Farmland Destroyer","2026-08-15 12:31:49",688.0,2,minghaopang
2817,16665476,"Zhanghao Chen69","2026-08-15 06:04:23",688.0,2,zhanghaochen69
2818,16673333,"Dimas Renggana","2026-08-06 23:40:39",687.9,2,dimasrenggana
2819,16711812,"zhan renyi","2026-08-12 11:34:48",687.9,1,zhanrenyi
2820,16653303,F4,"2026-08-06 01:43:09",687.3,2,"chen2yoimiya,huaidezhang,wahuwahuwahu,zrurfa"
2821,16706413,"Song Research","2026-08-18 00:39:36",687.2,2,sangbong91
2822,16723125,"Shubham Dhapola","2026-08-16 13:35:23",686.8,2,shubhamdhapola24
2823,16657794,"Aromal vK","2026-08-06 15:35:11",685.2,2,aromalvk
2824,16657265,"Hemant Kumar","2026-08-05 15:17:20",685.1,2,hemantrajputt
2825,16726873,@F,"2026-08-16 01:43:22",685.0,1,atefbouzid
2826,16666597,Ramkumar4240,"2026-08-10 12:19:20",684.5,2,ramkumar4240
2827,16670544,"William Rients","2026-08-06 00:01:02",684.2,2,williamrients
2828,16658409,AlexMasip,"2026-08-11 09:32:25",683.8,2,alexmasip
2829,16635746,"jeon hyeon woo","2026-08-13 15:32:43",683.7,2,jeonhyeonwoo
2830,16673712,"Alejandro Betato","2026-08-16 10:48:24",683.5,2,alejandrobetato
2831,16735408,"Evan S","2026-08-18 16:01:21",683.5,2,evansc123
2832,16669545,"Rishabh Gupta","2026-08-06 18:19:04",683.4,2,rishabhguptajs
2833,16660850,"Khoa Le","2026-08-05 13:23:55",683.1,2,bryanle2025
2834,16720714,"Lithole Munangiwa","2026-08-18 18:18:32",683.0,1,litholemunangiwa
2835,16663708,"Imran Ahamed","2026-08-10 02:51:39",682.8,2,immu4989
2836,16710521,"Natpaphon Nukhunthod","2026-08-17 03:37:15",682.6,2,natpaphonnukhunthod
2837,16707034,"Muhammed Ali Kul","2026-08-14 14:02:49",682.3,2,muhammedalikul
2838,16662313,"Maximus Sambucetti","2026-08-09 15:36:46",682.1,2,maximussambucetti
2839,16722366,"Aki Lit","2026-08-14 23:24:20",681.9,2,akilit
2840,16713771,bndang,"2026-08-18 19:01:17",681.5,2,bndang
2841,16697681,"Mahfujur Rahman Rakib","2026-08-10 05:14:21",681.2,2,mahfujurrahmanrakib
2842,16714100,SuperMercat,"2026-08-14 09:52:49",681.1,2,supermercat
2843,16665462,ZSZ,"2026-08-12 13:55:00",681.0,2,zsuzsanna2
2844,16671364,"Mike Riggs","2026-08-09 03:22:55",681.0,2,riggsasi
2845,16658151,"Nguyễn Phúc Gia Bảo","2026-08-06 15:15:07",680.6,2,kevincrazy678
2846,16673191,juliye,"2026-08-10 03:49:13",680.5,2,juliye
2847,16637776,MarvelousXun,"2026-08-03 09:33:38",680.5,2,marvelousxun
2848,16677360,"Jatin Chawla","2026-08-08 13:45:06",680.1,2,jatin221
2849,16693137,"Ich Benavides","2026-08-17 22:43:13",680.1,2,jabeichbenavides123
2850,16623112,Tians12,"2026-08-09 19:10:24",679.6,2,tiansang12
2851,16731996,Chloe,"2026-08-18 02:58:05",679.3,2,chenchloehaimo
2852,16708907,"[Deleted] 84526ff4-3aed-4b4b-a45f-a4486f01cb7b","2026-08-13 20:01:55",679.1,2,del=34c747d6ee8d2bd7
2853,16662103,"Saravana Thiagarajan K","2026-08-05 21:43:42",679.1,2,saravanatk1984
2854,16681464,Amyel21,"2026-08-17 10:53:02",678.6,2,amyel21
2855,16730105,"Leonardo Palis","2026-08-17 03:35:05",678.1,2,leonardopalis
2856,16665894,"Pedro Wu","2026-08-13 07:36:34",677.1,2,pedropei
2857,16682815,"Saiyam Bharara","2026-08-18 05:36:51",676.9,2,saiyambharara
2858,16621354,pengshy,"2026-08-06 04:54:01",676.7,2,dm15336142
2859,16663766,"Anup Gautam","2026-08-08 01:29:10",676.5,2,anupanda
2860,16724747,"Md.Mahfujul Karim","2026-08-15 10:24:47",676.5,2,mdmahfujulkarim
2861,16624941,"KO Ho Tin","2026-08-10 03:33:47",676.4,2,b14ckc4tmr
2862,16660251,Yagawa,"2026-08-16 12:12:49",676.2,2,yagawa
2863,16658779,"Richard G Atkinson","2026-08-05 00:29:59",675.2,2,richardgatkinson
2864,16635065,T88,"2026-08-06 00:56:10",675.0,2,t88take
2865,16658738,Aman,"2026-08-05 11:12:10",675.0,2,amank95amank95
2866,16662120,"Harpal Gujral","2026-08-11 15:30:46",674.9,2,harpalgujral
2867,16675457,"Ramana Prabhu Sana","2026-08-17 21:56:48",674.7,2,ramanaprabhusana
2868,16639408,Invictus,"2026-08-11 22:44:04",674.5,2,nicho256
2869,16661432,"Ange Adantchede","2026-08-17 18:11:45",674.0,2,angeadantchede
2870,16659446,zhaozy233,"2026-08-15 16:51:36",673.4,2,zhaozy233
2871,16731729,"Sumit Bopche","2026-08-18 18:36:08",673.4,2,sumitbopche
2872,16734312,truebelief,"2026-08-18 03:59:11",673.3,2,truebelief
2873,16724351,"Luxshan Thavarasa","2026-08-15 17:11:08",673.2,2,luxluxshan
2874,16623302,"Raffi Ardhi Naufal","2026-07-31 18:31:57",673.0,1,raffiardhi
2875,16656009,"Steven Liu","2026-08-13 02:52:02",672.1,2,thornkey
2876,16663963,M0h4m3d-Byte,"2026-08-14 19:32:06",671.7,2,dev3mohamed
2877,16702359,"Ethan Pl","2026-08-11 19:43:21",671.4,2,ethanpl
2878,16680297,"Ajay Singh","2026-08-08 04:33:24",670.7,2,ajaysinghg
2879,16667794,knadithyavr,"2026-08-13 12:24:05",670.6,2,knadithyavr
2880,16676534,AlphaBound,"2026-08-18 09:53:13",670.5,2,somsubhrometya
2881,16675585,"Jacob Joy","2026-08-11 12:13:06",670.4,2,jac0b1
2882,16669479,"Shifa Salsabiila","2026-08-09 02:56:11",670.3,1,shifasalsabiila
2883,16664415,"Imerson Krysthio","2026-08-12 05:37:03",669.7,2,imersonk
2884,16662618,"Soledad Santiago","2026-08-15 23:34:59",669.6,2,soledadsantiago
2885,16666483,"Salih Erdem Kaymak","2026-08-08 17:32:38",669.6,2,saliherdemkaymak
2886,16665311,"huayang sun","2026-08-11 05:10:13",669.5,2,okami001
2887,16635145,"Isaac Menard","2026-08-05 21:11:36",669.3,2,isaacmenard
2888,16659951,"CHRISTOPHER CRILLY","2026-08-11 11:47:43",669.2,2,christophercrilly
2889,16696163,"Romain Durand","2026-08-17 19:00:46",669.1,2,romaindurand1607
2890,16700484,白井孝太郎,"2026-08-15 01:08:02",668.8,2,kotaroshirai
2891,16691670,wangbin.dev,"2026-08-18 15:59:47",668.7,2,wangbindev
2892,16732003,"HAO jia liu","2026-08-18 09:58:05",668.4,2,haojialiu
2893,16677303,"Chase Martyn","2026-08-17 03:30:34",668.0,2,chasemartyn
2894,16726684,"William Lee","2026-08-18 13:56:32",667.6,2,notyouravgwilly
2895,16661066,"André Kuster","2026-08-06 00:54:20",667.4,2,andrkuster
2896,16715225,"Someswararao Tellakula","2026-08-17 01:15:37",667.3,2,someshtellakula
2897,16656107,Aotokitsuruya,"2026-08-16 11:18:10",667.1,2,elct9620
2898,16639507,Homii_N,"2026-08-11 00:09:57",667.0,2,homeshwarrao
2899,16637031,"and more","2026-08-06 01:35:25",666.9,2,kym2022
2900,16725957,"Ayman Tarig Mohammedosman Elgadi","2026-08-18 10:08:47",666.8,2,aymantarig17
2901,16678602,"hassan manour","2026-08-07 12:52:23",666.5,1,hassanmanour
2902,16687448,"Israel Burns","2026-08-12 08:41:38",666.0,2,israelburns
2903,16660360,"Joey Gonzales","2026-08-05 00:00:47",665.9,2,joeygonzales
2904,16685652,LeonDuue,"2026-08-14 08:25:42",665.5,2,leonduue
2905,16681149,Lee14k,"2026-08-13 01:24:31",665.2,2,lee14k
2906,16660419,"Kai-Shih Chiu","2026-08-06 12:54:22",665.1,2,kaishihchiu
2907,16656883,KK,"2026-08-05 10:27:15",665.1,2,kkonzyb
2908,16725947,SamarthRawat18,"2026-08-16 19:18:48",664.9,2,samarthrawat18
2909,16658477,"chathura prasadh9817","2026-08-06 07:18:04",664.3,2,chathuraprasadh9817
2910,16678250,"RMS Danaraj","2026-08-18 12:42:20",664.2,2,salorajan
2911,16669028,"Atishay Kasliwal","2026-08-11 17:54:59",664.1,2,atishaykasliwal
2912,16669461,"suzy su","2026-08-16 12:44:00",664.0,2,suzysu997
2913,16700546,"Nightshade Family","2026-08-18 09:16:03",663.9,2,"gihanchamod17,vishmithasamarakoon"
2914,16656871,"Pedro Henrique","2026-08-07 03:37:29",663.5,2,pedrohets
2915,16631772,yuki,"2026-08-03 17:39:58",663.3,2,yururoi
2916,16664142,"The Studio 1","2026-08-16 23:04:06",663.3,2,landonsheatsley
2917,16738700,"Bugra Cinar","2026-08-18 16:30:07",663.1,2,bugracnr
2918,16684886,HTHub,"2026-08-08 00:12:47",662.6,2,adegokesaidi
2919,16732307,"Shobha Vashishtha","2026-08-17 12:32:07",662.1,1,shobhavashishtha
2920,16686912,@mldsdev,"2026-08-13 02:07:44",661.9,2,lan1mel
2921,16661318,"Zeel Kadvani","2026-08-06 09:31:18",661.5,2,zeelkadvani
2922,16664119,FSzekut,"2026-08-07 00:03:04",661.3,2,fszekut
2923,16685982,Snorf,"2026-08-09 15:06:58",661.3,2,snorfyang
2924,16670274,"dankwa wadie","2026-08-09 19:27:31",661.3,2,dankwawadie
2925,16658962,"Fabian Friedland","2026-08-06 15:58:37",661.0,2,fabotelli
2926,16659181,Hongjie04,"2026-08-05 04:07:04",660.6,2,hongjie04
2927,16699711,"maxscender ","2026-08-13 14:03:35",660.4,2,maxscender
2928,16701795,Proshian,"2026-08-11 00:01:04",660.3,2,proshian
2929,16655426,engin_zhou,"2026-08-05 15:21:18",660.3,2,enginzhou
2930,16722995,July,"2026-08-16 06:17:37",660.0,2,julyzseven
2931,16659663,Chintakrinda_Naveen,"2026-08-17 14:18:32",659.9,2,naveen998
2932,16722028,"Aw Ming Xuan","2026-08-16 09:24:48",659.8,2,awmingxuan
2933,16714592,"Carey Casile","2026-08-14 18:34:16",659.4,2,ccasile
2934,16655075,"Félix Rodríguez Roble","2026-08-04 09:16:25",659.3,2,flixrodrguezroble
2935,16640845,"tang yangzhou","2026-08-04 21:36:09",659.2,1,tangyangzhou
2936,16660364,dadandsats,"2026-08-14 11:41:04",658.5,2,continuingdev
2937,16666371,jiten_topiwala,"2026-08-08 16:51:13",658.4,2,jitentopiwala
2938,16703129,"Pratik Vadher","2026-08-10 21:08:27",658.3,1,pratikvadher
2939,16712329,"Andrej Carpenter","2026-08-18 14:30:17",658.0,2,andrejcarpenter
2940,16717817,"Nick Stoddart","2026-08-14 05:15:23",657.8,2,nickstoddart
2941,16675461,mins0_0,"2026-08-15 11:16:12",657.5,2,mins00
2942,16700885,"Malala Ramaha","2026-08-17 13:42:17",656.8,2,malalaramaha
2943,16661832,"Roberto Garcia","2026-08-08 15:09:39",656.8,2,robertogarciada
2944,16735488,"arhaan rai","2026-08-18 19:12:51",656.7,2,arhaanrai
2945,16664370,"Joel Arias","2026-08-06 17:29:01",656.6,1,j4rias
2946,16663922,MoongladeAI,"2026-08-17 02:39:13",656.1,2,moongladeai
2947,16731803,JYShane,"2026-08-18 14:51:54",655.9,2,jyshane
2948,16691271,"Ashler Herrick","2026-08-09 14:54:33",655.5,1,ashlerjohnherrick
2949,16658074,"Qui Ngx","2026-08-05 05:57:15",655.5,2,quingx
2950,16669470,"ASDM HUB","2026-08-12 20:13:20",655.4,2,jesushechavarria
2951,16709885,"Manuel Pérez","2026-08-14 01:54:02",655.0,2,manuelperezzz
2952,16664605,"Nathaniel Shou","2026-08-05 17:51:47",654.7,2,nathanielshou
2953,16674540,"Pratik Priyanshu","2026-08-07 18:28:12",654.5,2,pratikpriyanshu5
2954,16686150,"Aek KunKub","2026-08-14 05:21:43",654.2,2,aekkunkub
2955,16666066,Khush3e,"2026-08-12 04:50:39",654.1,2,khush3e
2956,16638645,ChrisDavis,"2026-08-03 23:29:34",654.0,2,alpacas
2957,16704613,alexbstl,"2026-08-13 01:22:27",653.6,2,alexbstl
2958,16661858,"Lukas Lee e","2026-08-18 00:58:12",653.5,2,lukasleee
2959,16661784,"XU XUXIANG","2026-08-09 14:29:23",653.5,2,"mikeaaaa14,xuxuxiang"
2960,16736124,GIN,"2026-08-18 11:08:13",653.4,2,runjinzhang
2961,16656709,"Anh-Vu Mai-Nguyen","2026-08-14 14:16:33",653.3,2,mainguyenanhvu
2962,16662875,Jimmy,"2026-08-17 18:11:48",651.9,2,jiyo4476
2963,16630903,"Hrushikesh Pawar","2026-08-09 14:44:37",651.7,2,hrushikeshpawar
2964,16658973,"not today","2026-08-05 05:57:14",651.5,2,cemhan44
2965,16718565,Frankyface,"2026-08-13 18:54:37",651.5,1,frankyface
2966,16679671,Ash0666,"2026-08-09 19:28:52",651.2,2,ash0666
2967,16622938,"Farmville Redux","2026-08-03 18:58:04",650.9,2,daveconnor
2968,16696526,"Reda HEDDAD","2026-08-10 20:42:47",650.2,2,redaheddad
2969,16729859,wintermute,"2026-08-18 06:22:34",649.9,2,siraev
2970,16661099,TheSven,"2026-08-06 17:05:25",649.9,2,thesven
2971,16722487,Zotar,"2026-08-17 20:55:25",649.7,2,chunhinma
2972,16733708,RyanHo,"2026-08-18 01:48:29",648.9,2,ryanrx
2973,16651623,"Sarvesh Talele","2026-08-14 06:43:54",648.8,2,sarveshtalele
2974,16693738,"Sonu Jha","2026-08-14 20:32:37",648.6,2,sonujha090
2975,16730707,"James Michael","2026-08-18 15:36:02",648.5,2,ingenio
2976,16685785,KSAI,"2026-08-18 05:27:06",648.5,2,kishan2112004
2977,16660214,ytddsyt1214,"2026-08-09 12:32:06",648.3,2,ytddsyt1214
2978,16692637,"Blox Amaze","2026-08-09 09:47:42",647.8,2,bloxamaze
2979,16675997,"Rintaro Moriwaki","2026-08-18 01:32:53",647.6,2,rintaromoriwaki
2980,16733873,"Shirish Chinchanikar","2026-08-18 01:27:15",647.5,2,shirishchinchanikar
2981,16715711,"Shawon Biswas","2026-08-17 17:09:19",647.4,2,shawonbiswas11
2982,16651167,ArmanVardanyan07,"2026-08-03 22:43:13",647.3,2,armanvardanyan07
2983,16676663,"This cat is called Fumi","2026-08-11 18:21:43",647.2,2,qwer556617123
2984,16654596,"khusham sheth","2026-08-13 05:28:55",647.2,2,khushamsheth
2985,16732048,jiangletian,"2026-08-17 11:35:56",647.0,2,jiangletian
2986,16644508,"Vandana Pathania","2026-08-11 20:54:51",646.9,2,vandanapathania
2987,16705183,"Tong Jiakai","2026-08-14 08:23:26",646.9,2,tongjiakai
2988,16683918,Thuytien,"2026-08-07 17:20:33",646.8,2,thuytien200529
2989,16666833,DenisKoronchik,"2026-08-11 14:58:04",646.8,2,deniskoronchik
2990,16692995,RafaMartinaitis,"2026-08-16 01:17:48",646.5,2,rafaelmartinaitis
2991,16700661,"Aakash Kavuru","2026-08-12 05:13:05",646.2,2,aakashkavuru
2992,16690152,"The Ceris","2026-08-16 11:49:31",646.1,2,amedeopachera
2993,16663677,"Aghazie David","2026-08-07 00:32:14",645.8,2,aghaziedavid
2994,16667025,"Anjitha Mekkayil Anand ","2026-08-17 07:13:35",645.8,2,anjithamekkayilanand
2995,16678644,"Kanik Aggarwal","2026-08-13 19:01:16",645.6,2,roronoazoro200
2996,16738640,"Tjay Burger","2026-08-18 17:35:39",645.3,2,tjayburger
2997,16685582,Wasaanyi,"2026-08-18 09:21:30",645.1,2,"cnakakeeto,wasaanyi"
2998,16671648,AnZ,"2026-08-09 07:21:22",645.1,2,minhbui1997
2999,16668678,"Madhur Sabherwal","2026-08-14 02:47:14",644.9,2,madhur321
3000,16657553,graceyunliu,"2026-08-09 16:55:44",644.5,2,graceyunliu
3001,16654890,"Josh Hipps","2026-08-06 14:16:49",644.5,2,joshuahipps
3002,16679364,VicD,"2026-08-14 20:16:52",644.4,2,durandv
3003,16724228,LSS0334,"2026-08-18 16:58:57",644.2,2,lss0334
3004,16655424,Fayche,"2026-08-10 16:50:28",644.2,2,fayche
3005,16688175,aarav221w,"2026-08-16 20:31:21",644.1,2,aarav221w
3006,16723729,"Lucas Cimiano","2026-08-18 03:26:10",643.7,2,lucascimiano
3007,16714363,guohaowen,"2026-08-13 14:25:48",643.7,2,guohaowen1910
3008,16673266,Preet,"2026-08-14 05:57:17",643.0,2,hpkaur34
3009,16658820,"Jonathan Ashenaf1","2026-08-11 16:59:20",642.7,2,jonathanashenaf1
3010,16665191,JoJa,"2026-08-16 16:00:38",642.6,2,"mojyou,noahzx"
3011,16721940,DarkLayer,"2026-08-17 13:48:07",642.5,2,nnpaopao
3012,16623316,"Ondrew Zudin","2026-08-06 23:08:41",642.5,2,ondrewzudin
3013,16738261,"Samuel Moreira","2026-08-18 18:58:30",642.5,2,samuelmoreira420
3014,16709809,RiyaSoni20,"2026-08-18 00:37:33",642.2,2,"riyasoni20,rudraamin06"
3015,16659645,Drakus_Julia,"2026-08-09 02:15:20",642.2,2,drakus74
3016,16708625,"Lê Văn Pháp","2026-08-17 16:39:19",641.6,2,"linhsarah,lvnphp"
3017,16670708,"Mohammad Usman Sajid","2026-08-11 16:33:51",641.3,2,mohammadusmansajid
3018,16660173,"PAULO HENRIQUE DE LIMA","2026-08-06 02:42:20",640.9,1,paulohenriquedelima
3019,16664841,vohi01,"2026-08-18 10:45:54",640.8,2,vohi01
3020,16717742,"Ghawwjsb Vsjsjsbs","2026-08-13 22:32:49",640.7,2,ghawwjsbvsjsjsbs
3021,16660955,"Nihal l.suvarna","2026-08-10 14:10:54",640.6,2,nihallsuvarna
3022,16690940,NKryst,"2026-08-17 22:42:35",640.4,2,nkryst
3023,16705149,"Allen Chun","2026-08-15 04:59:05",640.3,2,allenchun
3024,16719172,"Victor Carriço","2026-08-18 14:48:41",640.2,2,kronossaurus
3025,16666055,Axit,"2026-08-06 10:16:15",640.0,2,axitslab
3026,16674076,rigsutra,"2026-08-13 19:31:53",639.9,2,rigsutra
3027,16641171,"Sadettin Şamil Verdil","2026-08-17 09:53:15",639.8,2,sadettinamilverdil
3028,16701454,"André-Marie BEHANZIN","2026-08-17 10:36:34",639.3,2,andremariebehanzin
3029,16666614,"Arjun Annamalai","2026-08-18 09:23:28",639.2,2,arjunannamalai
3030,16657601,Simon,"2026-08-05 15:59:44",638.5,2,benten10
3031,16697730,JCN2365,"2026-08-13 18:06:35",638.5,2,jcn2365
3032,16657981,"Arijit Kar","2026-08-18 11:05:52",638.2,2,demonicak
3033,16707159,"Toua Innocent TIA","2026-08-17 16:28:36",638.0,2,centino
3034,16633934,Alexy,"2026-08-16 20:55:26",637.8,2,alexycactus
3035,16657400,indrapurnama,"2026-08-08 05:42:05",637.7,2,indr0008
3036,16669118,"yunus yavuz","2026-08-05 21:51:21",637.1,2,yunusyvz
3037,16709824,pizzahut,"2026-08-17 06:40:51",636.7,2,csalazoltntams
3038,16645426,Jun_value,"2026-08-18 02:31:46",636.2,2,junvalue
3039,16705480,Mint120,"2026-08-18 04:39:39",636.0,2,mint120
3040,16676025,"Csaba József","2026-08-17 19:00:34",635.9,2,"jcsaba,peterkiss4"
3041,16660119,"Dhruva Das","2026-08-05 17:05:52",635.9,2,dhruva77
3042,16685618,"Krupa Vardhan","2026-08-08 07:33:05",635.8,2,krupavardhan
3043,16657807,"Ragav Rida","2026-08-07 16:22:34",635.5,2,ragavrida
3044,16634790,"Steven Lui","2026-08-03 12:22:08",635.5,2,stevenlui
3045,16718338,"Oladimeji Adeyemi","2026-08-17 15:33:50",634.9,2,adeyemioladimeji
3046,16705661,"Toshiki Touda","2026-08-13 06:51:05",633.8,2,toshikitouda
3047,16697346,"sayyid mogaka","2026-08-10 21:37:36",633.6,2,sayyidmogaka
3048,16719857,"Howey do it","2026-08-14 23:06:06",633.4,2,ronincoppins
3049,16632253,nasuuuuun,"2026-08-04 13:30:11",633.1,2,hikarumatsuzaki
3050,16726211,RepeatAfterMe,"2026-08-17 08:21:41",633.0,2,bekirsciftler
3051,16662057,DeokJin,"2026-08-05 04:01:38",632.8,2,deokjin
3052,16726913,"T T‗Worker","2026-08-17 20:08:19",632.4,2,ttworker
3053,16688366,yokoikazumasa,"2026-08-08 19:25:58",632.4,1,yokoikazumasa
3054,16621499,"Alexandr Utkov","2026-08-01 00:21:43",632.0,2,alexandrutkov
3055,16640504,"Recep Öztürk","2026-08-13 04:10:55",632.0,2,rcpztrrk1
3056,16729186,Virtute,"2026-08-18 18:55:18",631.8,2,nameless001
3057,16659286,shane18,"2026-08-18 10:16:07",631.1,2,shane18
3058,16692246,"Pamod Jayaneth","2026-08-18 08:54:39",630.7,2,pamodjayaneth
3059,16659896,TedT,"2026-08-11 19:36:14",630.3,2,fdsaur
3060,16716697,"Habil Tobi","2026-08-17 11:09:43",630.2,2,habiltobi
3061,16687538,aefinityaiinc,"2026-08-08 21:06:43",630.0,2,aefinityaiinc
3062,16658775,"Vincent Pan","2026-08-11 10:46:57",629.8,2,"judithhong,vincentpan2005"
3063,16688134,"Marc Dakuginow","2026-08-13 01:40:44",629.7,2,marcdakuginow
3064,16720760,ysteh05,"2026-08-15 05:14:53",629.6,2,ysteh05
3065,16709494,"Aditya Dushara","2026-08-17 21:19:37",629.4,2,adityadushara
3066,16687604,Harrislrobinson,"2026-08-11 00:25:10",629.2,2,harrislrobinson
3067,16701779,"Chaoqi Luo","2026-08-15 16:42:19",628.9,2,chaoqiluo7
3068,16672463,"Muzammil Baloch","2026-08-07 12:45:39",628.7,2,muzammilbaloch
3069,16670779,"Aditya Dube","2026-08-06 01:41:24",628.6,2,dubeaditya
3070,16656317,"Manu Rahi","2026-08-06 16:43:55",628.5,2,manurathi
3071,16665046,"Srish Jana","2026-08-06 18:12:59",628.4,2,srishjana
3072,16692644,"Achille Gohin","2026-08-10 00:26:26",628.1,2,achillegohin
3073,16670218,"What is Coding?","2026-08-07 01:47:17",627.8,2,matthewshvarts
3074,16680108,dentalsoup,"2026-08-07 09:03:47",627.8,2,afinemonkey
3075,16672657,"Lochan Naik","2026-08-07 08:41:44",627.7,2,lochannaik
3076,16670504,Shirabe,"2026-08-10 20:34:44",627.4,2,carlmakt
3077,16700785,"VIVEK JAMI","2026-08-10 14:01:44",626.9,2,vivekjami
3078,16676320,"Khôi Trần","2026-08-16 06:25:01",626.9,2,khoitrn
3079,16676085,"Giordano Dolenz","2026-08-18 16:10:37",626.7,2,giordanodolenz
3080,16675264,"Alon Bar Koter","2026-08-06 16:16:43",626.6,2,alonbarkoter
3081,16685028,"serene ng","2026-08-13 14:53:37",626.5,2,sereneng
3082,16673359,hasshi7965,"2026-08-17 10:21:22",626.3,2,hasshi7965
3083,16630335,"Solve Langseth","2026-08-05 06:48:57",626.2,2,solvelangseth
3084,16732725,MackTen,"2026-08-18 13:39:05",626.0,2,mackten
3085,16657576,"SUBHASH B","2026-08-18 14:31:58",626.0,2,"rishikrish1,subhashb21022"
3086,16724847,"guangchen lu","2026-08-17 03:27:45",625.9,2,guangchenlu
3087,16659813,"Uday Kumar R","2026-08-13 09:47:39",625.7,2,udaykumarramineni
3088,16707561,"Nick Rom111","2026-08-18 14:20:25",625.2,2,nickrom111
3089,16666988,"Sarthak Vedant Mohanty","2026-08-08 00:10:11",625.0,2,sarthakvedantmohanty
3090,16691007,"Nhật Khoa Phạm","2026-08-14 16:15:43",624.9,2,pnk123456
3091,16679958,Bum_Fy_Mz,"2026-08-13 20:31:44",624.8,2,bumfymz
3092,16677585,Pan,"2026-08-07 13:54:22",624.7,2,mehdiacho
3093,16664096,"Charles Coonce","2026-08-13 02:13:06",624.5,2,charlescoonce
3094,16731009,"Joseph Paris","2026-08-18 03:55:37",624.4,2,josephkparis
3095,16662201,"Saumitra Verma","2026-08-04 18:28:36",624.1,2,saumitraverma
3096,16655072,Sonuaswar1,"2026-08-04 07:33:47",623.4,2,sonuaswar1
3097,16668562,"Anthony LOISEAU","2026-08-06 16:07:52",623.0,2,anthonyloiseau
3098,16686655,"Emir Baki Demirci","2026-08-14 22:43:55",623.0,2,emirbakidemirci
3099,16666328,"Dornus !","2026-08-05 21:53:19",622.9,2,dornus
3100,16701761,BalaVignesh,"2026-08-11 17:04:37",621.7,2,balavignesh
3101,16659025,"Mohammed Naseef","2026-08-05 09:01:20",621.7,2,mohammednaseef
3102,16654485,"Mahbub Alam","2026-08-04 02:08:23",621.6,2,mahbubalam214
3103,16630249,"Aymar Avohoueme","2026-08-01 20:38:57",621.5,2,aymaravohoueme
3104,16698103,JJ,"2026-08-10 02:21:50",621.5,2,jianjinchen
3105,16672078,vietlinhh02,"2026-08-08 07:46:53",621.3,2,vietlinhh02
3106,16639244,"Romone Dunlop","2026-08-11 10:19:49",621.3,2,romonedunlop
3107,16693207,"Vamshi Guntupalli","2026-08-11 22:40:36",621.0,2,vamshiguntupalli
3108,16722252,pwdh2026,"2026-08-14 22:16:22",620.8,2,pwdh2026
3109,16717756,Dominick,"2026-08-17 03:52:49",620.3,2,kcinimod
3110,16685349,Onelux,"2026-08-13 12:58:31",620.3,2,leehomhuang
3111,16662751,ZeD,"2026-08-06 10:11:24",620.2,2,hussamcheema
3112,16665257,"Ken Li","2026-08-09 12:59:32",620.2,2,kenliwt
3113,16659874,"ding yumeng","2026-08-10 11:53:41",619.8,2,dingyumeng
3114,16717716,"Диас Издибаев","2026-08-15 05:32:14",619.4,2,diasiz1
3115,16675952,"Stephan Hahn","2026-08-09 12:57:14",619.3,2,stephanhahn16
3116,16635509,simmons1025,"2026-08-18 16:19:24",619.2,2,simmons1025
3117,16662060,"Richard Valino","2026-08-06 16:03:36",618.5,2,richardvalino
3118,16637894,"Leonardo Domingues","2026-08-13 13:08:30",617.9,2,leonardodomingues
3119,16686149,"Luc Mantoux","2026-08-09 20:25:33",617.4,2,lucmantoux
3120,16654267,maniginam,"2026-08-18 02:00:06",617.3,2,maniginam
3121,16661934,"Viacheslav Kasatkin","2026-08-10 10:48:25",616.8,2,viacheslavkasatkin
3122,16661449,"Samarjeet Singh","2026-08-14 01:57:32",616.7,2,samarjeet010
3123,16647607,pumpkin,"2026-08-07 13:57:58",616.7,2,gealachpumpkin
3124,16668612,"raffael prem","2026-08-06 08:02:13",616.6,2,raffaelprem
3125,16732462,"Aji Samudra","2026-08-18 14:48:29",616.3,2,ajisamudra
3126,16654970,"Maycon Coutinho","2026-08-10 15:26:47",615.9,2,coutinhomaycon
3127,16730375,Floth,"2026-08-18 13:22:02",615.9,2,suwat513
3128,16632423,goh,"2026-08-16 11:20:53",615.3,2,bungohatayama
3129,16633069,"Nur Srijan","2026-08-06 12:55:34",615.0,2,nursrijan
3130,16688873,"Chicken & Sheep","2026-08-18 06:50:33",614.9,1,rugaru
3131,16685722,"Jiahan Cao","2026-08-12 09:01:22",614.5,2,jiahancao
3132,16689908,Hyun777,"2026-08-14 01:11:17",614.1,2,hyun777
3133,16661460,Lucky,"2026-08-09 13:17:39",614.0,2,tmiya0107
3134,16659210,HASHP100D,"2026-08-08 15:22:24",613.9,2,hashp100d
3135,16732221,ringbearer,"2026-08-18 18:22:25",613.9,2,mehmetbarankrat
3136,16664913,"ABHISHEK KUMAR","2026-08-17 04:20:56",613.6,2,abhishek6545
3137,16656410,Sam,"2026-08-14 01:58:04",613.0,2,beartrader
3138,16658925,CYBWithFlourish,"2026-08-06 15:56:28",613.0,2,cybwithflourish
3139,16709463,MKhlystun,"2026-08-12 12:41:42",612.6,2,mkhlystun
3140,16658909,junesdata,"2026-08-06 15:14:26",612.5,2,junesdata
3141,16664140,Sxwat,"2026-08-07 08:57:23",612.5,2,aybatov
3142,16698292,"Dallas Manning","2026-08-17 14:29:53",612.3,2,dallasmanning
3143,16639796,rmizuta,"2026-08-18 14:17:13",611.9,1,rmizuta
3144,16669699,nikesh23,"2026-08-08 01:52:56",611.9,2,nikesh23
3145,16663188,"Ethan Feng","2026-08-05 22:09:38",611.9,2,xenon111231
3146,16628897,"Kyoungwon Jeong","2026-08-17 03:43:53",611.8,1,kyoungwonjeong
3147,16662722,"Ajeet Jain","2026-08-07 06:32:10",611.7,2,jainajeet29
3148,16705415,"Mauro Najera","2026-08-11 05:30:13",611.7,2,mauronajera
3149,16712921,"Come Back","2026-08-13 11:14:28",611.4,1,amirhosseinltf
3150,16630779,Jimmer,"2026-08-14 10:18:29",611.1,2,przemysawonr
3151,16664731,UT,"2026-08-17 15:11:30",611.1,2,"sabapunch,wasshan"
3152,16664266,"Ian Chung","2026-08-07 23:32:55",611.1,2,iannnnn012345
3153,16635233,"Szymon Kłapiński","2026-08-03 10:04:12",611.0,2,szymonkapiski
3154,16687942,"Arya Arun","2026-08-16 08:52:26",610.6,2,aryaarun07
3155,16665080,"RAVI KUMAR696996","2026-08-05 06:14:29",610.2,2,ravikumar696996
3156,16661507,Siddharth1984,"2026-08-06 13:39:22",610.2,2,siddharth1984
3157,16724522,"stathis maurog","2026-08-18 12:36:03",609.7,2,stathismaurog
3158,16717245,bernard558,"2026-08-18 15:10:34",609.6,2,bernard558
3159,16665364,"Shien Zhang","2026-08-06 06:50:46",609.4,1,shienzhang
3160,16660462,"Vishwanath N Iyer","2026-08-07 07:22:17",609.3,2,vishwanathniyer
3161,16668154,JuanEspana,"2026-08-09 11:38:32",609.3,2,juanespana
3162,16674943,feyZERO,"2026-08-16 10:48:50",609.2,2,faezamora
3163,16632368,"Yuelin Bai","2026-08-03 08:15:12",609.1,2,paralym
3164,16655899,"Dominic Tedrow","2026-08-17 20:37:28",608.8,2,dominictedrow
3165,16680562,devsloppy,"2026-08-10 20:02:19",608.7,2,twu1738
3166,16685014,"Vishal Kishore","2026-08-10 08:54:53",608.7,2,kishorevishal
3167,16691807,lbs-vadar,"2026-08-14 15:00:35",608.3,2,lbsvadar
3168,16637649,cameronezrajones579,"2026-08-15 15:49:12",608.3,2,cameronezrajones579
3169,16679144,つるげーねふ,"2026-08-18 13:38:33",608.2,2,atom7666
3170,16661596,t@got@go,"2026-08-10 06:24:24",608.1,2,kamdaanahessod
3171,16693033,AgriBot,"2026-08-13 23:53:10",608.1,2,prcieuxcomlan
3172,16644577,"Arthur Merritt","2026-08-04 07:11:11",608.0,2,jarthuph
3173,16661927,JHCodeQuest,"2026-08-06 23:31:22",607.8,2,josephkhassan
3174,16670065,"Artyom Sayapin","2026-08-13 23:21:36",607.7,2,spielmeister
3175,16668324,"Alden Jenish S","2026-08-06 14:02:09",607.5,2,aldenjenishs
3176,16633577,Boxy,"2026-08-15 18:55:40",607.4,2,boxyml
3177,16666709,JSQL,"2026-08-17 17:27:05",607.0,2,jeffreyschott
3178,16641009,"Marius Kirschner","2026-08-03 08:41:47",606.9,2,mariuskirschner
3179,16735702,opflare,"2026-08-18 15:03:14",606.7,2,opflare1144user
3180,16684024,"Work From Home 3.0","2026-08-14 12:33:30",606.3,2,"direct1,maxtankialok,n00bcak"
3181,16705363,"Matt Hall","2026-08-16 01:44:32",606.2,2,matthall0
3182,16657681,"Prince Raj","2026-08-11 22:49:02",605.6,2,princerajmdb
3183,16658718,"Duong Bao Duy","2026-08-11 19:13:05",605.5,2,duongbaoduy
3184,16701250,T00bii,"2026-08-11 16:11:06",605.4,1,t00bii
3185,16662741,"Abhiraj Govind","2026-08-04 18:01:16",605.1,1,abhirajgovind
3186,16656913,"Inna Davidov","2026-08-13 12:33:00",604.7,2,innadav
3187,16674308,"Ayush Roy","2026-08-06 20:28:57",604.6,2,ayushroy39
3188,16661402,"Abin Biju","2026-08-11 18:00:35",604.5,2,abinbiju1
3189,16631480,"Kumar Abhijeet","2026-07-31 13:29:40",604.5,1,krabhijeet
3190,16661397,"T. Scharf","2026-08-05 02:54:36",604.3,2,scharf
3191,16715251,SoraGinko,"2026-08-16 23:53:33",604.2,2,terrywuu
3192,16668108,"Suresh Chandra Mangena","2026-08-11 09:32:31",604.1,2,sureshchandramangena
3193,16730761,ElephtAI,"2026-08-18 06:01:38",603.8,2,yuchengj
3194,16688646,lakranitesh,"2026-08-08 12:49:18",603.8,2,lakranitesh
3195,16725483,PQ_Marz,"2026-08-15 16:25:50",603.7,2,pqmarz
3196,16696020,"Hugo Voisin","2026-08-11 16:08:06",603.5,2,hugovoisin
3197,16682707,"AJAY KUMAR","2026-08-07 19:13:08",602.9,2,worldsslayer
3198,16699586,"Linda Liu","2026-08-18 10:45:06",602.3,2,lpoint
3199,16656470,Glimmeron,"2026-08-12 02:01:48",602.1,2,rishabhraushan
3200,16673214,Boiga7,"2026-08-06 14:03:53",602.1,2,lewiselliot
3201,16661443,"STEPHEN ASANTE OPOKU","2026-08-04 16:45:41",602.1,1,stephenasanteopoku
3202,16648589,"Yilan Zhu","2026-08-05 11:23:23",601.9,2,yilanzhu
3203,16709880,"Javier Pérez Robles","2026-08-15 02:21:07",601.4,2,javierprezrobles
3204,16665471,"Dennis Navamani","2026-08-16 13:41:37",601.3,2,dennisnavamani
3205,16630163,"SEREENA JERRY","2026-08-06 08:59:17",601.1,2,serenajerry
3206,16682984,"Rishikesh Bharat Koli","2026-08-08 04:18:06",601.0,2,rishikeshbharatkoli
3207,16632100,"Mohit Shirke","2026-08-07 17:55:11",600.7,2,orcivion
3208,16725847,"Shel Horta","2026-08-18 04:29:55",600.5,2,shelhorta
3209,16629002,Alpro,"2026-08-17 22:27:30",600.4,2,"dogaakal,egekemalkaraca"
3210,16658031,BSam79,"2026-08-17 03:29:57",600.0,2,bsam79
3211,16675684,washamba_bots,"2026-08-18 19:22:10",600.0,2,"billygmwangi,futurecentaur,peterkibetspidey,stephanenjoki"
3212,16622842,Will,"2026-08-18 19:23:22",600.0,2,wguesdon
3213,16674174,"Ramesh Arvind","2026-08-09 09:48:49",599.8,2,rameshln
3214,16718295,doinggyu,"2026-08-18 12:56:58",599.5,2,doinggyu
3215,16656689,"Vansh Gupta","2026-08-11 08:56:56",598.9,2,vanshrl9ine
3216,16628487,"Koichi HIRAOKA","2026-08-01 08:42:40",598.6,2,koichihiraoka
3217,16658895,kunihiro,"2026-08-17 03:05:05",598.4,2,kunihiro
3218,16683309,"Zealous Sebastian","2026-08-09 12:45:32",598.2,2,zealoussebastian
3219,16653385,"Vasilii Buzmakov","2026-08-17 12:17:50",598.1,2,vasiliibuzmakov
3220,16715769,Ethereallll1,"2026-08-14 15:21:12",598.1,2,ethereallll1
3221,16728137,mchicen,"2026-08-18 06:29:50",598.0,2,"iyaiji,mchicen"
3222,16662043,"Hengcong Zhu","2026-08-05 14:46:24",597.8,2,hengcongzhu
3223,16737362,"moushun chen","2026-08-18 11:34:03",597.2,2,moushunchen
3224,16730749,"Đông Hà","2026-08-17 12:43:49",597.1,2,phapsucongu
3225,16662647,"Ruben Maya","2026-08-13 16:53:50",597.0,2,rubenmaya
3226,16673034,"Milos Vlainic","2026-08-18 09:06:39",596.9,2,wlakinsson
3227,16726854,"Tâm La Thành","2026-08-18 09:19:57",596.1,2,tmlathnh
3228,16670719,SimoImane,"2026-08-05 23:36:09",595.4,2,simoimane
3229,16694171,"guanran wang","2026-08-11 05:57:12",595.1,2,guanranwang
3230,16686902,"Aaditya Jain","2026-08-10 08:59:33",594.8,1,aadityajain2312
3231,16673324,Amaranta,"2026-08-18 03:43:50",594.7,2,ulyanovantonamaranta
3232,16675493,"Ryotaro Minato","2026-08-16 09:38:33",594.6,2,ryotarominato
3233,16660089,ChristosGrigoras,"2026-08-07 22:41:49",594.3,2,cgrigoras
3234,16735475,SunjaeLee02,"2026-08-18 08:07:34",594.2,2,sunjaelee02
3235,16658627,"Osman Can ÇETLENBİK","2026-08-05 15:25:30",594.2,2,osmancancet
3236,16664502,"Alejandro Morales","2026-08-10 01:05:59",594.2,2,langley96
3237,16645870,"Barathan Aslan","2026-08-03 08:21:55",593.9,2,barathanaslan
3238,16632105,"shreyas sangalad","2026-08-02 12:01:08",593.9,2,spoortisangalad
3239,16646286,"C Aravindhan","2026-08-04 05:03:22",593.7,2,caravindhan
3240,16656797,"رحيم محمد","2026-08-04 20:05:45",593.4,2,darkmaxedwe
3241,16665511,phoenix_merk,"2026-08-05 09:46:25",593.2,2,phoenixmerk
3242,16666637,"Uttam Limbani","2026-08-07 13:41:14",593.0,2,uttamlimbani
3243,16657401,korpo,"2026-08-13 15:50:18",593.0,2,krisko
3244,16664211,"Ben Wilson","2026-08-06 23:57:29",592.9,2,crispyryse
3245,16645302,LuCcc,"2026-08-03 09:45:35",592.8,2,luuuuccccc
3246,16632558,"Made a Beautiful Bouquet","2026-08-17 13:55:04",592.6,2,zaiwubian
3247,16665932,"Fabian Birringer","2026-08-18 01:42:56",592.5,1,fabianbirringer
3248,16631919,"Ghinwa Allaoui","2026-08-04 16:27:17",591.3,1,ghinwaallaoui
3249,16664252,"Huy Hoang","2026-08-15 03:59:40",591.1,2,themeend
3250,16638823,YDDDDDD999,"2026-08-02 14:01:40",590.6,2,ydddddd999
3251,16660485,"Colin Gaffney","2026-08-18 13:18:13",590.5,2,colingaffney1
3252,16656792,"Gnanaprakash R","2026-08-11 02:33:51",590.5,2,gnanaprakashr
3253,16701046,"Thanakorn Kaewwiang","2026-08-14 17:13:39",590.4,2,deweytng
3254,16654885,"Jason Kong","2026-08-04 06:52:19",590.4,2,jasonkongie
3255,16627463,dnish,"2026-08-05 07:37:16",590.4,2,dnishio
3256,16635351,AAAMIKASA,"2026-08-18 13:39:44",590.3,2,aaamikasa
3257,16691628,"Gavin Walsh (N1DGE11)","2026-08-08 16:07:24",590.3,2,gavinwalshn1dge11
3258,16624506,zhongtian,"2026-08-10 03:54:37",590.0,2,kmtbang
3259,16728076,uuu,"2026-08-18 10:03:09",589.8,2,vovafinogenov
3260,16663618,Anthaus,"2026-08-09 17:06:35",589.8,2,anthaus
3261,16660081,fakyyy,"2026-08-09 11:19:15",589.6,2,manideepreddyakula
3262,16716531,tebenia,"2026-08-16 08:06:58",589.6,2,tebenia
3263,16668137,"Thomas De Sousa","2026-08-06 06:34:48",589.6,2,thomasdesousa
3264,16659183,"Leonard Yaw Mensah","2026-08-05 02:22:25",589.6,2,leonardyawmensah
3265,16731270,"Arthurs Torres24","2026-08-17 14:46:48",588.8,2,arthurstorres24
3266,16642036,enddl22,"2026-08-12 02:55:36",588.7,2,enddl22
3267,16664706,olivbhxf,"2026-08-06 07:10:34",588.6,2,olivbhxf
3268,16623646,"Minal kharat123","2026-08-06 15:42:39",588.5,2,minalkharat123
3269,16675477,"Joanne Yun","2026-08-07 13:40:53",588.4,2,joannejyun
3270,16658160,yunquer,"2026-08-17 07:18:53",588.2,2,yunquer
3271,16623006,"Aaradhy Singhvi","2026-08-11 23:29:04",588.1,2,aaradhysinghvi
3272,16693003,ShirrleyChen,"2026-08-15 12:54:58",588.0,2,shirrleychen
3273,16725955,"Aditya Pandey","2026-08-17 00:10:10",587.8,2,adipandey777
3274,16734511,"Marcin Salaterski","2026-08-17 23:33:22",587.7,1,marcinsalaterski
3275,16672473,goldfish,"2026-08-13 03:34:21",587.6,2,dolgfish
3276,16656304,"Gururaj Athani","2026-08-18 15:53:19",587.6,2,gururajathani
3277,16688662,"Faz Forward","2026-08-08 09:03:10",587.3,2,fazforward
3278,16686109,"Triple Tensor","2026-08-17 08:24:26",587.2,2,"adinathjagtap777,pds178,prajwalzolage05"
3279,16655069,"Jason Harrison","2026-08-05 20:56:59",587.2,2,jasonharrisonco
3280,16664608,sid,"2026-08-07 18:18:04",586.9,2,sidshastri04
3281,16678613,iBooNDK,"2026-08-09 19:03:37",586.8,2,iboondk
3282,16659505,"Duleeka Mevan","2026-08-06 09:32:46",586.8,2,duleekamevan
3283,16656431,"Venetta Smithen","2026-08-17 00:25:47",586.7,2,venettasmithen
3284,16722109,Navneet,"2026-08-14 14:02:35",586.7,2,zxcdfg
3285,16625611,"Karl Smile","2026-08-13 12:07:03",586.6,2,karlsmile
3286,16662995,"carlos mario de oro aguado","2026-08-06 21:08:28",586.4,2,cdeoroaguado
3287,16706985,Valmrnch,"2026-08-15 06:01:39",586.3,2,valmrnch
3288,16659294,"Muhammad Rafzan","2026-08-08 10:56:32",586.3,2,revianalfariz
3289,16723737,HaruhiroKazami,"2026-08-18 08:05:07",586.2,2,haruhirokazami
3290,16715399,"Julia Chien","2026-08-18 08:14:16",585.9,2,juliachien
3291,16706993,Celibistrial,"2026-08-13 22:38:42",585.9,1,celibistrial
3292,16722888,GarrieD,"2026-08-17 22:09:52",585.5,2,garried
3293,16635055,CHCHENTW,"2026-08-14 11:47:49",585.5,2,chchentw
3294,16693342,takemo,"2026-08-15 09:38:12",585.3,2,takemoriyuto
3295,16625216,"Emre Can","2026-08-01 17:05:51",585.2,2,seicatsu
3296,16668532,"Nir Aberman","2026-08-17 04:06:23",584.7,2,niraberman
3297,16666716,"Fanis Alexakis","2026-08-17 11:59:15",584.7,2,fanisalexakis
3298,16692168,"Kinshuk Aggarwal","2026-08-09 04:23:32",584.5,1,kinshukaggarwal
3299,16695400,"Karam Khasawneh","2026-08-10 20:29:16",584.3,2,karamkhasawneh
3300,16630784,"🚜 Sub-Par Seedlings","2026-08-11 08:39:26",584.3,2,"dwellement0baser,michaellist,oneupkiwi,wilhelmberghammer"
3301,16657929,Robert-zwr,"2026-08-05 11:15:48",584.2,1,robertzwr
3302,16641288,nakagawaren0805,"2026-08-18 02:36:09",583.4,2,nakagawaren0805
3303,16686645,Ornaat,"2026-08-18 12:39:13",583.4,2,ornaat
3304,16665865,"Agrippa Beaulieu","2026-08-08 19:09:28",582.9,2,agrippabeaulieu
3305,16640399,Hubbahub,"2026-08-04 20:40:39",582.4,2,hubbahub
3306,16627009,c0sm1c,"2026-08-01 11:06:14",581.8,1,tanghao111
3307,16678773,"Steve Probst","2026-08-18 13:33:52",581.4,2,steveprobst
3308,16669330,"Panagiotis Charalabopoulos","2026-08-18 18:18:52",581.4,2,panagiotischaral
3309,16636973,"Ali Ali G","2026-08-03 18:36:40",581.1,2,alialig
3310,16672105,"Natural Stupidity","2026-08-10 19:39:53",581.1,2,"parthb21,sujaygolla"
3311,16631981,"Karen Letir","2026-08-10 09:21:51",580.8,2,karenletir
3312,16668589,"Gleb Naumkin","2026-08-05 22:46:26",580.7,1,glebnaumkin
3313,16668606,"Hasith Kulathilaka","2026-08-10 08:57:08",580.7,2,hasithkulathilaka
3314,16702281,"Dhruv Patel #2","2026-08-10 21:25:08",580.6,2,dhruvpatel1972
3315,16663327,Gnr8tr,"2026-08-13 14:16:44",580.2,2,wilburjpereira
3316,16693797,"Riyaz Ur Rehman","2026-08-17 02:21:15",580.1,2,riyazurrehman
3317,16663368,"Laurence Dale","2026-08-12 18:00:07",579.8,2,laurencedale
3318,16649421,Eltormtace,"2026-08-14 04:35:15",579.7,2,eltormtace
3319,16693045,"Huseyin Battal","2026-08-09 05:41:25",579.5,2,huseyinbattal
3320,16682869,"Sepideh Rahmati","2026-08-12 08:10:46",579.3,2,sepidehrahmati
3321,16689372,"Kiran Yerpude","2026-08-12 05:39:43",578.5,2,kiranyerpude
3322,16680799,zixma13,"2026-08-10 11:25:29",578.0,2,zixma13
3323,16719364,Yeh!AIGame,"2026-08-17 11:23:43",577.5,2,"luluyeh,yehshibang"
3324,16668071,"Ali Eren Oğuztaş","2026-08-13 00:04:23",577.4,2,alierenouzta
3325,16706277,"ratat Zheng","2026-08-12 10:25:38",577.4,2,ratatzheng
3326,16687716,"Joshua Fernando","2026-08-16 15:49:19",577.2,2,joshuafernandoj
3327,16665281,"[Deleted] 899172b8-e148-4564-ba8c-c46356105ab8","2026-08-05 09:55:11",577.2,2,del=cd7e9a4014b872ef
3328,16661105,"Vignesh Murugan","2026-08-04 19:57:46",577.0,2,vigneshv1cky
3329,16658115,SantaClaws,"2026-08-10 14:50:31",576.9,2,vovikdrg
3330,16685570,"Micah Fernando","2026-08-07 19:46:31",576.8,2,micahfernando
3331,16685800,"Sumit Ridhal","2026-08-18 16:37:24",576.7,2,sumitridhal
3332,16699707,"Afana Khalit putra","2026-08-11 08:57:25",576.4,2,afanakhalitputra
3333,16623263,ASHML,"2026-07-30 23:28:50",576.0,2,ashml
3334,16700080,Kaushik,"2026-08-10 11:11:18",575.7,2,kgarumugam
3335,16662715,"Great Okwuma","2026-08-17 00:10:46",575.3,2,greatokwuma2
3336,16659261,PromptEngineer48,"2026-08-04 16:44:46",575.1,2,promptengineer48
3337,16658476,"goksel yesiller","2026-08-04 11:07:53",575.1,2,gokselyesiller
3338,16652904,TonightIsOver,"2026-08-18 12:59:26",574.8,2,tonightisover
3339,16683837,"Blessed Ngorima","2026-08-18 09:40:53",574.7,2,blessedngorima
3340,16670634,"Narayan Sharan","2026-08-07 21:13:42",574.7,2,narayansharan
3341,16669397,"Abed Kibbe","2026-08-17 23:02:49",574.7,2,abedkibbe
3342,16654068,"Renoir Vieira","2026-08-18 15:55:02",574.7,2,renoirvieira0
3343,16662938,CarlitrosParra,"2026-08-05 21:34:52",574.4,2,carlitrosparra
3344,16666566,"Rairo Mukamuri","2026-08-16 12:58:02",573.7,1,thetraveller
3345,16665949,Rbda,"2026-08-06 14:18:03",573.4,2,brazvan
3346,16708315,beeyan,"2026-08-18 11:10:35",572.8,1,beeyan0821
3347,16687330,"Mehmet Ensar Çetin","2026-08-15 07:39:29",572.2,2,mehmetensaretin
3348,16678154,"Hashim Far","2026-08-08 04:20:32",572.1,2,hashimfar
3349,16668813,zhaowang,"2026-08-06 05:19:52",571.9,2,zhaowangwang
3350,16663267,"Sravya Isukapatla","2026-08-11 10:14:54",571.8,2,sravyaisukapatla
3351,16655600,"VYSHAKH G NAIR","2026-08-04 21:31:24",571.7,2,vyshakhgnair
3352,16726687,"Rohin Kethipally","2026-08-18 18:07:04",571.6,2,rohinkethipally
3353,16681778,kzeus@003,"2026-08-12 05:12:15",571.6,2,kzeus003
3354,16712007,"Dipin Kothavoor","2026-08-16 09:43:25",571.5,2,dipinkothavoor
3355,16631547,"Chong Xuan Ng","2026-08-08 15:38:52",571.2,2,chongxuanng
3356,16661930,zzangsunghyeon,"2026-08-08 16:22:21",571.2,2,zzangsunghyeon
3357,16679771,Coolgolf,"2026-08-10 16:12:33",571.2,2,coolgolf
3358,16661950,moonmelonpizza,"2026-08-09 12:25:23",571.1,2,moonmelonpizza
3359,16715988,"Hsyn Kskn","2026-08-18 08:38:37",571.1,2,hsynkskn
3360,16687294,"Madiyar Khamzanov","2026-08-17 14:49:31",570.9,2,mkhamzanov
3361,16653260,"Kadouci Abdelhak","2026-08-18 17:35:11",570.8,2,kadouciabdelhak
3362,16726044,"Lena Traczuk","2026-08-17 15:50:27",570.8,2,lenatraczuk
3363,16674599,"Luka Duvanov","2026-08-11 12:18:07",570.6,1,nekkon
3364,16654312,Xmeeeee,"2026-08-05 00:11:29",570.5,2,xmeeeee
3365,16692138,"Bishwa Thakur","2026-08-18 09:00:00",570.3,2,bishwathakur
3366,16719257,"Alexander Morozov","2026-08-14 23:53:53",570.1,2,scanhex
3367,16656641,AndrewEly8,"2026-08-05 00:56:32",569.8,2,andrewely8
3368,16683934,"Teja Madala","2026-08-10 14:46:07",569.8,2,tejamadala
3369,16687293,"Aurelie Jodelle Kemme","2026-08-18 11:47:57",569.7,2,"audreydemafo,aureliejodellekemme"
3370,16657664,"Nguyễn Anh Kiệt 28","2026-08-06 04:17:40",569.5,2,nguynanhkit28
3371,16666652,"Mohamed Fanni","2026-08-17 00:51:38",569.3,2,"arachid,mohamedfanni,soukaynamokhtari"
3372,16688383,plong2101,"2026-08-18 06:21:34",569.3,2,plong2101
3373,16649077,"Yifan Yang 135","2026-08-11 06:22:40",569.1,2,yifanyang135
3374,16722819,Anna,"2026-08-17 12:55:41",569.0,2,annatmp
3375,16675512,Corgi-Samoyed,"2026-08-18 16:09:10",569.0,2,corgisamoyed
3376,16704597,"Wallace Switzer","2026-08-12 01:09:49",569.0,2,wallaceswitzer
3377,16676803,"Josue Villao","2026-08-14 05:20:13",568.9,2,josuevillao
3378,16675060,"Xinger Gao","2026-08-08 10:09:13",568.9,2,xingergao
3379,16693522,shadycoderalltime,"2026-08-09 06:09:31",568.5,2,shadycoderalltime
3380,16665424,taaaaanq,"2026-08-17 14:23:35",568.1,1,"chuayaplong,flashtigro,huayu05,taaaaanq"
3381,16722902,"Grigorii IU","2026-08-16 20:52:14",567.5,1,grigorii220
3382,16664251,zzy123123,"2026-08-08 09:22:51",567.0,2,zzy123123
3383,16696231,"Oleg Smirnov","2026-08-09 19:22:20",566.8,2,smirnolegov
3384,16729152,Antoine,"2026-08-17 10:12:04",566.7,2,a11t01n3
3385,16687237,Khalibryler,"2026-08-11 09:17:03",566.7,2,khalibryler
3386,16665374,UmangDobhal03,"2026-08-06 03:46:29",566.7,2,umangdobhal03
3387,16699207,"Bipin Rimal","2026-08-10 07:45:21",566.7,2,bipinrimal314
3388,16707037,"Cedoque BAGBONON","2026-08-14 23:47:08",566.6,2,cedbag
3389,16623271,"William Morley","2026-07-31 10:09:16",566.5,2,williamkmorley
3390,16697448,"Mykola Mazniuk","2026-08-15 17:57:39",566.1,1,mykolamazniuk
3391,16663040,"BARBARA GASKINS","2026-08-12 01:08:47",566.0,2,barbaragaskins
3392,16687602,"jithin manoj","2026-08-12 13:00:23",566.0,2,jithingmanoj
3393,16632157,"福原 大知","2026-08-03 06:46:04",565.6,2,fxxyfox
3394,16682632,Sebastiaan,"2026-08-11 11:42:56",565.4,2,sebastiaanreinders
3395,16657383,"Shih Hua Chou","2026-08-18 03:51:08",565.3,2,shihhuachou
3396,16639577,Haitaks,"2026-08-16 09:42:16",565.1,2,haitaks
3397,16729765,"Caio Ruiz","2026-08-18 04:10:10",565.1,2,chvruiz
3398,16623824,zhangende02,"2026-08-01 01:15:21",564.9,2,zhangende02
3399,16640516,"Alfandi Hassan","2026-08-08 03:41:33",564.8,2,alfandihassan
3400,16735298,Watary0927,"2026-08-18 13:54:56",564.7,2,watary0927
3401,16661682,"Rishi Gupta","2026-08-05 07:46:38",564.5,2,rishigupta07
3402,16666071,"Arda Yıldız","2026-08-08 12:04:11",564.4,2,xreina8
3403,16659681,"Aditya Seth","2026-08-12 06:48:20",564.4,2,adityaseth777
3404,16692263,"ADITYA CHAVAN","2026-08-09 17:44:15",564.2,2,adityasnr7
3405,16657201,ShayML,"2026-08-08 09:02:05",564.2,2,shayml
3406,16679098,"KIRTAN RUPESHBHAI BHOJANI","2026-08-06 23:51:52",564.1,2,kitran17
3407,16621437,AdamBelniak,"2026-08-03 18:15:21",564.0,2,adamos581
3408,16638883,LeiYang,"2026-08-03 15:04:07",563.6,2,leiyangcq
3409,16685342,"Kanth Da","2026-08-18 12:21:47",563.4,2,"kanthda,riteeshreddybysani"
3410,16688296,"Michael Pollind","2026-08-18 13:47:40",563.3,2,mpollind
3411,16687925,BillDoser,"2026-08-08 23:54:31",563.2,2,billdoser
3412,16726155,miyawakiayaka,"2026-08-15 18:50:10",562.2,2,kanatakon
3413,16627324,"Attack on Kaggle","2026-08-06 13:27:22",561.9,2,user19394494
3414,16661646,"Sergey Shcherbakov","2026-08-12 21:58:30",561.9,2,sergey140146659
3415,16672370,"Yash Barhanpurkar","2026-08-18 06:26:01",561.8,2,yashbarhanpurkar
3416,16665184,woorym,"2026-08-10 03:04:12",561.4,2,woorym
3417,16654984,"Guseinov Elvin","2026-08-08 21:44:00",561.4,2,guseinovelvin
3418,16663210,"Marco Nasuelli","2026-08-08 19:19:54",561.3,2,marconasuelli
3419,16653118,"Elmira Yekani","2026-08-18 17:05:20",561.3,2,elmirayekani
3420,16730357,"t fuku","2026-08-18 13:12:30",561.2,2,"jjinho,ttyn4519"
3421,16731887,"hoo aam","2026-08-18 13:23:00",561.2,2,hooaam
3422,16657528,"Symekah Shadrack Basweti","2026-08-05 10:17:09",560.8,2,symekah99
3423,16695102,whitelok,"2026-08-11 12:54:41",560.5,2,whitelok
3424,16621367,Numari,"2026-07-31 16:30:01",560.3,2,numaritaisei
3425,16731790,"Hinata Tokuda","2026-08-18 02:19:53",560.2,1,hinatatokuda
3426,16668711,"David Leati","2026-08-10 16:50:59",559.0,1,davidleati
3427,16700596,"Markel Iru","2026-08-13 15:52:53",559.0,2,markeliru
3428,16655080,"Mohamed Judi","2026-08-15 18:43:47",558.9,2,mhjudi
3429,16659520,"Play Code","2026-08-05 14:28:00",558.8,2,codenya
3430,16691761,"Evie Barker","2026-08-15 13:40:05",558.4,2,eviebarker
3431,16728845,"Mohamed Kaleel","2026-08-18 10:08:41",558.3,2,mdkaleel
3432,16728229,twomoon,"2026-08-17 12:12:36",558.2,2,twomoon036
3433,16662790,"Derek Earnhart","2026-08-04 18:04:01",558.2,1,derekearnhart
3434,16674605,Versilogic,"2026-08-16 07:54:48",557.9,2,versilogic
3435,16709487,Kohei,"2026-08-17 20:55:27",557.7,2,kshintani
3436,16668688,"Nezihe Sözen","2026-08-07 10:47:51",557.4,2,nezihesozen
3437,16696703,"Aleksei Churashev","2026-08-09 21:51:09",557.0,1,alekseic
3438,16644410,"Swaroop Kallakuri","2026-08-04 15:40:29",556.4,2,ksjpswaroop
3439,16671602,"Nithin Nambi","2026-08-07 00:09:31",556.4,2,nitthewit
3440,16663707,DotBix,"2026-08-12 21:45:54",556.0,2,dotbix
3441,16661287,"Jacob Hanlon","2026-08-11 13:59:58",555.3,2,jacobhanlon
3442,16682906,Masiki,"2026-08-12 13:34:10",554.7,2,blackseed
3443,16676254,"Lazy Lagoon","2026-08-16 13:51:59",554.7,2,"mokshoswal137,taniyasankhe"
3444,16729092,"ayman elamin","2026-08-18 14:56:03",554.5,2,aymanelamin
3445,16731971,s_a_ai_enginner,"2026-08-18 13:08:45",554.5,1,saaienginner
3446,16670155,Kiznaiver,"2026-08-11 22:25:12",554.4,2,kiznaiver
3447,16666878,aaronykchen,"2026-08-17 15:06:13",554.4,2,aaronyukuchen
3448,16667872,"Pralay Ghosh","2026-08-18 10:12:21",554.2,2,pralayghosh83
3449,16661073,PyJa,"2026-08-04 15:16:55",554.1,1,pixiux
3450,16636333,xiaoyang66,"2026-08-17 13:35:28",554.1,2,kennethhao8
3451,16621402,Maxim,"2026-08-13 07:01:03",554.0,2,ektarr
3452,16717018,"Urvashi Bansal","2026-08-17 09:12:29",554.0,2,urvashibansal123
3453,16734601,sweetlesson,"2026-08-18 00:40:55",553.9,2,sweetlesson
3454,16661249,Yaohui,"2026-08-18 14:54:37",553.6,2,yaohui85
3455,16638651,Emre,"2026-08-05 23:40:59",553.3,2,emre690
3456,16661233,"Uriel Johnson","2026-08-05 08:45:24",553.3,2,urieljohnson
3457,16729515,"Emmanuel Tolani","2026-08-17 05:56:29",553.3,2,emmanueltolani
3458,16655881,"Zhuoran Zhao","2026-08-07 16:50:04",553.1,2,yearcakes
3459,16653534,"Mohamed Amine Ettaki","2026-08-16 14:25:49",553.0,2,amine159
3460,16676482,GitLyf,"2026-08-16 12:47:59",552.4,2,"jaideva30,rohithkrishnaak"
3461,16654974,"ACd Rooy","2026-08-11 06:35:28",552.0,2,acdrooy
3462,16697736,"Daniel Correa","2026-08-10 01:04:52",551.9,2,dcorrea1
3463,16657312,"baolood herid","2026-08-06 13:13:48",551.4,2,baoloodherid
3464,16663594,"NGU BLACK SANTA","2026-08-05 15:23:10",551.1,2,ngublacksanta
3465,16715942,_@HimShukla23,"2026-08-18 03:57:15",550.7,2,himshukla23
3466,16711918,"Pavel Filin","2026-08-13 05:23:28",550.4,2,pavelfilin
3467,16669643,"Athenix Kaggriculture","2026-08-08 02:23:22",550.4,2,sdafdsfsdfgdsg
3468,16656573,"Ashiq Firoz","2026-08-17 18:20:11",550.1,2,ashiqfiroz
3469,16657502,Jasmeen,"2026-08-16 08:59:05",550.1,2,jasmeen0207
3470,16684031,"Phillip Kamundia","2026-08-14 20:35:15",549.5,2,phillipkamundia
3471,16713218,"Julien Baumgartner","2026-08-14 08:36:27",549.4,2,julienbaumgartner
3472,16692480,"Khalis Murfid","2026-08-17 20:24:19",549.3,2,khalismurfid
3473,16638967,"Jenny Luo","2026-08-01 23:55:07",549.3,2,"jennyluo96,kyeoh92"
3474,16681924,WEcoS,"2026-08-10 04:32:03",549.2,2,aungkhainghtun
3475,16654394,sserges,"2026-08-08 20:46:14",549.1,2,sserges
3476,16665436,Aeternum,"2026-08-15 18:31:32",549.0,2,"donbinoy2004,surajkumarks"
3477,16683390,Christopher34,"2026-08-08 00:20:59",548.9,2,christopher34
3478,16709930,llRX,"2026-08-18 06:35:14",548.7,2,"bankkobe,leojeel,ruikaihong"
3479,16660060,AnkitGoyal,"2026-08-05 15:33:29",548.2,2,goyalankit
3480,16661576,"Yash Jumde","2026-08-15 20:09:59",548.1,2,yashjumde
3481,16695692,Saadii2279,"2026-08-11 16:44:39",548.1,2,saadii2279
3482,16735341,Ryui68925,"2026-08-18 08:49:14",548.1,2,ryui68925
3483,16654401,ChronoForensics,"2026-08-08 17:26:11",547.8,2,ryanwollmuth
3484,16684250,"Alexander Sokolov","2026-08-16 20:36:55",547.7,2,cheeec0
3485,16675468,"atakan akgün","2026-08-13 15:32:32",547.7,2,atakanakg
3486,16668095,Menna_Allah_Samy12,"2026-08-15 15:04:56",547.6,2,mennaallahsamy12
3487,16720049,"aditya emmadishetty","2026-08-14 13:20:54",547.6,2,adityaemmadishetty
3488,16672798,yaphanqiii,"2026-08-15 13:08:59",547.4,2,yaphanqiii
3489,16668698,Addie,"2026-08-08 05:21:08",547.1,1,addie999
3490,16701367,CryptoQuant1992,"2026-08-11 13:04:12",547.1,2,cryptoquant1992
3491,16705510,"Palak Choudhary","2026-08-11 07:12:44",547.0,2,palak2564
3492,16705276,layr0,"2026-08-14 00:53:11",547.0,2,layr0dotdev
3493,16687648,"RSJ CorneR","2026-08-08 10:57:54",546.8,2,rsjcorner
3494,16711317,"yf D","2026-08-13 06:28:06",546.7,2,dengvitruviano
3495,16652661,"Petru-Mihai Craciun","2026-08-05 14:55:07",546.7,2,petrumihaicraciun
3496,16658684,"Takayuki Michishita","2026-08-17 22:15:09",546.0,2,takayukimichishita
3497,16658520,drownedsnake,"2026-08-05 01:03:22",545.8,2,makerplay
3498,16662985,DanTheDataScienceMan,"2026-08-05 17:40:06",545.8,1,danthedatascienceman
3499,16653809,acbabc123,"2026-08-04 13:53:53",545.6,2,acbabc123
3500,16690698,posty_melek,"2026-08-15 05:06:40",545.5,2,srisaraswati
3501,16718517,"Jessica Yin","2026-08-17 00:10:31",544.8,2,jeqyin
3502,16622809,"German Vdovin","2026-08-03 00:38:01",544.6,2,ertrerhtytmnbdsefdw
3503,16661539,"Ilia Mironov","2026-08-09 13:51:47",544.5,1,millcool
3504,16667078,dprinzensteiner,"2026-08-05 14:06:26",544.4,2,dprinzensteiner
3505,16692185,"Xu Suyi","2026-08-14 15:14:51",544.2,2,xuyuhaosuyi
3506,16661323,mzyktkhs,"2026-08-10 13:21:59",544.1,2,mzyktkhs
3507,16717051,"Chirag Hosdurga","2026-08-13 13:38:41",544.0,2,chiraghosdurga
3508,16656627,"Soykot Podder","2026-08-14 05:39:06",543.9,2,diptopodder
3509,16641513,"Sameer Chakravedi","2026-08-15 16:06:11",543.6,2,sameerchakravedi
3510,16663622,sammuq1,"2026-08-10 23:56:19",543.4,2,sammuq1
3511,16699633,Nafmo,"2026-08-11 17:10:53",543.4,2,nafmo2
3512,16659658,"Tim Wong","2026-08-06 02:02:30",543.1,2,wai0186
3513,16677047,LINOXYR,"2026-08-15 13:13:58",542.8,2,linoxyr
3514,16623463,porply,"2026-08-17 14:28:12",542.5,2,porply
3515,16669117,"Shrikant Lambe","2026-08-10 23:31:50",542.5,2,shrikantlambe
3516,16675686,"PRERIT MAURYA","2026-08-14 06:37:51",542.4,2,preritmaurya
3517,16694330,"Jack Way","2026-08-10 11:48:42",542.3,2,jackway05
3518,16663871,"Iyed Djebbi","2026-08-07 09:25:07",542.2,2,iyeddjebbi
3519,16659414,TTGP_TEAM,"2026-08-06 15:33:09",541.7,2,phttrntrnggia
3520,16729081,"Venkata Y","2026-08-17 20:29:05",541.7,2,venkatayerrapothu
3521,16651872,Evgen21,"2026-08-05 14:03:50",541.3,2,evgen21
3522,16659919,"SILVISTON EMMANUEL","2026-08-06 06:51:55",541.1,2,silvistonemmanuel
3523,16640965,jidaoluckey,"2026-08-08 07:10:45",541.0,2,jidaoluckey
3524,16727214,"Jaivardhan Raahi","2026-08-18 15:27:04",541.0,2,jaivardhanraahi
3525,16662167,"Tara Singh Kharwad","2026-08-05 17:13:10",540.7,2,tarasi7261
3526,16641948,JustForFun,"2026-08-18 08:00:36",540.3,2,thangphung215
3527,16729522,all-coder,"2026-08-16 17:55:08",540.1,2,allcoder
3528,16628268,toxic_2499,"2026-08-08 09:07:32",540.0,2,toxic2499
3529,16655820,"Cory Tortorici","2026-08-08 15:20:42",539.5,2,corytortorici
3530,16692450,duckypants,"2026-08-10 20:38:05",539.4,2,duckypants
3531,16664352,"Shreyash Asati","2026-08-06 10:40:56",539.4,1,shreyashasati
3532,16660330,wangyikai,"2026-08-09 07:59:45",539.3,2,wangyik
3533,16623198,"Chris D'Mello (ineligible)","2026-07-31 17:32:46",539.2,1,cdmello
3534,16659080,VENKY,"2026-08-07 17:22:03",538.7,2,venkateshthatha
3535,16630520,dimitris_x94,"2026-08-15 19:34:19",538.6,2,dimitrisx94
3536,16625808,"Etsushi Yamamoto","2026-08-09 16:50:41",538.6,2,etsushiyamamoto
3537,16639679,"Felix Allistar","2026-08-15 13:49:15",538.6,2,felixallistar
3538,16681655,"Tae seong Gim","2026-08-14 14:14:10",538.4,2,taeseonggim
3539,16654175,abhiv142,"2026-08-11 13:22:03",538.1,2,abhiv142
3540,16657520,"Joel De la Cruz Fuertes","2026-08-12 16:33:48",538.0,2,joeldcf
3541,16690221,"HISOKY DEV","2026-08-10 09:42:03",538.0,2,omarfahid
3542,16661786,Nagaraju,"2026-08-10 01:53:04",537.6,2,orugantn
3543,16667722,Radhouen911,"2026-08-06 21:37:37",537.5,2,radhouen911
3544,16664506,"Jonatan Asketorp","2026-08-18 02:07:23",537.4,2,weft169aston
3545,16668810,ZZZZGOD,"2026-08-07 19:11:09",537.1,2,zzzzgod
3546,16726445,"James Patounas","2026-08-17 12:57:31",537.0,1,jamespatounas
3547,16670986,"Anas Erami","2026-08-08 01:38:43",536.9,2,anaserami
3548,16701871,"Raj Nandan","2026-08-10 15:13:30",536.6,1,imrajnandan
3549,16698029,"Meet Vachhani","2026-08-10 18:34:55",536.5,2,meetvachhani7
3550,16644053,Rafiozoo,"2026-08-03 19:26:40",536.4,2,rafiozoo
3551,16692678,Nerozud,"2026-08-13 21:52:16",536.1,2,"lorerubiano22,nerozud"
3552,16690793,"MOHAMMAD ALRASHED","2026-08-08 18:33:34",535.9,2,mohammadalrashed
3553,16657887,"Yermak Petro","2026-08-17 10:00:11",535.9,2,yermakpetro
3554,16736261,"Saptanshu Samal","2026-08-18 18:34:47",535.7,1,saptanshusamal
3555,16692128,gibocx,"2026-08-10 18:10:34",535.7,2,gibocx
3556,16621572,"Abdulazeez AbdulMumeen","2026-08-05 10:59:27",535.5,2,ayobeen
3557,16712488,"Vansh Bhura","2026-08-12 14:23:18",535.4,2,vanshbhura
3558,16705318,arminhej96,"2026-08-17 10:18:36",535.4,2,arminhej96
3559,16681637,nasu01,"2026-08-07 10:14:10",535.1,2,nasu01
3560,16716002,"Preethi Gnanaprakasam","2026-08-14 09:10:46",535.1,2,preethignanaprakasam
3561,16674266,HamYad,"2026-08-06 18:19:46",535.0,2,hamyadlab
3562,16702713,"Rob Sartin","2026-08-16 15:26:28",534.3,2,robsartin
3563,16658521,"Vishal Dhariwal","2026-08-08 11:43:36",534.1,2,user412
3564,16721942,"Daniel Rodriguez Bothe","2026-08-18 16:57:00",534.0,2,danielrodriguezbothe
3565,16724395,"Hampton Yeh","2026-08-17 21:36:52",533.5,1,hamptonyeh
3566,16678246,"Mark Holloway","2026-08-13 08:48:08",533.4,2,markholloway
3567,16632855,Shreyash_Automation,"2026-08-05 06:33:43",532.7,2,shreyashautomation
3568,16714162,MarvinTMB,"2026-08-14 03:11:33",532.3,2,marvintmb
3569,16707437,"Ivan Plekhanov","2026-08-11 12:03:11",532.2,1,nnob0dy
3570,16664129,"Mr M 8641","2026-08-06 18:57:45",532.1,2,mrm8641
3571,16623385,"ISAKA Tsuyoshi","2026-07-31 00:31:34",532.1,2,isakatsuyoshi
3572,16713723,"Jyot Buch","2026-08-12 23:09:41",532.0,2,jyotbuch
3573,16623503,"D Mohith","2026-08-01 01:06:22",530.6,2,dmohith
3574,16732748,denden12,"2026-08-18 16:01:54",530.6,1,denden12
3575,16728549,Karatelb,"2026-08-16 17:45:59",530.6,2,karatelb
3576,16634060,"Chí Thành Đỗ","2026-08-02 05:11:58",530.2,2,chithanhdeptrai
3577,16655783,KonaKonaz,"2026-08-04 09:36:57",530.0,2,konakonaz
3578,16721814,"DOAMBA Jean Edouard Odilon","2026-08-17 10:46:50",529.8,2,doamba
3579,16721688,"Hi Im Ryo","2026-08-16 11:35:51",529.6,2,loto610
3580,16632201,neurlog,"2026-08-17 12:24:11",529.5,2,neurlog
3581,16698287,"Ethan J. Schauder","2026-08-12 18:21:50",529.3,2,ethanjschauder
3582,16696993,healer2408,"2026-08-15 07:10:57",528.9,2,healer2408
3583,16683316,moonriver0922,"2026-08-11 07:04:11",528.4,2,moonriver0922
3584,16633097,"Matheus Bonjour Laviola da Silva","2026-08-02 11:08:21",528.3,2,matheusbonjour
3585,16718042,"Muddassir Shah","2026-08-18 13:48:54",528.2,2,wisemanseed
3586,16706054,"ErrorX Info","2026-08-18 09:52:15",528.2,2,"errorxinfo,shyampatel47"
3587,16695095,"Jayanth Chowdary","2026-08-16 14:14:21",528.1,2,jayanthchowdary24
3588,16677166,Spectrobot,"2026-08-08 11:11:46",527.8,2,spectrobot
3589,16675916,Lorenzo176ITA,"2026-08-14 11:02:15",527.6,2,"alessiopap,lorenzo176ita"
3590,16716636,"Mahamane Lawaly","2026-08-13 10:22:51",527.5,1,mahamanelawaly
3591,16627313,"Zafer Liu","2026-08-03 05:13:39",527.4,2,zaferliu
3592,16683761,"Chiefmen749 Aris","2026-08-10 07:42:42",527.4,2,saysplayz
3593,16660923,naganikshith,"2026-08-06 08:01:09",527.3,2,naganikshith
3594,16660343,"Mert Olgun899","2026-08-05 13:05:07",527.2,2,mertolgun899
3595,16654347,"aarav maheshwari1","2026-08-05 01:48:28",527.0,2,aaravmaheshwari1
3596,16717448,getalife();,"2026-08-18 18:01:18",526.4,2,"byteknight28,dhairyapandya24,rounakagrwl"
3597,16666132,andres555,"2026-08-07 12:13:30",526.3,2,andres555
3598,16671940,LJazya,"2026-08-07 04:38:23",526.2,2,jihanelek
3599,16696593,bplyc15,"2026-08-09 16:49:24",525.9,2,bplyc15
3600,16728414,"Pedro Caycho","2026-08-16 12:40:26",525.8,1,pjcc1123
3601,16633507,"Ivan Vorfolomeev","2026-08-01 00:49:06",525.8,2,ivanvorfolomeev
3602,16731966,Napier1550,"2026-08-18 16:33:40",525.6,1,napier1550
3603,16624824,GoofyGenius,"2026-08-04 09:36:00",525.3,2,goofygenius
3604,16669703,AnubhavBhadani142,"2026-08-15 06:32:19",525.3,2,anubhavbhadani142
3605,16656568,"FARIATHTHEEN F","2026-08-04 11:44:49",524.9,2,fariaththeenf
3606,16655555,Bharath2411,"2026-08-10 18:27:54",524.7,2,bharath2411
3607,16721070,LiuChen1350,"2026-08-18 14:34:39",524.5,2,liuchen1350
3608,16641501,Sonal,"2026-08-08 22:07:46",524.5,2,sonalm13
3609,16699045,"Abu Kayyisah Basyid","2026-08-17 09:38:58",524.4,2,abukayyisahbasyid
3610,16719551,JamesYip7,"2026-08-18 16:02:53",524.3,2,jamesyip7
3611,16684436,Simon-the-sorcerer,"2026-08-17 23:06:42",524.3,2,simonwiller
3612,16658327,pocari1,"2026-08-18 12:53:38",524.0,2,pocari1
3613,16725123,"Pham Quang Nghia","2026-08-18 08:07:00",523.9,2,phamquangnghia
3614,16686093,"Muhammad Usman Butt","2026-08-07 22:00:04",523.8,2,debugdemon
3615,16707331,"Simon Ziegs","2026-08-11 22:00:24",522.8,2,simonziegs
3616,16706790,"Stas Chereshkevich","2026-08-17 15:35:22",522.8,2,staschereshkevich
3617,16660852,"K VISHALINI","2026-08-13 06:59:27",522.3,2,kvishalini
3618,16728821,"Alen Maria Nirmal","2026-08-17 21:51:03",522.2,1,alenmarianirmal
3619,16715358,wuy1hao,"2026-08-17 06:43:35",522.2,2,wuy1hao
3620,16695828,rihiRule,"2026-08-11 13:40:24",521.9,2,rihirule
3621,16696939,"Keaton Zang","2026-08-10 21:24:20",521.7,1,keatonzang
3622,16675631,"Aswini Gowda","2026-08-10 05:37:33",521.4,2,aswinigowda
3623,16664004,"Me, Myself, and I","2026-08-11 03:57:46",521.3,2,notlunarxd
3624,16692895,Manuf,"2026-08-18 18:00:19",520.9,2,manuelferromorales
3625,16661628,PradipBanerjee,"2026-08-05 21:03:11",520.9,2,pradipbanerjee
3626,16669935,"Roman Svet","2026-08-17 18:36:09",520.9,2,romansvet
3627,16687959,"Destin Nedjou","2026-08-10 08:52:43",520.9,2,destinnedjou
3628,16677524,"Phúc Phạm","2026-08-07 20:16:24",520.8,2,phucpham77
3629,16698141,Zippo,"2026-08-16 05:44:18",520.6,2,gagemerrick
3630,16658051,SethuMadhavan004,"2026-08-09 09:38:27",520.4,2,sethumadhavan004
3631,16665543,"Charan Manthena","2026-08-16 18:05:07",520.2,2,charanmanthena
3632,16665152,"Ahmed Karim","2026-08-17 11:32:15",520.0,2,versusic
3633,16730015,suzu10,"2026-08-17 08:43:17",519.9,2,suzu10
3634,16678819,"Digant Kathiriya","2026-08-07 02:07:51",519.8,2,digantkathiriya
3635,16625149,Rubylicious,"2026-07-31 07:53:00",519.8,2,labibahalya
3636,16675000,"Carl Bell","2026-08-17 19:01:14",519.7,2,allegedcarlbell
3637,16661360,"Jasper Jiss","2026-08-13 18:45:37",519.6,2,jasperjiss
3638,16681509,"Kethan Sai","2026-08-18 15:07:54",519.5,2,kethansaikoneru
3639,16629201,"GUILLERMO REY PANIAGUA","2026-08-01 16:41:58",518.6,2,guillermoreypaniagua
3640,16675462,bkcoban,"2026-08-07 18:22:48",518.4,2,bkcoban
3641,16671665,"Kobata Sota","2026-08-06 07:17:03",518.4,1,kobatasota
3642,16721501,αίνιγμα,"2026-08-16 07:27:01",518.3,2,"muditnagori09,shahidnadaf001"
3643,16717420,"Muhammad Yasir Sarwar","2026-08-13 14:40:09",518.2,2,muhammadyasirsarwar
3644,16669434,"Saugat Kannojia","2026-08-07 11:45:47",517.7,2,saugatkannojia
3645,16725065,"Maxim Smirnov","2026-08-15 13:21:05",517.3,2,smirnoffmg
3646,16704437,babybuffalo,"2026-08-18 15:30:08",517.1,2,babybuffalo
3647,16668093,Sai_Dattu,"2026-08-07 07:35:01",517.1,2,saidattu2003
3648,16661154,"gronky goobers","2026-08-15 14:39:05",517.1,2,"viktoriusontop,yoshisurjuise"
3649,16631609,dlougen,"2026-08-04 16:40:03",516.9,2,dlougen
3650,16653078,pk210495,"2026-08-09 09:13:32",516.6,2,pk210495
3651,16640814,"Kritika Adhikari","2026-08-07 09:25:26",516.5,2,kritikaadhikari
3652,16676256,"Kotaro Nakamura","2026-08-11 22:18:41",516.5,2,kotaroma
3653,16666018,"H vv sathwik","2026-08-11 20:28:06",516.1,2,hvvsathwik
3654,16638953,"Joe Young","2026-08-03 19:23:13",515.6,2,jsphyg
3655,16657054,"ömer umut güngör","2026-08-05 06:10:22",515.5,2,merumutgngr
3656,16661194,"Sandeep Vanapalli","2026-08-04 15:37:06",515.4,2,mrleaf
3657,16633984,"Mongkhon Hatit","2026-08-04 11:58:56",515.4,2,mongkolhatit
3658,16630896,OpenBuilder,"2026-08-08 12:09:06",515.2,2,weijunguo
3659,16738487,"Andrey Shpigar","2026-08-18 17:32:45",514.6,2,andreyshpigar
3660,16692618,"Ali Zakaee","2026-08-09 10:13:02",514.6,1,itheequalizer
3661,16715456,"wilson LUNG","2026-08-17 23:54:10",514.3,2,wilsonlung
3662,16712259,geqiulin,"2026-08-13 04:46:11",514.0,2,geqiulin
3663,16710428,"Mansi Aggarwal","2026-08-17 17:59:30",514.0,2,mansiaggarwal88
3664,16719745,"Masih Pemula Beneran","2026-08-18 09:33:36",513.8,2,mikhaeldhika
3665,16658344,SOONHANKWON,"2026-08-18 00:51:58",513.8,2,soonabletv
3666,16706184,"Lingaraju Saikumar","2026-08-16 11:51:34",513.8,2,lingarajusaikumar
3667,16730495,joinus,"2026-08-18 10:13:58",513.8,2,joinus2003
3668,16665040,"Arnav Yashlaha","2026-08-05 05:44:26",513.8,2,arnavyashlaha
3669,16727019,uitsnf,"2026-08-16 19:19:33",513.5,2,uitsnf
3670,16726882,"Albert Yu","2026-08-17 00:01:53",513.2,2,yukinying
3671,16652079,Infill,"2026-08-17 23:30:19",513.0,2,infill
3672,16630020,"Piotr Gabrys","2026-08-09 16:53:59",512.7,2,piotrekga
3673,16737113,"Sergei Myshianov","2026-08-18 12:24:38",512.7,1,sergeimyshianov
3674,16668185,"Swayam Chavan","2026-08-09 01:12:23",512.5,2,swamboy
3675,16676205,"Alhassan Fedawy","2026-08-14 17:15:07",512.3,2,alhassanfedawy
3676,16723411,CaZen,"2026-08-15 10:48:16",512.2,2,cathzwah
3677,16696271,"Neeta Sanjay Gajabi","2026-08-09 14:48:42",511.8,2,neeta2574
3678,16660455,"Alex Kapend","2026-08-05 08:42:26",511.7,2,alexkapend
3679,16693255,"Carlos Hideo Yamaguchi","2026-08-10 00:59:12",511.5,2,carloshy
3680,16708409,toshiconner,"2026-08-12 06:30:06",511.4,2,toshiconner
3681,16664327,"Maged Hegazy","2026-08-06 13:13:28",511.3,2,magedhegazy
3682,16671911,"Dwi Eflatino","2026-08-16 10:44:17",511.2,2,eflatino
3683,16661014,manu,"2026-08-16 04:45:12",511.1,2,manupandit
3684,16701713,"Максим Хованский","2026-08-10 14:35:38",511.0,1,yeezynaizi
3685,16656579,"Riad Rayhan","2026-08-15 06:40:35",511.0,2,riadrayhan
3686,16726285,Dhananjay,"2026-08-15 18:48:20",510.5,2,dhananjaylakkawar
3687,16669170,AsadUsmanFAST,"2026-08-05 22:37:33",510.3,2,asadusmanfast
3688,16660287,BhatNasir,"2026-08-04 16:29:18",510.1,2,nasir94
3689,16737532,lsystudyhard,"2026-08-18 11:32:01",510.0,2,lsystudyhard
3690,16639916,BloomBerry,"2026-08-12 12:38:31",509.9,2,kagglepalandata
3691,16705640,"Dongre Laxman","2026-08-12 12:36:29",509.7,2,dongrelaxman
3692,16668522,"Moatez Litaiem","2026-08-06 16:57:54",509.6,2,moatezlitaiem04
3693,16664406,"MURDER GOOSE","2026-08-05 09:45:33",509.2,2,ujjwalar
3694,16623712,Dapp,"2026-08-03 23:09:19",509.0,2,lgloria
3695,16669604,"Abhijit Pise","2026-08-16 18:08:05",508.9,2,abhijitpise
3696,16624414,"Chaitanya Jamble","2026-07-31 05:42:10",508.7,1,chaitanyajamble
3697,16729351,vlad.shorodok,"2026-08-16 18:05:09",508.7,2,vladshorodok
3698,16663804,"Fredy Meyer","2026-08-05 20:19:51",508.6,2,alexmeyerm
3699,16713236,kingofeverything,"2026-08-18 06:14:06",508.5,2,"kingofeverything,skyyyang"
3700,16665228,Jason_Qian,"2026-08-05 16:00:43",508.5,2,jasonqia
3701,16623631,SeaEag1e,"2026-07-31 06:26:17",508.2,1,seaeag1e
3702,16625434,"Chirapathleo Saelim","2026-08-18 11:41:01",507.8,2,chirapathleosaelim
3703,16670883,G*Sim,"2026-08-10 05:50:49",507.6,2,guillaumesimiand
3704,16693307,"Vlad Gavrilov","2026-08-09 04:00:29",507.4,2,vladgavrilov
3705,16662646,"Jay Parsana","2026-08-09 18:07:10",507.1,2,jay051
3706,16702980,GCSudarshanReddy,"2026-08-15 17:32:06",507.0,2,gcsudarshanreddy
3707,16653429,mktdev,"2026-08-10 12:19:54",507.0,2,mktdev
3708,16658498,cheesama,"2026-08-04 23:36:18",506.9,2,cheesama
3709,16668368,"Waleed Hasan","2026-08-12 01:42:22",506.8,2,whasan
3710,16702200,"ANGAD JANGIR","2026-08-11 02:01:38",506.8,2,angadjangir
3711,16657574,harikrishnacs,"2026-08-04 12:28:53",506.7,2,harikrishnacs
3712,16666873,"linli duan","2026-08-12 15:06:42",505.8,2,linliduan
3713,16664064,lookapmaka,"2026-08-10 17:19:05",505.5,2,lookapmaka
3714,16668241,"Shreyansh Kanotra","2026-08-08 19:56:15",505.4,2,shreyanshkanotra
3715,16691524,"Martim Nascimento","2026-08-09 18:54:31",505.0,2,martimnascimento
3716,16658304,"KETHAVATH Aadarsh","2026-08-05 21:00:45",505.0,2,kethavathaadarsh
3717,16623582,yunsuxiaozi,"2026-08-01 13:59:57",504.9,2,yunsuxiaozi
3718,16671913,res67,"2026-08-07 16:22:30",504.6,2,junyeanyap
3719,16713061,Yuk!,"2026-08-16 10:59:12",504.5,2,mitsuyukiokamura
3720,16732129,"payne yam","2026-08-18 03:35:12",504.1,2,payneyam
3721,16661751,"Shailaja J","2026-08-12 14:51:15",503.8,1,shailajaj
3722,16734712,"Jamshid Ganiev","2026-08-18 05:59:24",503.7,2,jamshidganiev
3723,16719296,Mr.TtT_Games,"2026-08-14 04:58:39",503.7,2,mrtttgames
3724,16664558,"Praneeth Annapureddy","2026-08-05 04:52:45",503.6,2,praneethannapureddy
3725,16674950,"Davide Tonini","2026-08-08 11:27:32",503.4,2,quanttony
3726,16624879,indira,"2026-07-31 06:52:02",503.3,2,inansia
3727,16684776,"D Rithika","2026-08-10 18:36:30",503.2,2,drithika
3728,16719460,"Amon #2","2026-08-15 12:40:41",503.2,2,ezjameng
3729,16658377,Masaya,"2026-08-12 09:44:35",502.7,2,irrohas
3730,16666944,"Meghnath S","2026-08-11 01:56:22",502.6,2,meghnaths
3731,16663864,RamónLópez,"2026-08-18 10:00:46",502.5,2,lopeznomar
3732,16669516,GorgeousCookie,"2026-08-06 09:17:13",502.3,2,axellindqvist
3733,16700627,"Benedict Ebito Boyubie","2026-08-10 11:03:38",502.2,1,bboyubie
3734,16685615,Spectra,"2026-08-07 16:14:32",502.2,2,thomaskressig
3735,16696959,"Joe Filfli","2026-08-11 10:47:03",502.2,2,joefilfli
3736,16630418,Sriram,"2026-08-09 18:22:54",502.0,2,"ritanshuprasad,sriramlingavel01"
3737,16675385,Apex🦾,"2026-08-14 18:00:17",501.8,2,"raghadabdullara,renadahmadalamri,zzainh"
3738,16726765,"Ali Al-Killidar","2026-08-16 09:47:37",501.2,1,alialkillidar
3739,16725564,"Kole Duncan Robertson","2026-08-17 03:54:58",501.0,2,kduncanrobertson
3740,16662293,"Alejandro Fonda","2026-08-13 02:43:00",500.6,2,alejandrofonda
3741,16662133,"Ding Lifeng","2026-08-18 18:15:16",500.6,2,dinglifeng
3742,16666447,"Shuaib ayad Jasim Jasim","2026-08-06 20:51:47",500.4,2,shuaibayadjasimjasim
3743,16652446,"tine.sh agent","2026-08-03 14:27:07",500.3,2,sidcodegg
3744,16652952,lackmind,"2026-08-07 20:19:36",499.9,2,lackmind
3745,16660484,"Waiswa Geoffrey","2026-08-17 11:23:13",499.9,2,waiswageoffrey
3746,16663093,"Akul Sareen","2026-08-18 00:51:18",499.8,2,akulsareen
3747,16641622,datajanko,"2026-08-17 08:04:43",499.5,2,jankoch
3748,16731447,"Rúben Martins","2026-08-18 13:25:35",499.4,2,rubenmartins10
3749,16673583,"Priyanshu Jha","2026-08-16 08:10:08",499.4,2,codewithjha
3750,16658500,"abhinav rai1","2026-08-18 17:24:56",499.3,1,abhinavrai1
3751,16715033,"Colton Byers","2026-08-17 10:41:50",499.3,2,coltonbyers
3752,16676497,"Non-veg plants","2026-08-07 09:54:00",499.3,2,mohammadshadabshaikh
3753,16697396,"Collective Win","2026-08-18 05:10:12",499.3,2,collectivewin
3754,16660317,esgranja,"2026-08-04 18:58:48",498.9,1,esgranja
3755,16623678,Mahog,"2026-08-18 14:19:11",498.7,2,mahoganybuttstrings
3756,16689286,"Telman Yusifov","2026-08-09 07:08:46",498.2,2,yusifovtelman
3757,16624303,seven,"2026-08-18 11:31:32",498.1,2,morikawatakeshi
3758,16681441,"Lamiaa Al-bdrani","2026-08-07 04:25:50",498.0,1,lamiaaalbdrani
3759,16729669,HYPEREUCLIDEAN,"2026-08-16 21:38:53",497.9,1,hypereuclidean
3760,16657545,"Deepak Singh","2026-08-11 13:50:31",497.3,2,vihaannegi
3761,16692373,"Ornevis Montero","2026-08-13 10:00:16",497.1,2,ornevisbolaosmontero
3762,16667759,"Nafis Fuad Shahid","2026-08-05 19:21:39",497.0,2,nafisfuadshahidd
3763,16675215,"Viljen Apalset Vassbø","2026-08-06 22:24:44",496.8,2,viljenapalsetvassb
3764,16644415,Ztrk,"2026-08-17 20:19:31",496.7,2,ztrk123
3765,16671773,"Sawyer Lundberg","2026-08-07 03:33:23",496.7,2,sawyerlundberg
3766,16659588,"Priya J","2026-08-14 05:57:46",496.4,2,priyaj21
3767,16706843,"yh z","2026-08-11 09:32:56",496.4,1,yhz123456
3768,16665647,hr15de,"2026-08-17 12:49:09",495.9,2,hr15de
3769,16656156,"Kshitij aucharmal","2026-08-06 04:35:27",495.3,2,narutoaucharmal
3770,16670659,saumyagupta12,"2026-08-13 08:43:09",495.2,2,saumyagupta12
3771,16669945,"Turab Zaidi","2026-08-07 13:27:44",495.1,2,turabzaidi
3772,16663055,jainish_d24ce180,"2026-08-10 13:54:40",495.0,2,jainishshah35
3773,16649339,"华东 朱","2026-08-12 10:21:50",494.6,2,mgdbzny
3774,16733886,LuisMV8,"2026-08-18 16:28:42",494.3,2,luismv8
3775,16671670,"Karla Ziegler","2026-08-08 21:14:37",494.1,2,karlaziegler
3776,16670600,"Leon Lum","2026-08-16 11:21:41",493.5,2,leonlum
3777,16709337,"Chris Turnbull","2026-08-11 22:15:57",493.4,2,christurnbull
3778,16623094,"Claudia Arias Gonzalez","2026-08-18 19:18:50",493.3,2,claudiaariasgonzalez
3779,16695627,"Xu Lou","2026-08-09 13:01:23",493.2,2,xuxiaozhou666
3780,16725349,"Saj Patel","2026-08-15 21:55:42",493.0,2,sajpatel15
3781,16658795,"Case Seller","2026-08-13 10:23:19",492.8,2,caseseller
3782,16721530,revv0o,"2026-08-15 13:58:34",492.6,2,revv0o
3783,16658219,"Deepesh Pankaj","2026-08-15 05:58:07",492.5,2,deepeshpankaj
3784,16736632,Leo,"2026-08-18 13:15:25",492.4,2,huangkx666
3785,16662162,"THE predict","2026-08-13 21:18:25",492.3,2,vikaspal505
3786,16630662,Akshatjhawar777,"2026-08-05 12:18:30",492.2,2,akshatjhawar777
3787,16723490,"Panashe Arthur Mhonde","2026-08-18 18:30:02",491.7,2,panashearthurmhonde
3788,16644765,MoeCode,"2026-08-17 08:42:15",491.4,2,syrianeagle
3789,16623054,"Max Bond ABE","2026-08-15 22:43:34",491.4,1,maxbondabe
3790,16664619,"Trupen Patel","2026-08-18 18:36:12",491.4,2,trupenpatel
3791,16690029,Nitesh_Prajapati2569,"2026-08-18 08:12:30",490.4,2,niteshprajapati2569
3792,16691790,"Akshay Sawant","2026-08-08 19:33:14",490.3,2,akshaysawant8983
3793,16670475,Adib,"2026-08-06 02:02:27",490.2,2,adibemohamed
3794,16672292,"KARTIKEY PANWAR","2026-08-06 05:46:16",490.0,2,kartikeypanwar
3795,16640810,まさやん,"2026-08-12 15:22:53",489.9,2,masayam1234
3796,16689877,Amr_Said1233,"2026-08-08 08:48:28",489.7,1,amrsaid1233
3797,16670464,halfpintcider,"2026-08-11 20:02:25",489.6,2,"amoghdeshpande2021,visspric7"
3798,16702935,"Defne Demir","2026-08-11 18:27:36",489.2,2,defnedemir
3799,16676397,Rohan_Joshi6404,"2026-08-13 13:58:56",489.1,2,rohanjoshi6404
3800,16689344,"Shalini Gangrade","2026-08-09 13:17:30",488.5,2,shalinig1
3801,16682229,"mayuri sarangi","2026-08-15 14:30:22",488.3,2,mayurisarangi
3802,16663976,"wangyang denis","2026-08-12 06:26:08",488.2,2,wangyangdenis
3803,16725354,"Swaroop piduguralla","2026-08-17 12:35:06",488.1,2,pnsaimanitejaswaroop
3804,16666334,UnderBlade,"2026-08-05 09:56:11",488.0,2,"athillazaidan,kurtmikhael"
3805,16716589,"Shaik Adilazeez","2026-08-13 09:29:44",488.0,1,shaikadilazeez
3806,16658535,khanna.rohit5,"2026-08-10 05:00:31",487.9,2,khannarohit5
3807,16669102,Ritik,"2026-08-07 18:11:13",487.8,2,xritikx
3808,16709304,"Aleksey SCHUKIN","2026-08-17 05:13:31",487.6,2,alekseyschukin
3809,16708896,"Alberto Scinetti","2026-08-13 19:18:11",487.4,2,albertoscinetti
3810,16694110,"Team Amboss","2026-08-18 19:20:10",487.2,2,alexphilippi
3811,16666479,"Prajwal Nivangune","2026-08-09 18:33:51",487.2,2,prajwalnivangune
3812,16665470,KanakoS,"2026-08-18 13:13:58",487.0,2,kanakos
3813,16678298,"RITIK CHAUDHRY","2026-08-10 13:34:35",486.9,2,ritikchaudhry13
3814,16660090,"Kaggriculture @ Farmageddon","2026-08-18 15:11:30",486.4,2,gary08phillios
3815,16632503,"Wei Hsiang Lin111","2026-08-01 07:42:33",486.2,2,weihsianglin111
3816,16666216,missss,"2026-08-06 06:49:00",485.8,2,missssb
3817,16681209,AgenticBuilder,"2026-08-13 18:44:29",485.8,2,gau2112
3818,16717850,"HeeGwan Lee","2026-08-18 16:58:15",485.8,2,heegwanlee
3819,16698570,MurphyIIVan,"2026-08-10 03:35:41",485.7,2,murphyiivan
3820,16634239,"Radhakrishnan Guhan","2026-08-04 05:23:51",485.6,2,rmsgrk
3821,16625418,"Hariprasanth Paranjothy","2026-08-01 05:52:19",485.3,2,hariprasanth8
3822,16726168,"Shrey Modi","2026-08-15 19:42:14",485.1,2,shreymodi2
3823,16668141,"Soichiro Mochizuki","2026-08-07 22:13:36",485.0,2,soichiromochizuki
3824,16663258,sawe,"2026-08-05 17:07:24",484.9,2,boiihhh
3825,16663286,"Fan Wang","2026-08-10 21:12:40",484.8,2,wangfan420
3826,16662726,"Juan Carlos González Aguilar","2026-08-14 19:54:48",484.6,2,juancg
3827,16660413,Ritesh-2006,"2026-08-04 18:22:57",484.3,2,ritesh2006
3828,16729996,"Michael Roust","2026-08-18 16:09:56",484.2,2,michaelroust
3829,16657063,"those how","2026-08-04 07:50:57",484.0,2,thosehow
3830,16658366,kuroneko,"2026-08-04 10:43:29",483.7,2,kurorosuke
3831,16663674,"Mason Mahar","2026-08-16 18:13:46",483.4,2,masonmahar
3832,16659269,"Bedirhan Dinçer","2026-08-10 20:26:46",483.4,2,bedirhandiner
3833,16729650,"Tapiwa Makandigona - Zimbabwe21","2026-08-16 18:59:56",483.4,2,mukanya1994
3834,16733839,"Fabian Ruiz","2026-08-17 20:12:31",483.4,1,fabianruiz3
3835,16712633,"Andy Andy","2026-08-13 08:11:38",482.9,2,andy3373
3836,16670596,prabalsingh_23,"2026-08-05 22:38:05",482.4,1,prabalsingh23
3837,16716299,Biwaaa67,"2026-08-13 19:57:06",482.2,1,biwaaa67
3838,16660228,"Ochuwa Pearl Isa","2026-08-06 09:29:36",481.9,2,pearlisa
3839,16701885,"Mehdi L.","2026-08-13 13:41:14",481.9,2,lmehdi
3840,16638019,Randynho,"2026-08-09 22:12:30",481.8,2,randynho
3841,16657587,PxlPau,"2026-08-04 14:37:52",481.7,2,studybeetutoring
3842,16669441,"Chirag Desai","2026-08-18 04:27:43",481.6,2,cid007
3843,16711374,Jascha,"2026-08-13 11:22:30",481.5,2,lippja
3844,16654947,"Ömer Hüseynov","2026-08-08 22:06:03",481.4,2,omarhuseynov
3845,16661382,CBenaventte,"2026-08-18 15:04:34",481.3,2,cbenaventte
3846,16658202,"SNAEHATH P","2026-08-06 13:51:15",481.0,2,snaehath
3847,16669168,"Kingsley Jide","2026-08-15 22:21:53",480.9,2,kingsleyjide
3848,16662589,"Arunagirinadan Sudharshan","2026-08-18 18:27:34",480.8,2,sudhanaruna
3849,16707987,"Big Balls Entertainment","2026-08-12 10:18:24",480.6,2,"pavivin,semenkolesnikov"
3850,16655316,Nader,"2026-08-10 14:49:21",480.5,2,naderamin
3851,16726569,"Andrey Balvaneda","2026-08-17 20:59:45",480.3,2,andreybalvaneda
3852,16659720,Project_Kurukshetra,"2026-08-16 05:01:34",480.2,2,"chaitanyaterli05,lavanyayandapalli"
3853,16662081,Ayush_Bhaskar_25323010,"2026-08-08 19:49:56",480.0,2,ayushbhaskar25323010
3854,16657198,"Sundareswaran Rajaguru","2026-08-15 10:36:37",480.0,2,thefool00
3855,16663777,"Mortis Beans","2026-08-18 06:19:31",479.9,2,mortisbeans
3856,16667615,"Zayd Mulani","2026-08-08 23:05:57",479.8,2,zaydmulani
3857,16717912,"Anu Kumari","2026-08-13 18:03:07",479.6,1,anuk16020
3858,16656902,"Ram Chandra Gupta","2026-08-05 10:18:41",479.5,2,ramchandra142
3859,16709318,"Jana Hagen","2026-08-13 17:12:15",479.3,1,janahagen
3860,16722502,Gamblr,"2026-08-18 16:56:18",479.2,2,sahiltks
3861,16661717,"Yaswanth Ippili","2026-08-06 11:32:13",479.0,2,yaswanthippili
3862,16656951,"[Deleted] 6015b650-8e16-4705-8036-db40bdd2d353","2026-08-04 09:08:05",479.0,1,del=084ea76838ad756b
3863,16661659,"Ivan Zagorulko","2026-08-05 10:53:13",478.8,2,normaldaki278
3864,16684401,WQAAAA,"2026-08-14 02:44:16",478.7,2,wqaaaa
3865,16685904,KavYaHD,"2026-08-10 13:02:45",478.1,2,kavyahd
3866,16638938,Light&Thunder,"2026-08-09 06:39:19",477.9,2,yerne39
3867,16623135,mohduwaishchaudhary,"2026-07-30 22:05:45",477.9,2,muwaish5
3868,16714425,sileza,"2026-08-13 12:57:35",477.9,1,azelis
3869,16691753,"Jan Moilanen","2026-08-09 12:02:17",477.7,2,janmoilanen
3870,16691565,"Blu cky","2026-08-09 19:13:27",477.7,2,llmdablucky
3871,16664401,"Pranav Premchand","2026-08-05 03:07:24",477.6,1,pranavpremchand
3872,16669123,"Alex #2","2026-08-06 22:50:30",477.6,2,alxdfy
3873,16665829,Shadowfishes,"2026-08-16 05:54:34",477.6,2,"boandme,ronitagarwal1,shauryasahdev2"
3874,16673109,"Surya Bhattiprol","2026-08-17 05:57:20",477.5,2,suryabhattiprol01
3875,16735177,shilpa.rpns,"2026-08-18 09:34:15",477.5,2,shilparpns
3876,16692084,"Kaggri Farmers","2026-08-12 06:45:19",477.2,2,"jayant99acharya,satvikkolluru"
3877,16623390,LocoFinde,"2026-08-16 18:36:01",477.1,2,dfhgfdghfdhg
3878,16662319,ethan.ai,"2026-08-13 18:16:35",476.9,2,ethanai
3879,16732667,Doug,"2026-08-17 16:44:39",476.9,2,dougsgrott
3880,16670257,RonitKhanna333,"2026-08-12 12:22:11",476.8,2,ronitkhanna333
3881,16690197,"Ankit Kushwaha_06","2026-08-18 08:10:12",476.7,2,ankitkushwaha06
3882,16655997,tanatet8,"2026-08-18 15:15:00",476.5,2,tanatet8
3883,16710244,Bytemindd,"2026-08-16 07:22:19",475.9,1,"daisy023,sruthikanv,thasneemj,uthayanandhini,vajraparameswari"
3884,16660515,"pooja sandali","2026-08-08 05:51:03",475.7,2,poojasandali
3885,16656608,"Jeffrey Dilley","2026-08-04 15:40:08",475.1,1,jeffreydilley
3886,16715912,"Hiroshi Sakiyama","2026-08-14 13:22:19",475.0,2,hiroshisakiyama
3887,16669229,"Kayvan Sinha","2026-08-11 15:23:35",474.9,2,kayvansinha
3888,16661990,"Olaoluwa Abiodun","2026-08-05 14:57:07",474.9,2,laoluwaa
3889,16654258,"Ashray Bagde","2026-08-13 08:13:00",474.1,2,ashrayaaaaa
3890,16732156,"Samvel Kocharyan","2026-08-17 18:45:53",473.9,2,samvelkoch
3891,16637342,SupremeWarrior108,"2026-08-13 20:38:58",473.5,2,supremewarrior108
3892,16671532,"Yuri Nakayama","2026-08-13 11:34:55",473.4,2,yurinakayama
3893,16659459,"Akandé Philippe ABIODOUN","2026-08-06 11:58:09",473.4,2,vrmelo
3894,16688159,"aildar &  slopernak & bobot","2026-08-10 23:55:29",473.2,1,"eldarkhisamutdinov,mernak,vladimirbagmanov"
3895,16723614,"James Atteh","2026-08-15 19:34:17",473.1,2,jamesatteh
3896,16639727,"Andres Mohali","2026-08-13 23:03:25",473.0,2,mohax3
3897,16693227,"Aniket Sharma","2026-08-12 02:38:13",473.0,2,aniketsharma00411
3898,16726769,"Ci Zhu","2026-08-16 07:03:55",472.9,2,zhuci1993
3899,16726839,syunsuke,"2026-08-18 00:13:52",472.8,2,syunsuke1024
3900,16662079,"Farrukh Hussain","2026-08-18 12:24:48",472.7,2,farrukhhussai
3901,16710417,"Aryant Jadhav","2026-08-15 18:57:18",472.7,2,aryantjadhav
3902,16686954,"Davie Mdumuka","2026-08-09 19:40:56",472.6,1,daviemdumuka
3903,16674278,"Niels de Gier","2026-08-07 15:57:04",472.4,2,nielsdegier
3904,16711823,Abi_e,"2026-08-16 12:29:09",472.2,2,abidjacquelineanadi
3905,16653006,"anthony mbadiwe ikeme","2026-08-18 09:08:02",472.2,2,anthonymbadiweikeme
3906,16666596,"Daumas Benjamin","2026-08-18 13:38:58",472.0,2,daumasbenjamin
3907,16695177,"Ajith Bagali","2026-08-15 12:23:37",472.0,2,ajithbagali
3908,16663658,oriolgalceran,"2026-08-13 01:13:37",471.8,2,oriolgalceran
3909,16728394,"Aisultan Davletkan","2026-08-16 13:01:38",471.6,1,aisdav
3910,16668431,"Harshpreet Singh #2","2026-08-06 01:06:28",471.3,1,harshpreetsingh45
3911,16666257,"Shijian Wen","2026-08-06 09:40:44",471.3,2,shijianwen
3912,16736432,"Sarthak #2","2026-08-18 12:33:53",470.7,2,srthkdixit
3913,16661352,"Porch Goose","2026-08-04 17:09:27",470.6,2,jaclyndeem
3914,16691891,"Gagan Thakur","2026-08-16 04:36:51",470.6,2,gaganthakur2006
3915,16720696,Ankit0017,"2026-08-14 10:16:58",470.4,2,ankit0017
3916,16716585,"tejaswini kakollu","2026-08-13 09:12:37",470.3,1,tejaswinikakollu
3917,16658320,"Justin Eight","2026-08-18 07:21:39",470.1,2,justineight
3918,16660489,"Luca Lullo","2026-08-05 20:21:38",469.9,2,lucalullo
3919,16723301,mayukistarry,"2026-08-15 02:20:13",469.8,2,mayukistarry
3920,16663981,"Steven Pun","2026-08-07 01:59:52",469.7,2,stevenpunn
3921,16705696,"TS Farmer","2026-08-13 11:22:09",469.7,2,"shivangkainth,tusharsekhri27"
3922,16685625,"silvan ion","2026-08-08 13:05:39",469.5,2,john1one
3923,16673310,dffzno1,"2026-08-14 01:44:55",469.2,2,joyzip
3924,16644023,"Yiğit Efe Albaş","2026-08-02 18:34:39",468.5,1,yiitefealba
3925,16693092,"Andrei Dzis","2026-08-10 18:28:15",468.5,2,dzisandy
3926,16658960,"Amit Kumar","2026-08-06 05:44:30",468.5,2,anmitkumar
3927,16662428,"Sonu kumar","2026-08-06 06:00:43",468.5,2,sonukumar9142
3928,16689970,"Константин Паращук","2026-08-08 09:15:08",468.1,1,kangchenxi
3929,16658512,fatariq,"2026-08-10 21:18:35",467.9,2,fatariq
3930,16638383,"Yunus Emre Sarıduman","2026-08-12 12:57:08",467.8,2,emresariduman
3931,16665959,"Lourenz Baliber","2026-08-18 00:34:06",467.4,1,lourenz
3932,16667987,"Kunj Kansara","2026-08-05 13:41:26",466.6,1,kunjkansara
3933,16690812,zhangkai_0121,"2026-08-09 01:40:21",466.5,2,zhangkai0121
3934,16663815,"Tetsuya Sasaki","2026-08-05 04:30:30",466.1,2,sasakitetsuya
3935,16684225,"Aum Savaliya","2026-08-10 20:10:02",466.1,2,aumsavaliya
3936,16655737,Dharshini,"2026-08-08 15:00:05",466.1,2,dharshini1812
3937,16723779,Matheubern,"2026-08-18 01:56:57",465.7,2,matheubern
3938,16689349,"Adunola Abdulrahman","2026-08-10 17:38:47",465.7,2,adunolaabdulrahman
3939,16659018,"Ramziddin Toxirov","2026-08-11 04:58:03",465.5,2,ramziddintoxirov
3940,16716613,Arvin,"2026-08-18 11:16:04",465.5,2,chesterx
3941,16702771,n_samii,"2026-08-14 01:20:08",464.4,2,nsamii
3942,16661453,"Disleve Kanku","2026-08-14 15:32:51",464.2,2,dislevekanku
3943,16655891,"Yukihito Ikoma","2026-08-18 06:12:53",464.0,2,yikoma
3944,16667105,"Vikram Tiwari","2026-08-10 11:12:26",463.9,2,vikramtiwari
3945,16728959,"no pain no gain","2026-08-18 11:13:32",463.7,1,ilyayurov2000
3946,16685207,"Koushik Thummu","2026-08-07 18:15:47",462.8,2,koushikthummu
3947,16656881,"Eugene Nyondo","2026-08-13 11:32:43",462.8,2,eugenenyondo
3948,16664671,Acteus,"2026-08-06 00:01:12",462.1,2,acteus
3949,16664818,"B M Dimpu Shree","2026-08-07 05:49:06",461.9,2,bmdimpushree
3950,16733318,"Anuj Bolewar","2026-08-18 11:11:01",461.8,2,anujbolewar
3951,16624935,"Anjana mohan","2026-08-01 06:06:39",461.2,2,anjanamohan13
3952,16713366,BANKAI,"2026-08-16 15:24:28",461.0,2,igors97
3953,16695479,Anandhasabesan,"2026-08-09 13:50:37",460.9,1,anandhasabesan
3954,16732340,"BJ Kim","2026-08-17 23:31:38",460.0,2,doitdoit80
3955,16672687,Liz,"2026-08-16 01:52:34",459.9,2,lizgarcia3
3956,16657438,"Udit Aggarwal1","2026-08-08 19:09:27",459.8,2,uditaggarwal1
3957,16660294,"Mohamed Amadu Bangura","2026-08-04 16:14:07",459.7,1,mohamedamadubangura
3958,16702742,"Kavyanshu Singh","2026-08-11 10:47:02",459.1,2,kavyanshusingh
3959,16716670,"Aremanda Yasaswini","2026-08-13 09:27:46",458.9,1,aremandayasaswini
3960,16671779,"Syed Jawad","2026-08-16 19:59:34",458.8,2,syedjawad11
3961,16674012,ahankesumah,"2026-08-16 07:34:05",458.8,2,ahankesumah
3962,16660929,ttkk,"2026-08-12 16:39:58",458.6,1,optimavia
3963,16660492,"Deven Bagul","2026-08-18 10:48:27",458.6,2,devenbagul
3964,16662791,"Shiva Neshan yuva","2026-08-15 18:39:16",458.5,2,shivaneshanyuva
3965,16662094,"moncef elm","2026-08-11 04:34:28",458.5,2,moncefelm
3966,16658227,Gugu888,"2026-08-14 04:27:57",458.4,2,gugu888
3967,16621610,NMarkS,"2026-08-05 10:24:47",458.2,2,nmarks
3968,16739449,SelvapriyankaRam,"2026-08-18 18:16:32",458.2,1,selvapriyankaram
3969,16677747,"Yuvraj Bhatt","2026-08-10 08:38:11",457.9,2,bhattyuvraj22
3970,16670188,orivael,"2026-08-05 21:20:17",457.9,2,orivael
3971,16661068,ZeViX,"2026-08-05 07:38:18",457.2,2,"codinggeek101,vedantkhete"
3972,16685649,YUYUTA,"2026-08-09 05:39:50",457.2,2,yuyuta
3973,16726381,"Adriana Redondo","2026-08-15 19:39:41",456.9,1,adrianaredondo
3974,16654688,"Terrell Millz","2026-08-10 16:08:33",456.8,2,terrellmillz
3975,16668159,ABDELGHANY,"2026-08-12 11:04:36",456.7,2,abdelghanyrageh
3976,16668268,"Kunal Rout","2026-08-06 05:48:25",456.5,2,charlotte26
3977,16721495,"404 Crop Not Found","2026-08-15 17:05:24",456.4,2,"aiprojector,boazx15"
3978,16716322,zhaimh,"2026-08-14 02:43:21",456.4,2,zhaimh
3979,16723273,"Bradley ZODOME","2026-08-18 08:00:07",456.1,2,bradleyzodome
3980,16662964,"Tim Ogilvie","2026-08-13 13:18:59",455.9,2,timogilvie
3981,16666958,TinkerBotics,"2026-08-05 20:29:19",455.9,2,salosojaedwin
3982,16643278,"Giovani Moresco","2026-08-06 05:30:45",455.9,2,giovanimoresco
3983,16668592,"Ashutosh jatav","2026-08-09 13:34:45",455.8,2,ghost1412
3984,16626105,sasaki,"2026-07-31 15:58:13",455.6,2,rsasaki
3985,16628404,theken,"2026-08-09 12:19:19",455.2,2,theken
3986,16634219,"Michael J Hammel","2026-08-01 11:37:10",455.1,2,michaeljhammel
3987,16655689,花朝,"2026-08-05 04:10:02",455.0,2,xhxyyds
3988,16630772,"Mitsuhiro Iizuka","2026-08-04 10:31:00",454.6,2,mitsuhiroiizuka
3989,16641330,"Takuya Yoshimi","2026-08-04 05:16:22",454.6,2,tkyysm
3990,16727059,ksankeerth1,"2026-08-16 17:36:57",454.6,2,ksankeerth1
3991,16679392,Dickie,"2026-08-09 09:05:10",454.5,2,dickieho
3992,16688364,"Om Raval08","2026-08-10 02:41:27",454.4,2,omraval08
3993,16667177,"Raunak Phull","2026-08-10 11:14:44",454.4,2,raunakphull4
3994,16655630,askBillyWhatMamaDid,"2026-08-08 04:35:59",454.2,2,askbillywhatmamadid
3995,16664450,"Fritz Adelbertus","2026-08-10 01:13:44",454.1,1,fritzadelbertus
3996,16733785,"Stuart Gilbert","2026-08-18 15:28:15",454.0,2,stuartgilbert
3997,16667101,SundharSteyn,"2026-08-08 06:59:52",453.8,2,sundharsteyn
3998,16694146,"JIlong Zhou","2026-08-17 02:13:10",453.6,1,acemaker
3999,16660653,"yuvaraj kanchana","2026-08-07 21:55:16",453.5,2,yuvarajkanchana
4000,16705328,"Ester Arias","2026-08-17 16:04:43",453.5,2,esterarias
4001,16716488,"Will Henderson290","2026-08-14 13:27:25",453.4,1,willhenderson290
4002,16675043,malibu_orange,"2026-08-09 06:03:15",452.6,2,malibuorange
4003,16691667,jeremyllll,"2026-08-12 03:30:26",452.6,2,jeremyllll
4004,16732041,"Vallapu Nandini","2026-08-17 10:22:47",452.6,1,nandinivallapu
4005,16723569,"Trishanth Mellimi","2026-08-15 07:09:55",452.3,2,trishanthmellimi
4006,16662854,"NISCHAY SANJAY JIWANKAR 23115098","2026-08-13 05:38:18",452.3,2,nischay2908
4007,16630007,"Yuankun Liu","2026-07-31 15:48:13",452.0,2,lyk1652
4008,16632118,nk,"2026-08-16 14:45:20",451.2,2,nagatakengo
4009,16709179,"SATENDRA SINGH","2026-08-16 05:38:21",450.9,2,satendrasingh9876
4010,16719603,"sravan Tirumala","2026-08-14 03:05:43",450.6,1,sravantirumala
4011,16659260,hitesh,"2026-08-05 19:29:28",450.2,2,shahhs
4012,16664514,"Henry Adjanor tetteh","2026-08-12 00:43:41",450.0,2,henryadjanortetteh
4013,16690098,"Akshay Kashyap","2026-08-10 17:10:28",449.9,2,akshaykashyapakku
4014,16727326,AhmedMousaHassan2510,"2026-08-17 12:56:01",449.8,2,ahmedmousahassan2510
4015,16634352,"sovit karki","2026-08-12 17:21:13",449.7,2,sovitkarki
4016,16712796,"Kumar Saurabh","2026-08-17 10:14:44",449.7,1,bakakaka
4017,16690077,"GOMATHI PRIYA","2026-08-13 06:38:45",449.7,2,gomathipriyaraj22
4018,16658519,"David kinyanjui","2026-08-14 08:52:50",449.6,2,davidkinyanjui
4019,16641665,huangjunjia,"2026-08-04 14:12:26",449.5,2,huangjunjia777
4020,16709754,"Simon Preuss","2026-08-12 16:39:55",449.4,2,simonpreuss01
4021,16712906,"Sharad Garg","2026-08-13 14:54:43",448.9,2,sharadgarg
4022,16710241,"Julien Serbanescu","2026-08-12 14:32:50",448.6,2,julienserbanescu
4023,16692825,"Saad Arain","2026-08-09 12:27:08",448.6,2,saad451
4024,16663576,Yurnero,"2026-08-04 21:24:04",448.5,1,samson8
4025,16678633,"Tanishq Tayade","2026-08-11 10:29:59",448.4,1,tanishqtayade
4026,16658116,Emmy,"2026-08-16 14:42:01",448.0,2,emmyone
4027,16735206,"Shiyal Kishan","2026-08-18 09:34:50",448.0,1,shiyalkishan01
4028,16633475,betagammashtrit,"2026-08-16 15:54:35",448.0,2,betagammashtrit
4029,16670565,"Grant Biellak","2026-08-05 22:52:01",447.9,2,grantbiellak
4030,16668523,Bumblerrr,"2026-08-06 19:46:02",447.8,2,bumblerrr
4031,16653001,"Alexey Kuleshov","2026-08-04 12:07:51",447.6,2,alexkulll
4032,16721948,ziszim,"2026-08-16 15:54:45",447.3,2,ziszim
4033,16671512,"Darren Grendi","2026-08-10 00:38:51",447.2,1,darrengrendi
4034,16681397,"Vishal Dubey","2026-08-11 08:51:13",447.2,2,visha1dubey
4035,16640067,"minghao mei","2026-08-02 09:57:29",446.9,1,minghaomei
4036,16662267,"Fahim Montasir","2026-08-10 16:15:10",446.7,2,fahimmontasir
4037,16721615,"Dai Dai","2026-08-18 10:24:36",446.0,2,jumpingdaidai
4038,16679850,AryaGarg23,"2026-08-09 03:33:14",445.9,2,aryagarg23
4039,16656190,"Akshaj Shandilya","2026-08-06 03:14:36",445.7,2,akshajshandilya
4040,16665400,FieldOps,"2026-08-10 16:16:03",445.7,2,sycpr1me
4041,16696384,Sisu16,"2026-08-13 20:13:27",445.0,2,sisu16
4042,16661132,"Jia Chen","2026-08-06 20:07:01",444.9,2,jiachenjasper
4043,16676974,"Deveshwar U","2026-08-06 18:49:27",444.9,2,deveshwaru
4044,16665449,AgroVisionAI,"2026-08-11 19:52:49",444.6,2,"aishwaryvarshney,bhuppisharma,kirtisharmaphd,pragyasingh59,priyasingh0590"
4045,16663990,"OURNO PAPA SALIF","2026-08-07 23:18:43",444.6,2,belfiremine
4046,16735934,"Uday Kiran003","2026-08-18 06:23:18",443.8,1,udaykiran003
4047,16668068,"Neural Harvest","2026-08-18 14:48:48",443.8,2,meghashyampawar
4048,16684677,"Sean Southwick","2026-08-10 01:09:27",443.7,1,seansouthwick
4049,16677804,"Pravin Takpire","2026-08-11 08:17:51",443.7,2,pravintakpire
4050,16655257,"Afia Animah Fosu","2026-08-04 18:21:50",443.6,2,afiaanimahfosu
4051,16675093,"Nikhil Srivastava","2026-08-15 08:47:12",443.6,2,nikhilsrivastavark
4052,16667080,King-damon,"2026-08-17 22:31:42",443.3,2,kingdamon
4053,16676726,"Manaswi Bansal","2026-08-16 06:28:05",443.2,2,manaswibansal
4054,16717797,"patan hashmi","2026-08-13 15:02:52",443.1,1,patanhashmi
4055,16713291,Lperalt,"2026-08-17 03:34:47",442.9,1,lucianobastidas
4056,16629742,yun,"2026-08-15 09:10:21",442.9,2,yuyumarupython
4057,16671714,"Donnell Layne","2026-08-07 15:40:35",442.9,2,jupiter1127
4058,16664454,"Naga Vinay Avvaru","2026-08-05 07:04:44",442.7,2,anagavinay
4059,16673825,h_jun,"2026-08-10 06:21:12",442.5,1,lhjoon77
4060,16662615,"Anurag irawit","2026-08-08 20:18:31",442.5,2,anuragirawit
4061,16621533,"Vladislav Kartashov","2026-08-17 18:03:35",442.2,2,phoenix0501
4062,16658882,"toukali samir","2026-08-07 13:43:05",442.1,2,toukalisamir
4063,16692710,"Baran Haydar","2026-08-12 06:56:50",442.1,2,baranhaydar
4064,16655250,"Juan Pablo Ponce","2026-08-08 03:34:18",441.9,2,juanpabloponce28
4065,16691027,"Jelle Maas","2026-08-08 14:58:19",441.6,2,jellemaas
4066,16677761,"Rithuraj Nambiar","2026-08-06 18:11:41",441.6,2,rithurajnambiar
4067,16700360,"Thanush Soma","2026-08-10 09:49:02",441.4,2,thanushsoma
4068,16660939,"Quenux Studio","2026-08-12 17:01:46",441.4,2,dieguis1976
4069,16668673,"kyran sinha","2026-08-14 14:21:34",441.3,2,kyransinha
4070,16691704,"Rahman Aliyev","2026-08-18 09:31:17",440.8,2,rahman4li
4071,16683136,"Stefano Ciaci","2026-08-16 14:47:29",440.6,2,stefanovcciaci
4072,16687699,jegazhu,"2026-08-13 22:25:15",440.4,2,jegazhu
4073,16733111,qihuaz,"2026-08-18 08:22:29",440.1,1,qihuaz
4074,16661462,"Dania Amer","2026-08-14 21:07:53",439.8,2,dania35
4075,16722757,"Sebastian Adamatzky","2026-08-14 19:10:23",439.7,2,sebastianadamatzky
4076,16681188,"Tresor Mufalme.","2026-08-08 09:29:05",439.7,2,tresormufalme
4077,16728743,Miki_Nuummiu,"2026-08-18 14:05:09",439.4,2,mikinuummiu
4078,16621165,"xisheng feng","2026-07-31 01:31:47",438.7,2,xishengfeng
4079,16654213,"Hojin Jang","2026-08-12 12:32:19",438.6,2,hojinjang
4080,16690947,"Veiled Star","2026-08-10 13:36:49",438.5,2,veiledstar
4081,16666275,"BYRON OKOU","2026-08-15 14:37:36",438.1,2,byronokou
4082,16733007,"Not Found","2026-08-17 16:32:16",438.0,4,"ammarkhan05,zainabirfanansari"
4083,16660980,"João Marcelo Curi","2026-08-05 18:31:19",438.0,2,joomarcelocuri
4084,16653105,James,"2026-08-17 16:52:18",438.0,2,jamesquirk
4085,16682353,"counter puncher","2026-08-15 10:04:50",437.9,2,ahmadabdoumalickdiop
4086,16668756,"Clark Kitchen","2026-08-18 14:30:40",437.9,2,clarkkitchen
4087,16689718,HumsAuraTech,"2026-08-18 18:22:22",437.8,2,humaima03
4088,16705300,T3485D5T,"2026-08-18 14:03:21",437.1,2,"danijelbilalli,t3485d5t"
4089,16660531,greySnow,"2026-08-08 00:36:32",437.1,2,shlomoron
4090,16730191,rRTZZZ,"2026-08-17 02:43:14",437.1,2,rrtzzz
4091,16728881,Ch.Manvita,"2026-08-16 16:33:52",436.9,2,chmanvita
4092,16675866,DanilChil,"2026-08-11 20:36:31",436.9,2,danilchil
4093,16637762,"Greek olive oil","2026-08-09 19:56:48",436.4,2,alexanderchar
4094,16641140,NITISH_GOYAL1,"2026-08-13 06:49:44",436.1,2,nitishgoyal1
4095,16661351,"Adekojo Adeyemi","2026-08-04 15:25:52",435.9,1,adekojoadeyemi
4096,16662197,"Zehra Basaral","2026-08-07 10:42:57",435.5,2,zehrabaaral
4097,16655296,"peeta pit","2026-08-18 12:39:27",435.3,2,peetapit
4098,16661002,"Eliyas sk","2026-08-05 13:00:35",435.2,2,eliyassk
4099,16682342,"Jebez Oswald","2026-08-10 05:38:15",434.9,2,jebezoswald
4100,16638343,"Phong Khoi","2026-08-04 12:20:52",434.6,2,phongkhoi
4101,16657142,"Vishisht Gupta","2026-08-16 16:16:54",434.3,2,vishishtgupta
4102,16716649,"Meghana Busse","2026-08-13 09:33:08",434.3,1,meghanabusse
4103,16706257,dlv,"2026-08-13 11:11:14",434.3,2,ducott1
4104,16639624,"Nishanth Rajan","2026-08-02 03:25:35",433.9,2,nishanthrajandev
4105,16666997,"Krishnamurthy Venkatasubramanian","2026-08-05 15:09:46",433.8,2,krishnamurthyvenkat
4106,16654808,Vishwajeet-maker,"2026-08-17 21:17:02",433.5,1,vishwajeetmaker
4107,16668286,"Sabari V","2026-08-15 14:38:41",433.5,2,sabari112005
4108,16676327,shu10038,"2026-08-18 14:24:04",433.5,2,shu10038
4109,16675324,"Attempt Seven","2026-08-10 10:13:50",433.5,2,attemptseven
4110,16653728,"Iswar Patra","2026-08-18 08:26:45",433.4,2,iswarpatra
4111,16659394,"יוסף בש","2026-08-09 15:11:23",433.4,2,josiii123212
4112,16696439,VaraPrabha,"2026-08-10 04:36:00",433.4,2,galiveetipoornima
4113,16666577,"Jatin khandelwal112","2026-08-05 11:26:41",433.1,2,jatinkhandelwal112
4114,16671519,"Mandhati Sai ganesh","2026-08-06 06:36:45",433.0,2,mandhatisaiganesh
4115,16696419,detectivseb,"2026-08-12 10:34:45",432.9,2,detectivseb
4116,16657883,jps,"2026-08-06 08:36:04",432.8,2,jahaziel
4117,16717522,kyunyoung,"2026-08-14 07:16:00",432.6,2,kyunyoung
4118,16715097,"Yusuf Yavuz","2026-08-13 00:25:40",432.5,1,yusufyavuzz
4119,16640683,Jason-Oh,"2026-08-10 04:09:09",432.5,2,dossantoss
4120,16666218,"sugan Chandrasekar","2026-08-16 11:02:09",432.3,2,suganchandrasekar
4121,16656472,angusdddsa,"2026-08-04 06:04:22",432.2,2,angusdddsa
4122,16683400,"wo zhe yi sheng ru lu bo bing","2026-08-10 16:53:48",432.2,2,"ivanlo103,panckck,waijai"
4123,16669218,"Shaik Sabiya","2026-08-12 09:15:22",432.2,2,shaiksabiya55
4124,16656932,"Thivvin Raj","2026-08-13 03:53:35",432.1,2,thivvinraj
4125,16692906,CodeZee,"2026-08-09 19:50:49",432.0,2,codewithzaeem
4126,16641606,"Tanisha Sahu","2026-08-02 14:39:27",431.9,2,tanisha3
4127,16622097,"Garrick C.P.","2026-08-10 18:12:06",431.7,2,garrickchinnis
4128,16700685,"Preeti Dhotmal","2026-08-15 19:15:24",431.7,2,preetidhotmal
4129,16693147,"Oliver Curtis1","2026-08-09 14:51:57",431.6,2,olivercurtis1
4130,16654788,bumbum,"2026-08-14 12:59:51",431.5,2,krzysztoff1
4131,16723045,"Albert Einstein F Muritiba","2026-08-15 02:42:02",431.3,2,spideryzarc
4132,16661095,"AAYUSHMAAN PATEL","2026-08-09 08:16:53",431.2,2,aayushmaanpatel
4133,16682108,"Shadow Monarch","2026-08-17 06:45:10",431.1,2,avinashk01
4134,16711383,"Monika Kocianova","2026-08-14 11:01:11",431.1,2,monikakocianova
4135,16639067,"ToMY F.","2026-08-11 11:34:31",430.8,1,tomyfdev
4136,16658817,"Andrew Glez","2026-08-04 12:10:17",430.7,1,andgos
4137,16723404,"Mahdi Al Hajji","2026-08-16 01:28:28",430.7,2,mhh1430hacker
4138,16683087,qiuchenglong,"2026-08-07 09:25:48",430.5,2,qiuchenglong
4139,16721675,stork8i,"2026-08-14 13:16:26",430.3,1,stork8i
4140,16659410,TTH,"2026-08-07 08:21:16",430.3,2,tthungdz
4141,16670724,"Neel Patel","2026-08-14 19:33:43",430.0,2,n33lpat3l
4142,16660397,Divyansh82Raj,"2026-08-04 15:01:28",429.6,2,divyansh82raj
4143,16661034,"Devesh Mehta","2026-08-04 17:53:22",429.3,2,deveshmehtaaie
4144,16683075,"Manuel lasarte León","2026-08-18 09:36:28",429.1,2,manuellasarte
4145,16735966,kyone,"2026-08-18 08:09:32",429.1,1,xtraky
4146,16654330,"Perumalla Pujitha","2026-08-12 18:09:24",429.0,2,perumallapoojitha
4147,16685164,cleanledger,"2026-08-07 13:38:23",429.0,2,cleanledger
4148,16716497,xpxg,"2026-08-16 17:04:22",428.8,2,deepxchat
4149,16634720,Thiyo,"2026-08-18 11:51:04",428.5,2,thimirajayasekara
4150,16642139,"Arnav Goel","2026-08-06 13:02:13",428.3,1,arnavgoel17
4151,16668012,"Aleksander Iżemski","2026-08-05 20:52:54",428.1,2,aizemski
4152,16690775,"Prasanna Raut","2026-08-08 20:41:38",427.9,2,prasannaraut
4153,16695592,"André Luiz Pedroso","2026-08-09 11:59:19",427.7,1,andreluizpedroso
4154,16730320,"Rishabh Shetye","2026-08-18 02:57:23",427.5,1,rishabhshetye
4155,16652422,Kite,"2026-08-17 16:26:55",427.4,1,kiteyinlong
4156,16661891,BALLEN1337,"2026-08-04 19:22:30",427.3,2,ballen1337
4157,16669176,"Karakam Sridevi","2026-08-11 07:44:48",427.1,2,karakamsridevi
4158,16729157,HahaTaco,"2026-08-16 16:55:03",427.1,2,hahataco
4159,16656480,"Dip Biswas","2026-08-07 04:35:56",426.9,2,dipjacobiswas
4160,16657056,"Jacob Ross Piedad","2026-08-06 12:15:14",426.8,1,jacobrosspiedad
4161,16656946,"Sambit Padhan","2026-08-05 10:10:10",426.6,2,sambitpadhan
4162,16633737,nrg,"2026-08-04 20:19:50",426.6,1,nargizaskarbekkyzy
4163,16674725,"rajan jha","2026-08-13 12:05:42",426.5,2,rajan1673
4164,16667766,vasujain7,"2026-08-18 14:21:54",425.8,2,vasujain7
4165,16649794,"Wanzhu Zhao","2026-08-04 13:04:05",425.7,2,wanzhuzhaora
4166,16731458,"Arthur Baygildin","2026-08-17 10:06:55",425.6,1,arthurbaygildin
4167,16633786,tuannm3812,"2026-08-18 14:42:38",425.2,2,tuannm3812
4168,16673167,Karam96,"2026-08-08 11:40:36",425.0,2,karam96
4169,16671666,showtree,"2026-08-07 01:59:30",424.8,1,showtree
4170,16657145,"Shudipto Trafder","2026-08-04 19:25:24",424.7,1,iamsdt
4171,16677950,"Rounak Laddha","2026-08-15 01:47:41",424.7,1,rounakladdha
4172,16624102,Khadersha.sk,"2026-08-03 02:45:03",424.5,2,khadershask
4173,16710564,"Clarice Harijanto","2026-08-14 04:28:13",423.9,2,clariceting
4174,16677470,"Saish Walavalkar02","2026-08-09 12:44:51",423.9,2,"harichaudhari1,kaiserjayin,meetramjiyani,nirbhaygajabi30,saishwalavalkar02"
4175,16696716,MatiasMG,"2026-08-18 14:31:55",423.9,2,matiasmgonzalez
4176,16660568,Fascetta,"2026-08-07 20:48:53",423.8,2,fascetta
4177,16692782,"Andres Regino","2026-08-16 19:26:54",423.6,2,andresregino
4178,16665980,cshara,"2026-08-06 08:41:16",423.3,2,cshara
4179,16659312,qwertyDmitry,"2026-08-05 13:44:24",422.6,2,qwertydmitry
4180,16738581,"mr moradi1","2026-08-18 14:31:26",422.5,1,mrmoradi1
4181,16717601,"Mariem Fersi","2026-08-13 00:15:05",422.4,1,"mariemfersi,yassinebrahem2"
4182,16670812,"Brian Toman","2026-08-09 15:56:22",422.0,2,briantoman
4183,16662874,"Dev Shah","2026-08-08 01:52:52",421.9,2,imdevshah11
4184,16727219,"Chukka Venugopalam","2026-08-16 04:23:18",421.8,1,chukkavenugopalam
4185,16675048,Wizard_King,"2026-08-06 19:35:41",421.7,2,anshumanrayy
4186,16718819,Majkel1337,"2026-08-17 21:16:42",421.4,2,majkel1337
4187,16700207,"S. Mujtaba Hussain","2026-08-18 05:30:48",421.3,2,smujtabahussain
4188,16738899,Grayden_Lee,"2026-08-18 17:05:58",421.1,1,haozelii
4189,16666590,"Hoàng Anh Tú","2026-08-12 23:59:58",420.8,2,anhtu9999
4190,16731013,"Abimael Firstana","2026-08-18 04:51:30",420.7,2,abimaelfirstana
4191,16641294,YogeshG22,"2026-08-03 17:58:51",420.6,2,yogeshg22
4192,16682345,Gordy,"2026-08-17 09:07:48",420.3,2,gordyii
4193,16657712,"samuel job Adeola ","2026-08-17 23:54:40",420.3,2,samueljobadeola
4194,16723047,"Matheus Finger","2026-08-18 14:20:01",420.2,2,matheusfinger
4195,16716713,"T Vamsi Krishna","2026-08-13 09:37:43",420.0,1,vamsee3763
4196,16712257,Banarto,"2026-08-13 07:49:16",419.8,1,banarto
4197,16662690,"Pablo Gomez Perez","2026-08-18 06:54:09",419.6,2,pablogp
4198,16711497,"Korvi sai kumar","2026-08-13 08:02:21",418.6,1,korvisaikumar
4199,16665460,"Shubham kumar jha","2026-08-16 05:01:41",418.5,2,shubhamjhakr
4200,16659688,Daniel,"2026-08-05 12:21:37",418.4,2,danielyazgi
4201,16652805,"Rodrigo Batista da Silva","2026-08-13 13:35:19",418.2,2,eurodrigobatista
4202,16665996,AVATAR3905,"2026-08-06 18:14:01",418.1,2,avatar3905
4203,16636643,"Babul Kumar","2026-08-02 07:46:50",417.8,2,babulkumar07
4204,16735593,"timur tytrin","2026-08-18 07:37:46",417.6,2,timurtiutrin
4205,16661390,"Raúl García Gómez","2026-08-04 17:04:39",417.4,2,corso138
4206,16730060,"Enzo Pio","2026-08-18 14:00:19",417.4,2,enzopio
4207,16658733,luoqiuy,"2026-08-04 10:46:04",417.2,2,luo912
4208,16656919,Sumaiya,"2026-08-09 07:00:50",417.1,2,ayeshasummaiyya
4209,16682667,"zeel vavliya","2026-08-07 07:02:55",416.9,1,zeelvavliya
4210,16629476,NOOBS,"2026-08-09 19:58:48",416.1,2,"patelkrishna8,sakshamranawade,shravanideshpande25"
4211,16682908,"Masha Mashallah","2026-08-12 14:01:15",416.1,1,mashamashallah
4212,16716594,"U Anand Williams","2026-08-13 09:19:09",415.7,1,uanandwilliams
4213,16725195,sjojasdq,"2026-08-18 08:52:30",415.5,2,sjojasdq
4214,16666115,"Iam Intolerable","2026-08-06 07:48:28",415.5,2,iamintolerable
4215,16661191,"Yudha Eka Saputra","2026-08-04 19:28:31",415.4,2,yudhaekasaputra
4216,16706321,lumen,"2026-08-13 07:53:12",415.1,2,lumenyuto
4217,16676416,"Abhishek Mishra","2026-08-10 10:09:30",414.6,2,abhishekmishra23
4218,16624990,"Tanjim Ahmed Kingshu","2026-08-02 07:05:52",414.4,2,tanjimahmedkingshu
4219,16662967,"Amalio Gomez","2026-08-04 22:07:16",414.2,1,amaliogomez
4220,16635243,MlMlDev34,"2026-08-01 11:26:52",414.1,2,mlmldev34
4221,16710906,Krunal.ix,"2026-08-12 07:06:58",413.9,1,krunalix
4222,16660341,"Nefise Aybar","2026-08-04 12:37:29",413.7,2,nefiseaybar
4223,16655652,Emergence,"2026-08-10 03:21:04",413.5,2,daylighth
4224,16656135,"JAYASURYA R","2026-08-05 15:43:01",413.4,2,suryar261
4225,16659533,"Pavan Desai","2026-08-10 16:29:20",413.2,2,pavancdesai
4226,16690166,"Niteshwar Mishra","2026-08-08 10:02:22",412.9,2,niteshwarmishra
4227,16687403,"Raja Sai Vardhan","2026-08-09 08:19:22",412.2,2,rajasaivardhan
4228,16658319,"Huỳnh Nguyễn Trọng Tín","2026-08-06 06:23:40",411.9,2,tnhunhnguyntrng
4229,16728262,wakawakayu,"2026-08-17 13:33:40",411.9,1,wakawakayu
4230,16658897,"Teja Pattem","2026-08-07 10:42:44",411.6,2,tejapattem
4231,16652230,BorisSpider,"2026-08-13 11:34:46",411.6,2,borisspider
4232,16726441,Enrique.rfm,"2026-08-17 15:50:01",411.3,1,enriquerfm
4233,16692427,"Infy ","2026-08-09 20:48:09",411.0,2,infydes
4234,16731108,"Vipparla Nandini","2026-08-17 06:29:48",411.0,1,vipparlanandini
4235,16688859,"Muhammad Fayaz Khan","2026-08-08 06:36:02",411.0,2,mfayazkhan
4236,16668471,Broomva,"2026-08-05 14:57:35",410.6,1,broomva
4237,16735251,AlviH47,"2026-08-18 13:42:18",410.4,1,alvih47
4238,16738778,"DILIP BAVISKAR","2026-08-18 16:12:23",410.4,1,dilipbdilipb
4239,16666171,"JD Crew","2026-08-06 12:52:58",410.3,2,"abhijnanpodder,ahsafabid"
4240,16694264,"Vansh Visariya","2026-08-10 09:00:11",410.3,2,vanshvisariya
4241,16660992,"Vishnu Vardhan Dumpala","2026-08-05 18:17:30",409.7,1,vishnuvardhandumpala
4242,16674394,"Ishant Mittal","2026-08-08 09:24:57",409.6,2,ishantmittal95
4243,16699659,"Dimas Pasha Akrilian","2026-08-18 13:05:14",409.5,2,dimaspashaakrilian
4244,16711573,"Sushmitha Vasantha","2026-08-13 09:08:29",409.5,1,sushmithavasantha
4245,16668453,"Kawish Hassan","2026-08-05 16:51:03",409.0,2,kawishhassan
4246,16632620,"[Deleted] d9d74cbb-c76e-4fbb-a4bf-35e25b48627d","2026-08-08 16:00:16",408.2,2,del=c21e6a8a03ad3b3c
4247,16696800,"VEER GOMA","2026-08-14 15:42:47",407.9,2,novaxoxo
4248,16662495,Earth,"2026-08-15 10:54:03",407.6,2,earthearth
4249,16656732,"Shivam Kashyap","2026-08-04 05:28:03",406.5,1,shiyan0090
4250,16694497,Kawai,"2026-08-16 13:08:55",406.3,2,"lavendermoon19,sumitwod"
4251,16689841,Pavani2325,"2026-08-08 10:00:56",406.3,2,pavani2325
4252,16658011,"Arooba Hanif","2026-08-05 07:24:53",405.9,2,aroobahanif
4253,16628409,"yann sadowski","2026-07-31 09:39:25",405.8,1,yannsadowski
4254,16721533,"Lakshya Sharma","2026-08-16 06:01:34",405.8,2,lakshyasharma007
4255,16635130,Pongsaky,"2026-08-01 12:56:02",405.7,2,gantanch
4256,16657729,"Kandregula V S S V P Krishna Murthy","2026-08-08 15:29:35",405.5,2,kkandregula
4257,16669576,"zarnab waheed","2026-08-17 19:20:34",405.3,2,zarnabwaheed
4258,16655811,"Duy Trần","2026-08-04 08:23:27",405.3,1,duyqtrn
4259,16660436,turkenm,"2026-08-06 13:03:36",405.1,2,turkenm
4260,16735393,Dai_Research,"2026-08-18 10:40:17",405.1,2,dairesearch
4261,16667033,"Geethika Sandireddy","2026-08-15 07:04:31",405.0,2,geethikasandireddy
4262,16683178,soulasin,"2026-08-07 14:32:26",404.7,2,soulasin
4263,16734667,sadanamaru,"2026-08-18 03:53:31",404.6,2,sadanamaru
4264,16624029,"Miguel Angel Rodriguez Fonseca","2026-08-07 03:55:38",404.0,2,miguelangelrodriguez
4265,16694314,"Ali Abbas Baig","2026-08-10 03:42:41",403.8,2,aliabbasbaig
4266,16646644,BeyondBirthday,"2026-08-09 06:39:01",403.7,2,near07
4267,16680015,"Khôi Trương","2026-08-10 01:11:55",402.7,1,kiykhoi
4268,16659419,"Chahat Mehra","2026-08-16 07:32:48",402.2,2,chahatmehra
4269,16628296,NoxMetenis,"2026-08-15 17:54:03",401.7,1,avasgaire
4270,16624235,appu2431,"2026-08-11 15:56:41",401.7,2,appu2431
4271,16655729,"Arnab Mallick","2026-08-04 02:41:48",401.5,2,arnabmallick24
4272,16658746,marinxbt,"2026-08-18 15:44:08",401.1,2,marinxbt
4273,16662933,"Marcelo Pereira","2026-08-11 20:20:53",400.3,2,marcekkusrp
4274,16728261,"Smit Deshaval","2026-08-18 17:37:22",400.1,2,smitdeshaval11
4275,16646318,Kaminoko,"2026-08-18 18:28:29",399.1,2,chrisopherjoshy
4276,16655446,"Ismael Omar Leonidas Hurtado Vargas","2026-08-04 00:07:01",399.0,1,ihurtadov
4277,16660099,Desireog71,"2026-08-08 15:01:19",398.9,2,desireog71
4278,16625011,"Heng Yu","2026-08-18 06:30:56",398.9,1,megalobox1
4279,16732873,"Yash Rana","2026-08-18 04:57:04",398.3,2,yashrana24
4280,16690183,ankit8924praj,"2026-08-14 15:43:56",398.1,2,ankit8924praj
4281,16662577,"Shreyash Suryawanshi","2026-08-05 07:34:10",397.9,2,shreyashsuryawanshi
4282,16664334,"Satishvaran Ragu","2026-08-18 04:37:45",397.5,2,satishvaranragu
4283,16727961,"Ebenezer Olumeyan","2026-08-18 13:49:17",397.2,2,eolumeyan
4284,16665360,"Ayush Bhadauria","2026-08-11 16:39:55",397.2,2,ayushbhadauria50
4285,16706276,MitulbhBhatia,"2026-08-18 04:02:38",397.0,2,mitulbhbhatia
4286,16735624,"Marc Rippee","2026-08-18 16:08:12",397.0,1,marcrippee
4287,16657623,Wayne_127,"2026-08-18 15:10:36",396.9,1,wayne127
4288,16660899,"Clarence Trinidad","2026-08-07 17:53:59",396.8,2,claree007
4289,16656143,"Debanshu Mallick","2026-08-07 05:27:56",396.6,1,debanshumallickiisc
4290,16660246,taqnik,"2026-08-08 11:54:39",396.3,2,taqnik
4291,16654348,rkeshwani,"2026-08-07 16:17:49",396.0,2,rkeshwani
4292,16623405,nbarlow,"2026-08-12 20:01:08",395.9,2,nickbarlow
4293,16698739,"Sahrul Adicandra","2026-08-11 04:06:08",395.5,2,sahruladicandra
4294,16689923,Dhinesh,"2026-08-09 08:39:37",395.4,2,dhineshwarrs
4295,16672138,mostafa69ca,"2026-08-06 05:03:43",395.3,1,mostafa69ca
4296,16662659,"Chiziterem Eze","2026-08-11 12:20:48",394.9,2,chiziteremeze
4297,16693821,"DARSHAN A","2026-08-11 18:02:26",394.8,2,ad12345kag
4298,16705294,"zhenf Liu","2026-08-11 07:51:06",394.6,2,zhenfliu
4299,16657687,"Siddardha Shayini","2026-08-04 14:23:48",394.2,2,siddardhashayini3
4300,16665252,"Harsh Katara","2026-08-05 06:51:14",394.2,1,harshkatara
4301,16669725,chosunghwan,"2026-08-06 03:52:24",394.0,1,chosunghwan
4302,16709481,"Gerbilles Saucières","2026-08-13 12:29:17",393.8,2,"benjaminhrt30,volbox1902"
4303,16677732,"Alessandro Mermali","2026-08-06 20:52:35",393.7,2,alessandromermali
4304,16635481,Jamaisvu,"2026-08-17 21:20:38",393.7,2,jamaisvu
4305,16659415,PincheCabrón,"2026-08-17 17:34:01",393.4,2,pinchecabrn
4306,16628190,Horizonx30,"2026-08-09 18:06:56",393.3,2,horizonx30
4307,16668271,"Shashank Raj","2026-08-06 14:27:00",393.3,2,ssr6156
4308,16686700,"Hakkı selim Ak","2026-08-07 17:06:03",393.3,1,hakkselimak
4309,16665907,"Jonathan Saina","2026-08-16 14:48:56",393.2,2,jonathansaina
4310,16654098,"Mohd Zaki","2026-08-08 13:17:29",393.1,1,mdzaki08
4311,16727044,"Kai Leisten","2026-08-16 10:19:42",392.6,2,kaileisten
4312,16655919,"Tạ Minh Lễ","2026-08-04 06:46:45",392.5,2,tminhl
4313,16678653,Wzjj98,"2026-08-06 19:31:39",392.4,1,wzjj98
4314,16732696,naniwazu,"2026-08-18 12:41:48",392.4,2,naniwazu
4315,16719709,Rishiii360,"2026-08-18 03:46:23",392.4,2,rishiii360
4316,16733016,Quillbolt,"2026-08-18 08:38:12",392.1,2,tunminhhunh
4317,16668340,"Sibi Vishnu","2026-08-08 10:35:33",392.1,2,sibivi
4318,16656351,"Triet Ho","2026-08-07 07:27:33",390.4,2,trietho247
4319,16701902,"Matthew Souza Chong","2026-08-11 05:58:50",390.0,2,matthewsouzachong
4320,16722122,Abhas20,"2026-08-18 16:32:45",389.9,2,abhas20
4321,16623739,SarsaShen,"2026-08-05 07:12:00",389.8,2,sarsashen
4322,16660473,"Owen M Kelley","2026-08-10 00:53:11",389.7,2,owenmkelley
4323,16706516,"Mohit Khade13","2026-08-17 20:08:08",389.7,2,mohitkhade13
4324,16630372,Q.qlmmm,"2026-08-03 21:38:41",389.4,2,qlammi
4325,16663738,"Handre Bezuidenhout","2026-08-04 23:27:08",389.4,2,handrebezuidenhout
4326,16661551,SimonAx,"2026-08-10 09:41:59",389.2,2,simonaxel
4327,16664147,JordanM10,"2026-08-05 19:54:08",388.8,1,jordanm10
4328,16673152,"Arijit Raj","2026-08-06 08:23:14",388.6,2,arijitraj02
4329,16679872,"Kirby Won","2026-08-16 00:04:08",388.5,2,kirbywon
4330,16730199,kawanot,"2026-08-18 15:56:47",388.0,2,kawano
4331,16660369,"Dev MCP","2026-08-04 12:59:09",388.0,1,nishant2905
4332,16684308,Itsside_jay,"2026-08-07 11:46:48",387.6,1,itssidejay
4333,16709165,"Yooraj Gole","2026-08-13 18:10:17",387.5,1,yoorajgole
4334,16671942,"JIVRAJ SINGH","2026-08-13 16:54:51",387.4,2,jivrajsingh
4335,16664469,"Thorlapati Nikhil","2026-08-11 19:11:09",386.5,2,thorlapatinikhil
4336,16725938,"Ben Cheng","2026-08-17 18:39:38",386.2,2,benczb
4337,16732654,Goated_Farmers,"2026-08-17 14:18:06",386.0,1,"mugundhjb,srinathduvvuri"
4338,16690163,"Abhay Upadhyay","2026-08-08 18:05:54",385.4,2,abhay18s
4339,16729572,"Aswin Ramanathan","2026-08-17 16:17:38",385.2,1,aswinramanathan
4340,16665661,Ikhbar,"2026-08-05 09:50:57",384.8,2,ikhbar
4341,16691813,Hyezir4,"2026-08-10 08:36:47",384.5,2,hyezir4
4342,16633330,"danielle Ange","2026-08-12 16:26:03",384.5,2,danielleange
4343,16663351,MiguelS,"2026-08-07 15:25:29",384.1,2,lordm758
4344,16701697,"Shadow #2","2026-08-16 12:13:27",383.4,2,chetanagrawall
4345,16732936,"Kateryna Dudko","2026-08-18 12:30:35",383.0,1,dudkiina
4346,16700187,"adrian purnama","2026-08-10 10:50:45",383.0,1,adrianpurnama
4347,16664617,BarkeviousBingo,"2026-08-18 02:21:05",382.7,1,barkeviousbingo
4348,16668034,ggggalaxy,"2026-08-16 12:57:58",382.4,2,ggggalaxy
4349,16631989,"VIDIT SHRIMALI","2026-07-31 17:13:46",381.9,1,viditshrimali
4350,16660471,"Obsessed Beings","2026-08-05 16:46:35",381.8,2,"meur99,muhammedsaeed315,obsessedbeing,studentwork01"
4351,16623730,"Ethan Higgins","2026-07-31 02:25:21",380.6,2,ethanhigginz
4352,16738503,dddmd,"2026-08-18 15:54:54",380.3,2,dddmdd
4353,16715416,"Md. Adnan","2026-08-17 19:09:41",380.3,2,mdadnan96
4354,16713033,rayofc,"2026-08-18 16:14:06",379.8,2,rayofc
4355,16716702,"majjati khalid ","2026-08-16 15:03:59",379.5,2,khalidma
4356,16668166,Pikachu,"2026-08-05 14:52:15",379.3,2,"arpankumarsinha,phantomboy69,subhojitpaul2006"
4357,16669535,sakshitantak,"2026-08-08 05:16:32",379.0,2,sakshitantak
4358,16662403,"ulaş özen","2026-08-05 19:49:16",378.6,2,ulazen
4359,16672689,"Yusuf Yemez","2026-08-06 06:51:07",378.6,1,yusufyemez
4360,16672020,"Arum Puri ","2026-08-18 14:03:33",378.0,2,arumpuri
4361,16726616,9Hash,"2026-08-18 12:46:06",377.9,2,hashimrazi
4362,16666056,"sarthak gupta1303","2026-08-05 11:01:04",377.5,2,"sarthakgupta1303,sathviktummalapenta"
4363,16691936,"Adhar Chaudhari 07","2026-08-09 08:13:35",377.4,2,adharchaudhari07
4364,16661633,"Joseph Garcia","2026-08-12 12:57:27",377.3,2,josephpgar
4365,16735517,"Philipp k-s","2026-08-18 08:38:16",376.8,1,philippkeussenstrau
4366,16687788,skalermo,"2026-08-15 21:07:42",376.6,2,skalermo
4367,16661690,codefusiondu,"2026-08-06 04:53:25",375.7,2,codefusiondu
4368,16658554,Pai,"2026-08-07 22:06:33",375.5,1,rajathrpai
4369,16639764,CortexExplorer,"2026-08-16 15:33:39",375.4,2,cortexexplorer
4370,16633982,Nikunj1375,"2026-08-07 08:40:29",375.3,2,nikunj1375
4371,16654407,"Serendeep Rudraraju","2026-08-14 12:28:18",374.9,2,serendeeprudraraju
4372,16669408,"Josaphat Adjele","2026-08-10 14:56:45",374.8,2,josaphatadjele
4373,16664718,Vedika_,"2026-08-11 18:28:09",374.2,1,lighjt
4374,16717600,"Collistus Kibe","2026-08-17 21:23:09",374.1,2,collistuskibe
4375,16634769,Fivingone,"2026-08-03 03:47:43",374.1,2,fivingone
4376,16660313,Ctrl+Code,"2026-08-12 15:22:04",373.5,1,"jayashankar369085,parnikasm"
4377,16658450,"Krish Singh","2026-08-05 16:11:00",373.4,2,krishsingh2283
4378,16650070,"jakub slavíček","2026-08-04 12:58:40",372.8,2,jakubslavicek
4379,16707092,"Asharani Sahu","2026-08-11 11:19:08",372.3,1,asharanisahu
4380,16729202,Sven,"2026-08-16 19:14:53",372.2,2,sventleman
4381,16660996,"Thịnh Nguyễn Chí Tiến","2026-08-08 01:49:40",372.1,2,thnhnguynchtin
4382,16709512,Rustamdurdyyev,"2026-08-12 09:56:51",371.6,2,rustamdurdyyev
4383,16668479,"Muneera Mahjabeen","2026-08-12 20:16:59",371.6,2,muneeramahjabeen
4384,16693949,"Eric Worrall","2026-08-16 00:39:43",371.1,2,ericworrall
4385,16724976,Soham,"2026-08-18 11:28:07",370.9,2,soham308
4386,16667406,"Abdulrahman AlAsali","2026-08-05 13:20:41",370.6,1,abdulrahmanalasali
4387,16670881,"Amir Y. Sajjadi","2026-08-05 23:56:26",370.5,1,amirysajjadi
4388,16630545,"GAURAV PARKHEDKAR","2026-08-01 07:00:23",369.9,2,gauravparkhedkar
4389,16682559,"Punit Pritam Mohanty","2026-08-11 06:21:03",369.3,2,punitpritammohanty
4390,16662054,"phantom of shubh","2026-08-11 07:54:46",369.2,1,shubhamkumar123490
4391,16659453,"Ishwar Rathod","2026-08-06 03:29:27",369.0,2,ishwarrathodofficial
4392,16681801,majj,"2026-08-11 03:07:46",368.9,2,m313786372
4393,16676302,Arnav,"2026-08-08 06:10:01",368.8,2,arnav03101
4394,16661290,"Kelian Esteve","2026-08-04 14:33:13",368.7,1,kelianesteve
4395,16682422,"SABBIR HOSSAIN 2029","2026-08-16 14:23:24",368.7,2,sabbirhossain2029
4396,16684223,"Aayush Shah","2026-08-13 17:57:28",368.6,2,aayushshah265
4397,16665371,"Kevoh Mutwiri","2026-08-16 20:27:20",368.5,2,kevohmutwiri
4398,16659529,"Sanchit Jain","2026-08-05 05:58:55",368.4,2,sanchit1609
4399,16673009,CruelShow,"2026-08-14 06:50:39",368.3,2,cruelshow
4400,16728948,L3MG,"2026-08-16 21:17:06",368.3,2,lemgyy
4401,16706181,"Juvenal Pedro Baptista","2026-08-16 14:58:40",368.1,2,juvenalpedrobaptista
4402,16686716,"menna hassanM","2026-08-17 21:28:16",367.8,2,mennahassanm
4403,16667042,"Adarsh Mukundan","2026-08-07 17:12:28",367.6,1,aadarshmukundan
4404,16720606,Williamtime,"2026-08-17 03:11:34",367.3,2,williamtime
4405,16671566,renmin517,"2026-08-17 07:31:19",366.6,2,renmin517
4406,16661639,"Jayanth Kumar D","2026-08-06 13:36:46",366.1,2,jayanthkumard
4407,16653903,Manav2805,"2026-08-04 09:25:08",365.7,2,manav2805
4408,16712321,"Elias Schecke","2026-08-15 11:56:53",365.0,2,eliasschecke
4409,16674714,"Kaaleedass Manoharan","2026-08-08 16:52:19",364.8,2,kaaleedassmanoharan
4410,16678521,"Arina Nevolina","2026-08-06 20:31:22",364.7,1,nevolinaa
4411,16681177,"Ivan Kevin Garcia Hernandez","2026-08-17 19:25:34",364.6,2,jedilgh
4412,16671959,"Sintu Verma","2026-08-09 05:44:56",364.2,2,sintuverma
4413,16696644,"Franklin T","2026-08-13 10:28:53",364.2,2,franklin0410
4414,16655621,xia0910,"2026-08-08 11:03:21",364.0,2,xia0910
4415,16629403,Galza98,"2026-07-31 10:09:02",364.0,1,galza98
4416,16692639,"Bharat Kumar0925","2026-08-10 08:58:47",363.3,2,bharatkumar0925
4417,16729214,kisamaki0815,"2026-08-16 20:05:38",363.1,1,kisamaki0815
4418,16652970,"Abhay sarkar","2026-08-05 14:40:05",363.0,1,abhaysarkarai
4419,16661966,Rocket,"2026-08-18 15:17:38",362.9,2,"aarchie4,nick16541,siddharthdongardive"
4420,16672670,RonTroy,"2026-08-13 04:46:15",362.6,2,rontroy
4421,16624073,Maruichi01,"2026-08-14 16:03:02",362.4,2,"maruichi01,puws06,tatsukisato,unikina"
4422,16678283,"Ajinkya Digurkar","2026-08-13 05:34:43",362.3,2,"ajinkyadigurkar,sakshiagrawal8818"
4423,16623161,"Charles Kalaba","2026-08-08 13:06:02",362.1,2,charleskalaba
4424,16723487,RoboDavo,"2026-08-17 08:15:35",361.8,2,robertdavidson1911
4425,16632319,Valentin,"2026-07-31 21:14:24",360.9,1,vaha94
4426,16683284,"Haha Farming","2026-08-07 14:38:04",360.9,1,"akshitharamesh,harinir1423"
4427,16724743,"Dr. James Gambrah","2026-08-17 08:48:47",360.8,2,jamesgambrah
4428,16657891,"Joshua Kinnah","2026-08-07 23:00:45",360.6,2,joshuakinnah
4429,16659975,"Rahul Sain","2026-08-05 18:54:58",360.4,2,rahulsain2001
4430,16654430,"Rishoban Y","2026-08-07 13:46:37",360.3,1,rishoban
4431,16664218,"Nguyen Vu Tue Khang","2026-08-07 03:13:47",360.3,2,nguyenvutuekhang
4432,16692750,"sab ka katega","2026-08-10 20:01:22",359.7,2,pranavwankhade
4433,16695283,"Mark Baushenko","2026-08-18 08:02:27",359.6,2,e0xextazy
4434,16663600,"Adrián Flores","2026-08-05 00:38:36",359.5,2,foward2892
4435,16678362,"Mitiku Yohannes","2026-08-07 00:00:37",359.1,2,mitiku
4436,16702052,"Beny Pratama Putra","2026-08-12 16:18:20",358.3,2,benypratamaputra
4437,16707179,"Achintya Rai","2026-08-12 11:15:16",358.0,2,achintyarai
4438,16653054,Khongor2424,"2026-08-03 15:32:17",357.8,2,khongorkikaik21
4439,16654454,"Haoxiang Li","2026-08-16 11:49:08",357.7,2,haoxiangli789
4440,16660735,"Bassel Elbahnasy","2026-08-05 20:31:32",357.5,2,basselashraf
4441,16735253,银龙今天读博了吗？,"2026-08-18 08:41:48",357.5,1,boyanyanbo
4442,16668331,"Maitreya Mohapatra","2026-08-06 10:09:17",357.4,2,maitreyamohapatra
4443,16661955,Bingos,"2026-08-05 11:43:07",357.4,2,bingos
4444,16660543,"BUTUH DUIT","2026-08-06 07:39:16",356.9,2,abulkahfi
4445,16736111,hexingwei33,"2026-08-18 06:35:18",356.7,1,hexingwei33
4446,16657159,"Amey Malpurkar","2026-08-11 07:35:27",356.7,2,"ameymalpurkar,siddheshsadarao"
4447,16668262,spbforce,"2026-08-15 23:10:45",356.5,1,spbforce
4448,16732200,"Louis WhoEat","2026-08-18 15:18:45",356.5,2,louiswhoeat
4449,16652397,"Aniket Kumar","2026-08-06 13:29:50",356.3,2,kalkiavatar3
4450,16682454," Vandanaa R","2026-08-11 06:52:09",355.9,1,vandanaar
4451,16656506,"Piyush Harde","2026-08-04 12:54:26",355.8,2,piyushharde
4452,16664044,IntentionalSayshara,"2026-08-16 18:08:00",355.2,2,jaelle
4453,16655875,PLLZ,"2026-08-17 01:11:41",354.0,2,pllzzz
4454,16732315,"Filip Chladek","2026-08-17 13:37:38",353.9,2,filipchladek
4455,16736579,rk777848,"2026-08-18 08:56:23",353.9,1,rk777848
4456,16658990,"Muhammad Burhan SE-45-02","2026-08-07 04:26:18",353.5,2,muhammadburhanse4502
4457,16738424,Yunioshi,"2026-08-18 15:27:09",353.3,2,yunioshi
4458,16713319,"David Tilman","2026-08-12 18:56:13",352.8,2,davidtilman
4459,16665243,"Harshit Jha","2026-08-05 13:40:16",352.7,2,harshitjha28
4460,16718828,"Tejas Nisar","2026-08-18 13:30:24",352.6,2,tejasnisar
4461,16690308,"Fatima Sarhan","2026-08-18 06:10:45",352.4,1,fatimasarhan
4462,16690187,"Amrita Singh","2026-08-08 10:34:51",352.1,2,amrita004
4463,16698920,"Rishabh Bhartiya","2026-08-12 13:48:26",351.8,2,rishabhbhartiya
4464,16712086,"Zubair Shafi","2026-08-16 23:23:04",351.6,2,zubairshafi5050
4465,16690514,"Aditya #3","2026-08-09 06:29:48",351.3,1,a0x1ab
4466,16707118,"DEVEN BAGADE","2026-08-11 11:24:10",351.0,2,devenbagade
4467,16713463,"Dillen Perumal","2026-08-18 14:35:47",351.0,2,dxllen
4468,16641866,"Prem Gandhi","2026-08-06 19:48:18",350.6,2,gprem352
4469,16675037,"Stanislav Pashkov","2026-08-08 20:50:16",350.4,2,stanislavpashkov
4470,16728465,"Abdurrahman Assegaf","2026-08-16 12:13:15",350.1,2,amanshop
4471,16660529,Imaanga,"2026-08-10 11:41:21",350.1,2,imaangababy
4472,16698562,Kyoko004,"2026-08-11 04:38:18",350.1,1,kyoko004
4473,16639814,"Nikhil Krishna A","2026-08-15 07:30:38",350.0,2,techmasternikhil
4474,16689926,"Yongxiang Zhao #2","2026-08-12 03:33:27",349.7,2,yongxiangzhao
4475,16655315,SL,"2026-08-13 01:50:18",349.5,2,xndr007
4476,16738852,ZJUwlm,"2026-08-18 15:41:48",349.4,1,zjuwlm
4477,16690882,"Meet P. Shah","2026-08-16 13:11:46",348.7,2,meet47
4478,16658383,"SIVA S","2026-08-18 04:06:58",348.5,2,codingmaster24
4479,16655734,dworld,"2026-08-05 04:13:18",348.3,2,jagdishhalde
4480,16662138,"Luan He","2026-08-14 20:50:07",347.4,2,luanhe
4481,16707372,"zidu cheng","2026-08-11 13:30:40",347.0,1,ziducheng
4482,16731832,jackee777,"2026-08-18 07:39:29",347.0,2,jackee777
4483,16662913,"IYAMPAYE ribert","2026-08-04 19:01:38",347.0,1,iyampayeribert
4484,16731983,Gracie,"2026-08-18 18:21:27",346.8,1,gracie428
4485,16693098,broken_gpu,"2026-08-14 23:09:39",346.3,2,brokengpu
4486,16685996,"Universal Entropy","2026-08-07 16:22:28",346.2,1,fennerjw
4487,16654253,"Gaius K Biju","2026-08-03 18:51:18",345.9,2,gaiuskbiju
4488,16733752,Abhi,"2026-08-17 19:34:16",345.5,1,zeroday19
4489,16662491,Rudra070311,"2026-08-11 17:06:39",345.4,2,rudra070311
4490,16668559,Goups,"2026-08-18 10:13:13",345.2,2,hervrenard
4491,16659865,Rithikaaaaah,"2026-08-17 07:09:08",344.5,2,rithikaaaah
4492,16683421,"Ruchita Yadav","2026-08-13 18:09:54",344.5,2,ruchitayadav20
4493,16658620,"Dina Chettouh","2026-08-04 09:13:27",344.1,2,dinachettouh
4494,16679393,"Anvith Pothula","2026-08-12 20:41:33",344.0,1,anvithpothula
4495,16686950,"Kittikhun Pachana","2026-08-08 00:16:11",343.8,2,kittikhunpachana
4496,16658676,"Abdul Roheem Abdul Warith","2026-08-04 18:59:04",343.6,1,albasoliyy
4497,16684191,"Patel Aryan D","2026-08-10 07:36:13",343.6,2,patelaryand
4498,16656198,N9uy3nPham,"2026-08-06 10:56:04",343.4,2,n9uy3npham
4499,16711610,cc_z_kaggle,"2026-08-12 09:33:23",342.6,1,cczkaggle
4500,16658941,Matts6591,"2026-08-17 07:59:36",342.6,1,mathwithmatt
4501,16646076,"Ajeet Krishnasamy","2026-08-04 19:52:27",342.3,2,ajeetkrish
4502,16713082,"Siyam Molla","2026-08-15 13:49:13",342.0,2,siyammolla
4503,16678355,"Tanuj Saxena","2026-08-07 10:10:24",341.8,2,tanujsaxena
4504,16652899,Isha,"2026-08-09 15:29:06",341.5,2,aarohi20
4505,16661879,"Pham Truc","2026-08-07 07:21:46",341.4,1,genti1206
4506,16659698,"Duy Anh Nguyễn","2026-08-07 10:23:27",341.0,1,duyanhnguyn
4507,16624246,"xu j1ayang","2026-08-11 05:12:47",340.6,2,xuj1ayang
4508,16666316,adityakr1001,"2026-08-05 09:33:41",340.4,1,adityakr1001
4509,16723046,"Pedro Joás","2026-08-15 13:13:22",338.8,2,pedrojos
4510,16660957,CREVATEC,"2026-08-11 09:30:33",338.6,2,"olakunleolalekan,samueloladeji"
4511,16659060,Pratham3gewg,"2026-08-06 18:26:51",338.4,2,pratham3gewg
4512,16682623,"Aditya Paul","2026-08-14 12:44:45",338.2,2,adityapaul634
4513,16643821,"arnav chaturvedi123","2026-08-02 22:16:08",338.1,2,arnavchaturvedi123
4514,16725769,NikunjMakhija_,"2026-08-17 17:29:26",337.8,2,nikunjmak
4515,16667700,"Omar Mohammad","2026-08-05 15:52:54",337.6,2,omarmohammadw
4516,16659203,"Praful Nayak","2026-08-05 08:17:06",337.4,2,prafulnayak2003
4517,16661012,"Tesfahun Feleke","2026-08-16 23:11:21",337.0,2,tesfahunfeleke
4518,16652276,Phare111,"2026-08-04 15:09:55",336.8,1,phare111
4519,16668464,Mauro,"2026-08-05 15:57:27",336.6,2,ilmaurino
4520,16659493,"Ori Glisko","2026-08-09 14:27:44",335.7,2,origlisko
4521,16658357,heetmehta18,"2026-08-07 13:30:40",335.5,2,heetmehta0000
4522,16661213,"Daniel Siersleben","2026-08-05 12:53:41",335.5,1,danielsiersleben
4523,16623823,"Julieta Rubis","2026-07-31 04:45:53",333.8,2,julietarubis
4524,16713204,"Mohamedg croesus","2026-08-15 22:37:58",333.7,1,mohamedgcroesus
4525,16676305,JTHEFROG,"2026-08-08 12:09:45",333.4,2,joshyuasa
4526,16684168,"Roaya Saed","2026-08-10 14:36:20",333.1,1,roayasaed
4527,16712089,"yui seya","2026-08-12 12:17:02",332.3,2,yuiseya
4528,16732357,"Thales Augusto Leite de Souza","2026-08-18 14:14:29",332.3,2,thalestals
4529,16657426,"M.Mukunda Reddy","2026-08-17 06:18:11",332.2,2,mmukundareddy
4530,16661587,"Debashis Mohapatra","2026-08-05 09:05:50",331.7,2,debashismohapatra
4531,16657104,"Bashar Gamal","2026-08-17 00:04:56",331.4,2,bashargamal
4532,16671302,"Pratish Chaudhary","2026-08-10 00:35:01",331.4,1,pratishchaudhary
4533,16711673,losingself,"2026-08-12 09:07:45",330.2,1,level14taken
4534,16691354,"Vedika Gupta","2026-08-08 14:20:25",330.2,1,vedikagupta0
4535,16668333,VishalVivek,"2026-08-07 09:46:17",330.1,1,vishal14332
4536,16637025,kodalien,"2026-08-10 15:21:00",330.1,2,kodalien
4537,16657777,"sandeep kumar","2026-08-04 11:41:21",330.0,2,sandeep088
4538,16658783,"Devesh Choudhury","2026-08-07 17:08:33",329.0,2,deveshchoudhury
4539,16657658,"Esther Usman","2026-08-11 19:27:41",328.9,2,estherusman
4540,16665988,"Ronel maamoc","2026-08-17 12:42:15",328.7,2,ronelmaamoc
4541,16658065,"Parul Mittal","2026-08-06 13:55:51",328.7,1,pisces83
4542,16660144,"Léandre ELISHA","2026-08-09 12:25:44",328.3,2,landreelisha
4543,16677629,"XIE Jintao","2026-08-06 18:47:28",328.2,2,xiejintao
4544,16676501,"[Deleted] cf820879-5b51-45ff-9f0a-1d88833299b5","2026-08-08 08:32:10",328.1,2,kamraanmulani
4545,16662861,"Chirag Tutlani","2026-08-04 19:13:05",327.7,1,chiragtutlani
4546,16655003,"Paramjeet Kaur","2026-08-04 21:09:02",326.6,1,kauxp26
4547,16688231,"Antoine Matemane Mahirwe","2026-08-10 19:40:15",326.5,2,antoinemah
4548,16689064,Midhun-4126,"2026-08-18 17:39:36",326.3,2,midhun4126
4549,16667601,"Audrius Molis","2026-08-05 12:27:17",326.1,2,vienas
4550,16715576,bhavnachavda21,"2026-08-18 07:08:46",325.9,2,bhavnachavda21
4551,16668654,"Zharkyn Makhanbet","2026-08-10 18:28:08",325.9,1,imadparadoxi
4552,16670185,"Odilon Yehouenou","2026-08-13 20:23:58",325.8,2,odilonyehouenou
4553,16659581,"isah ridwan","2026-08-07 09:02:00",325.5,2,isahridwan
4554,16669314,"Editor Jugnu AI","2026-08-18 10:06:41",325.4,2,editorjugnuai
4555,16679096,WilliamXylean,"2026-08-14 05:56:29",325.2,2,williamxylean
4556,16625775,liubingxin205,"2026-08-15 06:29:40",325.0,2,"hongjuw,liubingxin205"
4557,16733204,"Sompalli Akhil Kumar","2026-08-18 10:14:08",324.5,2,sompalliakhilkumar
4558,16651668,Haiku,"2026-08-05 06:28:54",324.1,2,yangjiefu
4559,16669523,Jackson55171,"2026-08-05 18:21:00",323.9,2,jackson55171
4560,16632841,AGG,"2026-08-06 18:33:28",323.8,2,aleixgim
4561,16663253,"Albert Benjamin Asare","2026-08-06 19:29:05",323.8,2,albertbenjaminasare
4562,16660579,mayank,"2026-08-06 14:41:12",323.6,2,mayank921
4563,16622245,"Vlas Veles","2026-08-18 17:17:10",323.4,1,vlasveles
4564,16659804,"Gashahun Demise","2026-08-04 13:23:20",323.2,2,gashahundemiset
4565,16665704,"Sreesanth M S","2026-08-05 07:12:05",323.1,1,sreesanthms
4566,16697020,"Hossam elden Mohamed","2026-08-15 01:13:51",323.1,2,hossameldenmohamed
4567,16701143,macneil,"2026-08-14 14:53:54",323.1,2,macneil
4568,16706312,"shabbar taj","2026-08-11 16:35:57",322.7,2,shabbartaj
4569,16658391,"Jack #2","2026-08-17 11:37:36",322.7,2,jack1233
4570,16663459,"Cristian Yeanpaul Palomino Calderon","2026-08-06 04:14:17",322.4,2,dawo0t
4571,16661469,"Qiqi Xie","2026-08-06 20:53:32",322.4,2,qiqixie123
4572,16658725,"syed jawad","2026-08-17 08:49:32",322.1,1,syedjawad663
4573,16735794,宗宗没有英文名,"2026-08-18 06:25:02",321.7,1,iver666
4574,16662066,"Yug Savalia","2026-08-06 19:06:26",321.5,1,"priyankagarg19,yugsavalia"
4575,16683998,"Mahoraga save me","2026-08-07 22:09:22",321.5,2,yqngyv
4576,16654306,Shubham,"2026-08-03 19:09:40",321.5,2,sanjayshubham24
4577,16665114,"Francesco Benincasa","2026-08-05 09:56:52",321.1,2,francescobenincasa
4578,16669756,AlgSaid,"2026-08-05 18:54:07",320.7,1,imabdallah
4579,16635681,"Shubham Phapale","2026-08-09 04:17:07",320.3,2,shubhamphapale
4580,16666553,DevChheda26,"2026-08-05 09:53:22",320.3,1,devchheda26
4581,16690494,StevenBeyen,"2026-08-13 07:55:32",319.9,2,beyensteven
4582,16687151,harshi101,"2026-08-08 06:32:37",319.6,2,harshi101
4583,16725288,mustafasadiqi,"2026-08-15 12:26:35",319.6,1,mustafasadiqi
4584,16676003,franck,"2026-08-06 14:59:55",319.0,2,bakura
4585,16659280,"yahaya zayyan","2026-08-04 10:51:16",318.5,1,yahayazayyan
4586,16660450,"prashant prakash","2026-08-08 09:45:36",318.2,2,prashantprakash28
4587,16659387,dharssshiniii,"2026-08-04 09:48:15",318.2,1,dharssshiniii
4588,16655508,bigsea,"2026-08-04 01:31:58",318.1,2,sakamakihiromi
4589,16676007,"Lao KENAO","2026-08-15 01:15:48",317.6,2,laokenao
4590,16624553,"Abiram Bharathi S.A","2026-08-18 05:13:41",317.5,2,abirambharathisa
4591,16707519,"Pradnya Khanse","2026-08-11 12:52:07",317.2,1,pradnyakhanse
4592,16707228,"Milind Bansal","2026-08-11 11:45:00",317.1,1,milindbansal18
4593,16708480,"Omar M.Moustafa","2026-08-11 18:55:58",316.9,2,omarmmoustafa
4594,16675218,데미안과마루,"2026-08-18 14:16:13",316.8,2,siver3
4595,16689903,wangbohuan,"2026-08-08 09:35:12",316.7,2,wangbohuan
4596,16632145,kazuki_kazukazu,"2026-07-31 14:53:13",316.6,1,kazukikazukazu
4597,16695733,"Imad Zaanine","2026-08-11 02:11:15",316.5,2,imadzaanine
4598,16667684,"Tim Neale","2026-08-06 13:01:12",316.3,1,timothyjneale
4599,16663869,CYBER_TECH99,"2026-08-05 01:40:15",316.3,2,cybertech99
4600,16658489,小出和見,"2026-08-13 23:23:04",315.5,2,kzmk8d
4601,16677517,justnyoike,"2026-08-10 01:12:56",314.9,2,justnyoike
4602,16635610,JeffFosterUK,"2026-08-01 17:16:52",314.7,2,jefffosteruk
4603,16735080,"SARTHAK PATIL","2026-08-18 04:20:35",314.6,1,sarthakpatil23
4604,16730589,山谷知輝,"2026-08-17 03:42:24",314.2,1,tomokiyamaya
4605,16665719,"[Armenia] Narek Petrosyan1","2026-08-05 07:49:34",314.2,1,narekpetrosyan1
4606,16666946,pwxc00,"2026-08-17 21:15:48",314.2,2,alert04
4607,16673369,Frame,"2026-08-06 07:59:47",313.0,1,rainorwang
4608,16738539,"Sharath S","2026-08-18 14:25:50",312.4,1,akicodes
4609,16659001,"Tim Wanjohi","2026-08-12 11:43:16",312.3,2,timwanjohi
4610,16659703,"Ananya #2","2026-08-04 12:00:26",312.1,1,ananyax8
4611,16699790,Aryanpal07,"2026-08-16 12:28:53",312.0,1,aryanpal07
4612,16661231,"R Ajay Kumar12","2026-08-04 14:12:11",312.0,1,rajaykumar12
4613,16678647,"Zorawar Singh","2026-08-06 19:55:53",311.9,2,zorawarsingh677
4614,16658152,MingSUN007,"2026-08-04 13:46:29",311.9,2,mingsun007
4615,16672982,"Enes Aytaç","2026-08-14 12:12:24",311.9,2,enesayta
4616,16658888,NovaBytes,"2026-08-06 07:06:34",311.6,2,"drashtisingh14,kjjkjjk3107"
4617,16687574,"Yash Raghuvanshi","2026-08-07 22:09:38",311.3,2,yashraghuvanshi25
4618,16684875,"Amitrakshar Mukherjee","2026-08-07 13:21:32",311.0,2,amitraksharmukherjee
4619,16667365,"leul dereje","2026-08-08 06:54:54",310.7,2,leuldereje
4620,16649650,"Ashish Barnawal","2026-08-11 04:08:04",310.2,1,klein4
4621,16686316,"Ali mohon","2026-08-07 16:16:43",310.2,2,alimohon
4622,16677788,DorianCo,"2026-08-06 18:10:06",310.1,2,dorianco
4623,16724366,"YASH JAIN","2026-08-18 14:16:44",309.9,2,yashjain911
4624,16657378,doteeee,"2026-08-14 11:43:40",309.1,2,narendra
4625,16664157,"Runjie Zhu","2026-08-10 11:49:13",308.9,1,damiendesolei
4626,16664863,zzzhhcc,"2026-08-13 06:15:42",308.8,2,zzzhhcc
4627,16670090,"Gianpaolo Nettis","2026-08-08 10:01:02",308.8,2,rakes7
4628,16637845,"Hadjmohamd Seif","2026-08-08 21:47:53",308.5,2,hadjmohamdseif
4629,16669411,"Atta Ullah","2026-08-10 13:28:30",308.5,2,attaullahqau
4630,16666512,RexHuang936,"2026-08-07 08:51:41",308.3,2,rexhuang936
4631,16663003,devzohaib,"2026-08-04 21:27:30",308.3,1,devzohaib
4632,16623099,"Bovard Doerschuk-Tiberi","2026-07-30 21:04:23",308.1,1,bovard
4633,16714418,AdriMonFer,"2026-08-17 22:29:23",307.9,2,adrimonfer
4634,16658761,!Aman212,"2026-08-04 12:10:28",307.9,2,aman9142424
4635,16681959,"shun takinami","2026-08-07 05:43:47",307.9,1,shuntakinami
4636,16702430,"ZeLong Leo","2026-08-18 06:06:26",307.6,1,zelongleo
4637,16736198,JetJetGo,"2026-08-18 15:37:44",307.2,2,psykrishna
4638,16690161,"Sudipto Event","2026-08-11 09:25:00",306.7,2,sudiptoevent
4639,16684908,"Nidal Saleh","2026-08-08 14:08:20",306.3,2,nidalsaleh
4640,16667063,"Amiksha S","2026-08-09 15:16:49",306.2,1,amikshas
4641,16655813,minerppdy,"2026-08-04 06:06:58",306.0,1,minerppdy
4642,16654293,"Jatin N. Soni","2026-08-18 09:59:05",305.9,2,jatinsoni111
4643,16672767,"FasterYouChase FasterIRun","2026-08-09 13:15:12",305.8,2,icoguser
4644,16730745,"Aymerou Yaya Koné","2026-08-17 06:21:39",305.7,2,aymerouyayakon
4645,16717447,zhiyue666,"2026-08-14 10:09:51",305.6,1,zhiyue666
4646,16726422,"Praveen Kumar","2026-08-16 13:18:41",305.2,1,pankajrepswal
4647,16645300,szyulian,"2026-08-04 04:42:36",305.2,1,szyulian
4648,16675104,"khwaja Moula'Ali","2026-08-06 11:30:49",305.1,1,khwajamoulaali
4649,16660321,syafanidwina,"2026-08-05 00:41:33",305.0,1,syafanidwina
4650,16644210,"حسنين ساجد","2026-08-07 22:08:44",304.8,2,kutghngf98687er
4651,16703295,Yuting,"2026-08-13 20:42:16",304.6,2,yutinghanuxd
4652,16680789,"Marouane Alahyane","2026-08-15 02:41:18",304.5,2,marouanealahyane
4653,16668032,pat999,"2026-08-08 08:30:58",304.4,2,pat999
4654,16639684,Rubel,"2026-08-05 18:49:11",304.2,2,rubel01
4655,16687891,qklent,"2026-08-09 19:44:12",304.0,1,qklent
4656,16683970,"Zakhar Homyakov","2026-08-07 11:14:41",304.0,2,zakharhomyakov
4657,16658644,"Hitarth Pandey","2026-08-09 03:04:42",303.7,1,hitarthpandey
4658,16728350,fajarnadeem808,"2026-08-16 13:07:59",303.5,2,fajarnadeem808
4659,16708246,StudyForUse01,"2026-08-11 16:58:19",303.1,1,studyforuse01
4660,16716407,"Ibrahim Adamu Anka","2026-08-13 09:01:38",303.1,2,ibrahimadamuanka
4661,16657440,Lz7_129,"2026-08-04 15:26:01",302.7,1,lz7129
4662,16725304,"Alexandru A","2026-08-16 09:42:33",302.7,1,alexandrua01
4663,16732513,Taogege,"2026-08-18 14:49:02",302.3,1,"liyiyiyi6,taogege520"
4664,16686411,NeoCodes.Dev,"2026-08-15 22:31:55",302.0,1,neocodesdev
4665,16632881,"Brisa Marina","2026-08-07 16:13:15",301.9,1,brisamarina
4666,16714263,Lmfm24,"2026-08-12 20:38:01",301.5,2,lmfm24
4667,16685128,"Rohan Hake","2026-08-10 12:48:36",301.0,2,rohanhake
4668,16633483,"benkerrouche abdelbasset","2026-08-07 16:11:50",300.6,1,bassetkerouche
4669,16658700,"szlachetny snieg","2026-08-04 08:48:47",300.5,1,takayukiimoto
4670,16661810,AGNES33,"2026-08-16 19:09:18",300.1,2,agnes33
4671,16663387,Ju,"2026-08-05 23:29:38",299.8,2,juziddd
4672,16723726,"Erika Worrall","2026-08-15 23:09:17",299.7,1,erikaworrall
4673,16701060,"Paula Jimenez","2026-08-12 15:40:46",299.5,2,paulajimenez
4674,16653997,"Alekya Valapushetty","2026-08-05 13:52:08",299.3,2,alekyavalapushetty
4675,16679467,"Ahmed Zedan","2026-08-18 00:28:27",299.3,2,ahmedzedan11
4676,16654853,"Saketh Rao","2026-08-03 21:43:14",298.6,1,sakethrao
4677,16656595,"Sithija Amarathunga","2026-08-04 10:09:50",298.5,2,sithijaamarathunga
4678,16712990,shreyaaaaa9,"2026-08-12 16:17:06",297.0,1,shreyaaaaa9
4679,16719618,Javierrcs,"2026-08-14 13:16:05",296.8,1,javierrcs
4680,16656633,N25H03A1028,"2026-08-05 05:18:45",296.8,1,pardhusadhu
4681,16665614,MesonLabs,"2026-08-11 06:17:27",295.9,1,mesonlabs
4682,16715354,"Alyssa Clark","2026-08-14 02:52:26",295.7,2,a1yssaclark
4683,16663191,"Arnav Anand","2026-08-04 19:53:08",295.5,1,arnavair27
4684,16662105,PunnatatJAY,"2026-08-04 16:22:50",295.4,1,punnatatjay
4685,16662048,"Deekshitha Prabhakar","2026-08-06 18:15:45",294.8,2,deekshithaprabhakar
4686,16701041,"Meet Babariya","2026-08-10 14:21:06",294.5,1,meetbabariya
4687,16672325,Ispagiytiy,"2026-08-06 08:58:30",294.4,2,ispagiytiy
4688,16653941,"Sachin Kumar Kushwaha","2026-08-11 08:45:11",294.4,2,sachinkumarkushwaha
4689,16656485,stunningvn,"2026-08-05 04:47:11",294.3,2,dedquoc
4690,16665701,ManuelWick-Eckl,"2026-08-13 16:07:30",293.7,2,manuelw
4691,16644398,Nurkan123,"2026-08-16 21:20:24",293.5,2,nurkan123
4692,16654256,"KONGARA PRASANTH","2026-08-04 03:40:27",293.4,2,prasanth2008
4693,16695937,Ryckiii,"2026-08-09 13:03:24",293.2,1,ryckiii
4694,16708091,"Dipak Kumar Samanta","2026-08-11 15:17:04",293.2,1,dipak889
4695,16710929,"Pooja Divekar","2026-08-16 08:22:48",293.1,1,poojadivekar123
4696,16712979,"Yusuke Tsukuda","2026-08-12 14:58:39",292.8,1,yusuketsukuda
4697,16661711,"Wild Star217","2026-08-10 18:57:19",292.6,2,wildstar217
4698,16661689,"David Rao","2026-08-04 18:27:01",292.2,1,davidrao63
4699,16689933,"Anjali Shah","2026-08-17 09:30:28",292.1,2,anjalishah0306
4700,16623528,"Faijur Rahaman","2026-07-31 03:43:56",292.0,2,faijurrahaman
4701,16662039,"Ajat Rosadi","2026-08-04 16:58:10",291.9,2,ajatrosadi
4702,16714166,"Naman Malik","2026-08-13 04:20:37",291.9,1,namanmalik81714
4703,16668024,"Igor Burkov","2026-08-07 04:35:37",291.9,2,igorburkov
4704,16654067,DataForge,"2026-08-05 10:19:25",291.8,2,"chanduchandini,goriparthiramatulasi,srilakshmipanitini,suryachakradhar"
4705,16659572,"ABHILASH PRAHARAJ","2026-08-04 11:24:21",291.7,1,abhilashpraharaj
4706,16670506,"Juan Andres Bravo Mejia","2026-08-05 21:40:17",291.4,1,juanandresbravomejia
4707,16698886,pied_piper,"2026-08-10 14:11:15",291.4,2,ahanhalder
4708,16707941,ニイエチカイン,"2026-08-14 15:28:42",290.7,2,j4ck99
4709,16659374,"[Deleted] 8f7327b9-2576-439b-bd6e-3f5fde366ebe","2026-08-04 10:12:44",290.0,1,del=8b215115eb53cbc1
4710,16656900,Hxrsh09,"2026-08-10 14:39:46",289.6,2,hxrsh09
4711,16687620,Goktug1,"2026-08-11 19:23:39",288.8,2,goktug1
4712,16662603,"Shem Gikunda","2026-08-06 17:24:48",288.4,1,shemgikunda
4713,16659451,anero98,"2026-08-11 14:48:33",288.1,2,anero98
4714,16716386,"Dev Marya","2026-08-13 09:26:18",288.1,1,devmarya
4715,16730462,"Xiang Tang","2026-08-18 12:41:24",287.5,2,flyonthewater
4716,16691322,"Anita rai98765","2026-08-16 19:05:43",287.2,2,anitarai98765
4717,16621290,"Muhammad Ahsan","2026-07-30 17:35:00",286.8,2,ahsanneural
4718,16655159,"Marcel Relaford","2026-08-13 01:26:26",286.5,1,marcelrelaford
4719,16654314,Mahamudul_Hassan_8012,"2026-08-03 18:33:07",285.9,2,mahamudulhassan8012
4720,16690567,"Falih Kaleel","2026-08-17 20:55:41",285.8,2,alphajet185
4721,16683428,"Darsh Jilka","2026-08-15 18:38:59",285.8,1,darshjilka
4722,16696266,"Pandarasamy Arjunan (Samy)","2026-08-09 14:16:03",285.3,1,samy101
4723,16659900,"Abu Bakr","2026-08-04 18:30:29",285.3,2,mohamed32010
4724,16656692,"kinza aftab 714","2026-08-04 05:43:51",285.2,2,kinzaaftab714
4725,16690286,imunderthetree,"2026-08-08 12:25:51",285.0,2,imunderthetree
4726,16684891,SARTHAK,"2026-08-14 19:07:26",284.9,1,s4rth4k01
4727,16623533,xthixsl_ml,"2026-08-18 04:17:18",284.7,2,xthistle999
4728,16718890,"Andy Symonds","2026-08-13 22:04:40",284.6,1,andyivanhoe
4729,16658299,"Kingki19 / Muhammad Rizqi","2026-08-16 01:17:14",284.4,2,kingki19
4730,16622376,fmind,"2026-08-16 10:29:17",284.4,2,freaxmind
4731,16658693,leehuilong,"2026-08-06 12:49:22",284.3,2,leehuilong
4732,16627717,da_pond,"2026-07-31 08:33:57",284.2,1,dapond
4733,16679904,"Joshua Bensemann","2026-08-16 01:29:23",283.5,1,qazcat
4734,16668506,"Louie Tang","2026-08-08 06:56:52",283.5,2,louietang
4735,16623846,"masatoshi hiraki","2026-07-31 07:52:39",283.1,2,masatoshihiraki
4736,16655786,leavts,"2026-08-04 02:35:50",282.6,1,leavts
4737,16658567,"Sharif Mohamed (1)","2026-08-04 13:16:47",282.5,1,sharifmohamed1
4738,16700832,Blitz,"2026-08-10 11:37:18",282.4,1,premshinde
4739,16655292,"Ingrid Fellah","2026-08-04 06:31:35",281.9,2,ingvor
4740,16732507,iwashhh,"2026-08-17 21:44:18",281.8,2,yuinokogawa
4741,16686789,Hay-gent,"2026-08-18 19:00:36",281.6,2,"alagusuriyas,gayathrisrimai"
4742,16621243,"Jesse Bullard","2026-07-31 21:20:21",281.5,1,jessebullard
4743,16671985,"vishal waghchaure","2026-08-07 09:25:36",280.9,2,vishalwaghchaure
4744,16710459,Nironiro,"2026-08-15 01:09:22",280.2,2,nironiro
4745,16662712,"Roman Stupin","2026-08-18 11:00:41",280.2,1,rcnegby
4746,16632795,"vishwottam kudekar","2026-08-05 18:19:02",280.1,1,vishwottamkudekar
4747,16660930,"Chung Ching Yeh","2026-08-04 14:44:34",279.9,2,chungchingyeh
4748,16655682,"Azamat Sadikov","2026-08-04 03:25:41",279.3,1,azamatsadikov
4749,16706192,rustlers42,"2026-08-17 19:24:10",278.5,1,"lkshrsch,powerofcreation"
4750,16666574,"hrishit prakash","2026-08-05 13:26:37",277.6,2,hrishitprakash
4751,16682051,"Noorjahan Siddiqui","2026-08-10 09:33:35",276.7,2,noorjahansiddiqui
4752,16684535,Moonlight,"2026-08-14 15:53:31",276.4,2,rajesh1joc
4753,16691583,Caleb,"2026-08-09 14:32:52",275.6,2,collev
4754,16733910,davidsmith42,"2026-08-17 21:00:38",275.3,2,ananthvydianath42
4755,16689364,"Udbhav Purwar","2026-08-11 10:12:00",275.1,1,udbhavpurwar
4756,16653319,"Md. Rasel Meya","2026-08-06 14:42:18",275.0,2,raselmeya
4757,16623274,Mhmda81,"2026-08-03 00:10:04",274.6,2,mhmda81
4758,16660309,"Hazem Mahmoud Elsayd","2026-08-04 16:34:31",273.0,2,hazemmahmoudelsaid
4759,16729874,"Shane Schisler","2026-08-17 18:10:06",272.9,1,seschis
4760,16666383,"Sindhi Vishal","2026-08-14 10:46:32",272.7,2,sindhivishal
4761,16635098,"Charvi Upreti","2026-08-15 05:43:59",272.1,1,charviupreti
4762,16650930,"Govind Sharma","2026-08-11 10:11:39",271.8,2,govindsarswat
4763,16667691,alexanderctrl,"2026-08-18 10:10:51",271.3,2,alexanderctrl
4764,16639465,"Gabriel Aguiar Leao","2026-08-02 00:23:49",270.7,1,"gabrielaguiarleao,marcositta"
4765,16641331,ushi,"2026-08-05 13:33:18",270.6,1,yuki508
4766,16675956,"Hassan Alghamoudi","2026-08-10 02:36:36",270.6,2,hassanabdulhafid
4767,16659283,"DILEEP POTHULA","2026-08-08 06:43:15",270.2,2,dileeppothula
4768,16639692,"Nirmal Patel","2026-08-06 03:05:27",269.8,2,nirmalpatel02
4769,16652159,Boson328,"2026-08-04 10:06:13",269.5,1,boson328
4770,16674093,"Hoàng Trần Đặng Minh","2026-08-06 08:54:38",269.5,1,hongtrnngminh
4771,16638998,"khalid harouach","2026-08-18 16:01:11",269.1,2,khalidharouach
4772,16700876,"Oyegoke Emmanuel","2026-08-16 18:08:40",268.7,1,oyegokeemmanuel
4773,16723467,"Vladas Verkelis","2026-08-15 14:23:42",267.6,1,vlaveris
4774,16676084,"Abir Majdi","2026-08-12 15:56:56",267.3,1,abirmajdi
4775,16675428,"Farhan Khairullah","2026-08-09 16:22:00",267.2,2,farhankhairullah06
4776,16623131,"Liam Carrig Newsam","2026-08-04 00:00:03",266.9,1,liamcarrignewsam
4777,16654290,"Srinivasa Ranga","2026-08-17 05:19:41",266.9,1,srinivasaranga
4778,16728152,"Kenji Tai","2026-08-16 18:27:33",266.8,2,kenjitai
4779,16661846,"Jeffrey Pike","2026-08-08 04:07:47",266.5,2,jeffreypikeai
4780,16690500,Mr.NoT_GaMeR,"2026-08-08 12:06:18",265.9,2,joshdilipkumarpatel
4781,16672284,"Dhruv | AI/ML Engineer in Progress","2026-08-07 06:55:13",264.5,1,dhruvdipakchudasama
4782,16674612,"Muhammad Dhiaz Rafilianza","2026-08-13 13:26:46",264.3,1,dhiazr
4783,16698399,liuzhangzhen,"2026-08-10 09:49:23",263.2,1,liuzhangzhen
4784,16698164,"Ruizhang Zhi","2026-08-10 00:54:03",263.0,1,ruizhangzhi
4785,16664315,happy_boy_2007,"2026-08-12 09:04:40",262.7,1,happyboy2007
4786,16658577,farmercode261,"2026-08-18 04:11:58",262.0,2,hifnikhakim
4787,16663333,"Iago Moura e Moreira","2026-08-04 20:05:06",261.1,1,iagomouraemoreira
4788,16653462,"Ruchi Scott","2026-08-12 12:19:19",260.6,2,ruchiscott
4789,16665463,Seendon,"2026-08-06 19:19:25",260.1,2,informationminer
4790,16702060,Mcusac,"2026-08-13 19:42:54",259.7,1,mcusac
4791,16724325,Melancholian,"2026-08-15 06:43:12",259.7,1,kasaneru
4792,16677577,"Harsha Vardhan Konisa","2026-08-14 19:36:01",259.1,1,harshavardhankonisa
4793,16671342,"Danh Nguyen 1303","2026-08-09 14:47:52",259.1,1,danhnguyen1303
4794,16725537,"Ayan Bashir Sheikh","2026-08-15 18:02:07",259.0,2,ayanbashirsheikh
4795,16666027,CropBOTS,"2026-08-13 16:12:42",258.3,2,"anshultickoo,itsmepooja,manuakumar,sapnajain115"
4796,16681610,"team maccy","2026-08-07 20:27:06",258.3,1,robertgama
4797,16660291,"Abhijit Rajkumar","2026-08-04 13:27:44",258.3,2,abhijitrajkumar
4798,16625615,"Mobeen Fatima","2026-08-18 11:13:55",258.2,2,mobeenfatimah
4799,16658311,zkskhurram,"2026-08-05 07:59:40",257.1,2,zkskhurram
4800,16688190,"Win M","2026-08-08 00:28:18",256.9,1,winmet
4801,16687337,"sravani kamjula","2026-08-07 19:38:39",256.9,2,sravanikamjula
4802,16659696,"Lakshyaraj Singh Rathore","2026-08-16 17:44:58",256.5,1,lakshyarajrtm
4803,16651507,jappanini,"2026-08-03 09:14:04",256.1,1,jappanini
4804,16656287,sandip_shaw123,"2026-08-05 10:02:07",256.1,1,sandipshaw123
4805,16682262,"Pardeep Singh","2026-08-09 09:06:29",255.9,1,pardeep06
4806,16660749,"PavanK Saketh","2026-08-04 13:38:48",254.9,2,pavanksaketh
4807,16728249,"Ahmet Kiraz","2026-08-17 07:23:30",254.6,1,ahmetqiraz
4808,16717586,wangjialu2333,"2026-08-15 09:29:36",253.9,1,wangjialu2333
4809,16666037,"Matheus Marques","2026-08-06 06:03:28",253.7,2,mathmarquesbr
4810,16660990,"Bunny Tang","2026-08-04 13:52:24",253.6,2,tanghung64
4811,16687514,Dark_1926,"2026-08-07 20:30:33",253.3,1,dark1926
4812,16633342,farm75,"2026-08-03 14:03:14",253.2,2,sakthi75
4813,16697628,"Yash Sharma","2026-08-17 15:33:32",253.1,2,yashsharma42
4814,16657525,"Alae Lakhdar","2026-08-05 08:10:49",252.6,1,alaelakhdar
4815,16716476,lnssan,"2026-08-13 11:32:48",252.5,2,lukanilssandmayr
4816,16636540,"Burkova Nastia","2026-08-01 13:34:02",252.4,2,"burkovanastia,ellvalerie"
4817,16659910,"Shraddha Kumbhar","2026-08-07 09:55:58",252.3,2,raj113
4818,16693318,meow3301,"2026-08-09 02:33:34",251.5,2,meow3301
4819,16656515,"Rushal Manandhar","2026-08-06 04:15:01",250.9,1,rushalmanandhar
4820,16654827,"ADITYA KUMAR MISHRA","2026-08-03 20:07:22",250.8,1,aditya1kumarmishra
4821,16684237,Zen_0910,"2026-08-07 17:07:02",250.6,1,zendeptrai
4822,16713896,"Quantum Fusion","2026-08-14 12:12:34",250.5,1,gugurobotics
4823,16677328,"Eng. Husnain","2026-08-08 13:13:23",250.1,2,enghusnain
4824,16657628,Hamo,"2026-08-07 12:00:21",249.6,2,mohamed2223
4825,16663438,"Varun Prajapati","2026-08-08 21:54:54",249.5,2,"krunalasari,varun2206"
4826,16732409,kawhi0.0,"2026-08-18 17:53:51",249.2,1,kawhi00
4827,16709957,"Lei Gao","2026-08-12 04:03:42",249.0,1,leigao31
4828,16699488,"Kelvin Lai","2026-08-17 00:36:13",248.7,2,kelvin84hk
4829,16668379,dccgps,"2026-08-08 05:44:36",248.7,1,dccgps
4830,16661252,"Andrzej Walczak","2026-08-05 09:46:19",248.6,2,andrzej1983
4831,16654244,"Saad Nanawala","2026-08-03 18:17:33",248.5,1,saadnanawala
4832,16729225,"Aayush Sigdel","2026-08-18 15:27:14",248.0,1,aayushsigdel
4833,16656771,"thushara bandara","2026-08-07 04:13:43",247.6,2,dushyanthibandara
4834,16679713,"John william Vicente 🇧🇷","2026-08-07 00:38:57",247.3,1,chrollo079
4835,16711840,OverfitMilkCake,"2026-08-13 06:36:21",247.1,1,overfitmilkcake
4836,16666414,salyamq,"2026-08-05 16:41:38",246.6,1,salyamq
4837,16667968,ChronosData,"2026-08-18 14:25:43",246.4,2,codex5843
4838,16668211,"Alejandro Hernández Mairal","2026-08-11 16:35:32",245.8,1,alherma7
4839,16667550,"Oseni Sakariyau Oluwadamilare ","2026-08-16 23:34:18",245.4,2,sakabambam
4840,16656023,JD_Mello,"2026-08-18 03:18:04",245.1,2,jdmello
4841,16669060,Twansss,"2026-08-15 04:37:59",244.8,2,twansss
4842,16668438,"Sahil Suman","2026-08-16 17:09:20",244.3,1,sahilmanavraunak
4843,16658401,"Aryan Lonare","2026-08-04 09:55:47",244.1,2,aryandyalullonare
4844,16685568,Secertive,"2026-08-08 17:59:52",243.7,1,secretiveplotter1863
4845,16664116,"Bogdan Sburlea","2026-08-18 00:01:03",243.1,2,bogdan1405
4846,16672333,"Giovanny Rodríguez","2026-08-14 23:58:48",241.6,2,giovannyrodrguez
4847,16732342,"Viktor Antonov","2026-08-18 10:22:32",240.5,1,viktorantonov
4848,16653906,swaroop41,"2026-08-04 05:53:29",240.3,2,swaroop41
4849,16632724,"Sayan Dutta","2026-08-04 07:47:42",239.4,1,sayan1507
4850,16713002,"Adithya M","2026-08-13 15:42:17",239.3,2,adithya3907
4851,16677081,"Brandon Gaston","2026-08-12 23:49:58",239.1,1,mushmon
4852,16658969,"Yuri Maslov","2026-08-04 10:11:45",238.7,1,yurimaslov
4853,16663910,"Shivram Nekkanti","2026-08-07 14:38:04",238.5,1,shivramnekkanti
4854,16715791,CustardApple47,"2026-08-14 12:48:02",238.4,1,custardapple47
4855,16669473,"William Bickelmann","2026-08-05 17:47:13",237.5,1,williambickelmann
4856,16722089,"Saidjon Ramazonov","2026-08-16 05:51:50",237.4,2,saidjonramazonov
4857,16658522,"Amna khanii23","2026-08-07 05:15:47",237.3,2,amnakhanii23
4858,16658635,"Deepak Kumar ","2026-08-05 02:38:29",237.2,2,deepak2026ml
4859,16670777,"Aman Yitbark","2026-08-13 05:43:27",237.0,1,amanyitbark
4860,16670747,"Aryan Kumar Chaudhary","2026-08-11 22:46:05",236.9,2,"aryankumarchaudhary,rakshitmundra"
4861,16739167,Yeyuqing0913,"2026-08-18 17:52:32",236.3,1,yeyuqing0913
4862,16657892,"Boonanan namna","2026-08-17 04:36:04",235.7,1,boonanannamna
4863,16730380,"FOKRUL ISLAM LECTURER","2026-08-18 01:53:47",235.1,2,fokrulislamlecturer
4864,16654482,SarahShams,"2026-08-14 16:36:06",234.9,2,sarahshams
4865,16667886,"Ubaid ur rehman 0345","2026-08-05 15:23:12",233.7,2,ubaidurrehman0345
4866,16663913,"Aanaa Kaliil","2026-08-05 15:15:31",233.4,2,aanaakaliil
4867,16656164,"Justin Schomer","2026-08-09 09:05:59",232.8,2,fathersecurity
4868,16635248,eosphor,"2026-08-01 09:46:59",231.9,2,eosphor
4869,16692652,"Harsith R","2026-08-08 20:26:56",231.8,1,chiefofpredicitions
4870,16729148,"Marco M","2026-08-16 22:51:36",231.7,1,marcoms1000
4871,16667238,"Srija ganguluri","2026-08-07 10:14:48",231.5,1,srijaganguluri
4872,16630725,"vaibhav vyas","2026-08-06 10:56:52",231.5,2,vaibhavvyas0
4873,16633240,Igor,"2026-08-17 16:25:37",231.4,2,igor14497
4874,16660285,"Sawan Kohli","2026-08-06 13:11:44",230.7,2,sawankohli
4875,16707062,"G DOLANARASIMHA","2026-08-11 12:18:02",230.5,2,gdolanarasimha
4876,16666719,helenkwok,"2026-08-06 14:55:20",230.4,1,helenkwok
4877,16736759,"Lavesh Kadam","2026-08-18 10:55:05",230.4,1,laveshk314
4878,16712395,"Zuohong Pan","2026-08-12 12:15:40",229.7,1,pshuaibi
4879,16712562,"Sagar Singh","2026-08-17 09:28:26",229.4,2,acrejzz
4880,16732104,sizumita,"2026-08-18 16:52:13",229.3,2,sizumita
4881,16728863,Irabala,"2026-08-18 15:26:19",229.0,2,irabala1
4882,16644360,Mathous,"2026-08-02 20:28:00",228.6,1,mathisdac
4883,16655482,Apoorv007,"2026-08-04 01:55:41",228.4,1,apoorv007
4884,16690112,"Ayush Tripathi","2026-08-17 09:03:03",228.1,2,ayushtripathi112
4885,16730236,ZihaoKuang,"2026-08-18 17:24:27",228.0,2,zihaokang
4886,16692568,"Muhammed Gulfam Toor","2026-08-13 19:04:32",227.2,2,gultoor
4887,16662083,ihabkaggle,"2026-08-07 00:42:33",226.7,2,ihabkaggle
4888,16668048,"Gazi Sayem Uddin Samir","2026-08-05 14:29:51",225.0,2,gazisayemuddinsamir
4889,16681895,Akshar,"2026-08-07 06:16:19",225.0,2,aks0625
4890,16633003,"K Mukhiya ","2026-08-01 12:09:51",224.9,2,kmukhiya
4891,16659036,"Mohammed Kaif","2026-08-04 10:41:22",224.7,2,mkaif001
4892,16663945,anyasri,"2026-08-18 03:52:31",224.6,2,anyasri
4893,16657344,"Ombayo fredrick","2026-08-04 14:04:04",224.2,2,ombayofredrick
4894,16690433,"Amar Amar Gupta","2026-08-15 10:08:37",224.2,2,amaramargupta
4895,16624973,"Mrunmayee Kulkarni","2026-07-31 06:16:46",224.1,1,kulmrun
4896,16734431,"Maxwell Herron","2026-08-18 14:31:15",223.9,2,maxwellherron
4897,16662108,nhkien,"2026-08-05 06:52:18",223.8,2,nhkien
4898,16682689,HenryRichardson1,"2026-08-07 10:00:12",223.8,1,henryrichardson1
4899,16662662,"Joaquim Jose1","2026-08-04 17:57:03",223.5,1,joaquimjose1
4900,16719742,"Varun Dave","2026-08-18 09:07:28",223.1,2,varundave95
4901,16690195,"Manshi Shukla","2026-08-08 10:12:24",223.1,2,manshishukla
4902,16699578,kakanekoka,"2026-08-12 13:35:37",222.9,1,kakanekoka
4903,16632418,"Bretokce 3amich","2026-08-07 12:18:26",222.6,2,bretokce3amich
4904,16668018,"DAVID CHEW HL","2026-08-06 06:36:34",222.1,2,davidchewhl
4905,16629426,"Abdullah Qureshi","2026-07-31 10:00:44",221.5,2,abdullahqureshi120
4906,16683903,Saju,"2026-08-17 11:31:45",221.5,1,sajutr
4907,16661500,"yagnit sutariya","2026-08-04 15:34:39",221.5,1,yagnitsutariya
4908,16679470,"GamaL Mahmoud","2026-08-08 13:33:52",221.2,2,gamalmahmoudtaha
4909,16670462,"Talha Kayar","2026-08-15 15:24:03",221.1,2,talhakayar
4910,16662714,"Amilcar Rodriguez","2026-08-08 21:14:02",220.9,2,amilcarskt
4911,16680858,"Harshul Gupta","2026-08-10 23:16:29",220.9,2,harshulgupta77
4912,16630041,"Devi prashad tripathi","2026-08-03 17:56:58",220.3,1,deviprashadtripathi
4913,16683577,"Ankush Kumar M","2026-08-07 13:19:05",220.0,2,ankushkumarm
4914,16675739,"Jithendra Maddala","2026-08-17 17:45:56",219.9,2,jithendramaddala
4915,16656278,"Bhuvaneshwari Rebba","2026-08-04 09:20:36",219.7,1,bhuvaneshwarirebba
4916,16662630,"M.mohamed Muhasir","2026-08-05 18:25:39",219.6,2,mmohamedmuhasir
4917,16706557,"Nurullah Gundogdu","2026-08-11 17:52:07",219.4,2,nurullahgundogdu
4918,16660146,4Solver,"2026-08-08 02:06:19",218.5,2,msfbiolinhares
4919,16686834,Kaabbil,"2026-08-09 16:14:49",218.5,2,"dr3aking,kaabbil"
4920,16726547,"Ezra Kho","2026-08-16 00:09:25",217.7,1,ezrakho
4921,16657462,"CROP CODERS","2026-08-10 18:00:28",217.6,2,"dhanvanthraj,raghavan9944,shanmugam666,sitha2345,sumaiyahibrahim"
4922,16662557,"Naman Sudershan","2026-08-05 13:21:08",217.5,2,namansudershan
4923,16663448,"Adel I.","2026-08-07 12:55:44",217.2,2,adelid
4924,16662023,"Vikas Kumar","2026-08-06 17:08:52",216.4,2,vikshit104
4925,16688288,"Ojo Oluwadamilare","2026-08-08 01:43:30",216.4,2,ojooluwadamilare
4926,16662099,"The Algorithmist","2026-08-04 23:41:59",216.3,2,riyagheewala
4927,16713329,qrcodeTH,"2026-08-13 08:22:40",215.7,2,thanaphumsaywonin
4928,16666706,baijiachang,"2026-08-05 11:04:21",215.5,1,baijiachang
4929,16657306,"Krunal Chavda","2026-08-07 21:38:11",214.2,2,krunalchavda21
4930,16659062,"MOHAMMAD SUBHAN PASHA","2026-08-17 07:14:09",213.9,1,mohammadsubhanpasha
4931,16667231,bettsy,"2026-08-05 12:12:35",213.8,2,bettsy
4932,16698307,AnasAl7,"2026-08-10 13:08:08",212.4,2,anasal7
4933,16659271,Hamish,"2026-08-12 12:48:51",212.3,2,hamishdickson
4934,16729010,"karan sankhe","2026-08-16 15:15:45",212.2,2,karansankhe1356
4935,16660270,Ziel_Lux,"2026-08-12 03:43:29",212.1,2,nahbilafaith
4936,16663265,"Darlington Ayakazi","2026-08-04 20:26:08",212.0,1,darlingtonayakazi
4937,16680419,"Tech Changer","2026-08-17 12:31:58",211.9,1,johnbibin
4938,16725135,"clement cg","2026-08-18 16:40:11",211.7,2,clementcg
4939,16662803,"Ashish Gawade","2026-08-04 19:11:19",210.8,2,ashishgawade
4940,16695951,"Gleb Makarenko","2026-08-09 18:21:25",210.4,2,gleny48
4941,16674390,yangluo1,"2026-08-08 01:31:08",210.2,2,yangluo1
4942,16664586,"Owen Lim","2026-08-05 05:42:25",210.1,2,owenlim45
4943,16664875,SaiSujitPunukollu,"2026-08-05 05:46:11",209.6,1,saisujitpunukollu
4944,16668495,Herisitraka,"2026-08-05 17:16:28",209.3,2,herisitraka
4945,16662749,Jordan,"2026-08-10 04:09:38",208.9,2,extergeist
4946,16660342,"Adapa Gopireddy","2026-08-04 12:49:43",208.0,1,adapagopireddy
4947,16661969,"Raja T","2026-08-16 14:46:07",207.5,2,rajathiagaraj
4948,16657227,"Anusha Marla","2026-08-04 07:05:53",207.2,2,anushamarla
4949,16665223,"Sawon Mitra","2026-08-07 11:11:17",207.0,2,sawonmitra
4950,16629441,Sofia_Gilka,"2026-08-01 07:45:58",207.0,2,sofiagilka
4951,16664458,"Prantik Chandra","2026-08-05 05:47:10",206.5,1,prantikchandra
4952,16724995,dice1494,"2026-08-16 08:51:34",206.3,1,dice1494
4953,16660978,"Maksym Khavil","2026-08-04 13:43:48",206.0,1,maksymkhavil
4954,16662269,"KAMLESH KUMAR POKHARNA","2026-08-06 17:25:51",205.7,2,kamleshkumarpokharna
4955,16719809,"Milanto FR","2026-08-14 05:37:48",205.0,2,milantofr
4956,16733961,"Julia Fredo","2026-08-18 01:01:29",205.0,2,juliafredo
4957,16701106,moshito,"2026-08-10 14:13:58",204.4,2,"danamaulana123,moshito,naufaldhiaulhaq01"
4958,16705490,"KASTHURI DEVI M","2026-08-13 10:42:42",204.4,2,kasthuridevim
4959,16691502,"DILANE FOGUE KAMGA","2026-08-08 15:20:05",204.3,1,dilanekamga
4960,16697339,"Muhammad Safwan Ahmad Saffi","2026-08-15 00:28:21",203.7,2,safwanahmadsaffi
4961,16669142,"Jaclyn Agee","2026-08-07 15:21:06",203.7,2,jaclynagee
4962,16661447,"Sibel Özbek","2026-08-04 20:50:27",203.5,1,sibelzbek
4963,16655169,Musliadi,"2026-08-14 15:57:58",203.0,1,timscientia
4964,16670674,"Foodle Jang","2026-08-18 01:11:50",202.9,2,foodlejang
4965,16685093,"Huzaifa Inam","2026-08-07 13:47:15",202.6,2,huzaifainam
4966,16632111,"Arda Çiftçi","2026-08-04 20:03:37",202.6,2,ardaciftci
4967,16733932,"Jasper Turnidge","2026-08-17 19:32:36",201.8,1,jasperturnidge
4968,16671232,"sms tcil","2026-08-07 13:03:30",201.8,1,smstcil
4969,16658440,"Gloria Lourelynn S","2026-08-04 15:16:09",201.8,1,glorialourelynn
4970,16656210,"Sanjay Suthraye","2026-08-04 14:55:13",201.0,2,sanjaysuthraye96
4971,16657486,"Turhan TAS","2026-08-10 09:21:40",200.8,1,turhantas
4972,16677403,bababoy,"2026-08-15 14:55:17",200.1,2,adrienrenard
4973,16633466,"Aarush pandey","2026-08-02 19:49:05",199.9,2,aarushpandey
4974,16670662,"Gina Lee","2026-08-11 22:45:21",199.8,2,ginaleegdm
4975,16718139,"shah jatin","2026-08-17 18:32:31",199.0,2,shahjatin
4976,16656954,"Marwan Elmetwally","2026-08-04 05:56:29",198.2,2,marwanelmetwally
4977,16622943,"Erwin Huizenga","2026-08-17 17:40:30",197.7,2,erwinh
4978,16658189,"Zale John","2026-08-17 22:41:46",197.7,2,zalejohn
4979,16730086,HanaGhanem,"2026-08-16 23:44:56",197.3,1,hanaghanem
4980,16712568,"Tanvi Dobariya","2026-08-14 17:39:52",197.3,1,tanvidobariya
4981,16634761,"CHARHBILI Moad","2026-08-07 13:44:23",197.2,1,charhbilimoad
4982,16625029,Hilarus,"2026-08-01 15:59:02",196.9,2,hilagbag
4983,16655573,"Probablyaphilosopher ","2026-08-16 00:01:40",195.8,2,probablyaphilosopher
4984,16697466,"hunain shahid","2026-08-11 06:12:38",195.8,2,hunainshahid230
4985,16640600,"Giord Frank","2026-08-11 12:29:59",194.5,1,tangerinedog
4986,16705360,Elahi,"2026-08-18 05:49:00",194.4,2,mmelahi
4987,16662859,"Mohamed Zahran","2026-08-05 04:41:56",194.2,1,zrnking2012
4988,16647390,"guoqin gu","2026-08-11 08:54:59",193.0,1,guoqingu
4989,16732478,Ken_Ken_Pa,"2026-08-18 12:38:50",192.9,1,kenkenpa
4990,16657578,raushancoursework,"2026-08-05 06:54:51",192.1,1,raushancoursework
4991,16721849,ayushai8714,"2026-08-14 22:47:21",192.0,2,ayushai8714
4992,16715404,"karthik reddy","2026-08-15 02:58:32",191.8,2,karthikreddyp
4993,16659929,"MAMADOU LY (LY BOUSSO 45)","2026-08-13 11:43:25",191.7,2,mamadoulylybousso45
4994,16701997,zran1t,"2026-08-15 14:10:18",190.9,2,zran1t
4995,16658362,MHaurel,"2026-08-09 15:32:45",190.7,1,hetax17
4996,16676026,"Bedashree Swarupa Das","2026-08-06 14:14:21",189.5,1,ashokkumardasbedashr
4997,16654124,"Aditya Kumar Singh","2026-08-05 09:57:29",189.3,2,adityq121608
4998,16671827,"Shourya Gupta","2026-08-15 14:51:19",189.0,2,siriuspotter
4999,16691729,"ADOLF FAUSTINE","2026-08-18 02:42:39",188.7,2,adolffaustine
5000,16680165,"Radwa ALkalifa","2026-08-18 11:37:34",188.7,2,radwahamada
5001,16714589,xinsu9898,"2026-08-16 22:26:49",188.5,1,xinsu9898
5002,16662809,"Chukwu Excellent","2026-08-08 22:06:34",188.4,2,chukwuexcellent
5003,16735539,"Joe Muller","2026-08-18 05:52:22",187.9,1,joemuller
5004,16713435,"Visruti Patidar","2026-08-16 11:18:23",187.2,2,visrutipatidar
5005,16674774,"Dine ALASSANE","2026-08-07 05:53:28",187.0,2,dinealassane
5006,16663334,"sameer mughal","2026-08-16 07:34:37",185.6,1,sameermughal109
5007,16672322,"khalil ur Rehman","2026-08-13 05:10:03",184.9,2,khalilurehman
5008,16659871,"Abel Kpoton","2026-08-04 20:41:20",184.2,2,abelkpoton
5009,16656235,"Zain Ul Abideen Samo","2026-08-06 15:22:02",184.1,2,zainulabideensamo
5010,16653934,"Ayomide Abdulrahmon","2026-08-03 19:22:32",182.7,2,ayomideabdulrahmon
5011,16690499,SuperAI@2615,"2026-08-11 16:42:48",182.4,2,superai2615
5012,16659840,"Dasari Giri Gabrelu","2026-08-05 13:41:11",182.2,2,giridasari
5013,16623660,"Taylor S. Amarel","2026-07-31 23:36:48",182.0,1,taylorsamarel
5014,16709918,GUI666,"2026-08-12 13:16:39",181.7,2,gui666
5015,16690188,Anurag,"2026-08-08 10:20:42",181.6,2,kumaranu2007
5016,16632119,nickyl,"2026-08-18 15:41:50",180.9,2,nickyjliang
5017,16654363,"NIKHIL YADAV","2026-08-17 21:20:32",180.6,2,nikhilyadav232223
5018,16715896,新木,"2026-08-18 05:25:46",180.5,1,sunchief
5019,16654559,"Kerem Ali AVCIOĞLU","2026-08-03 19:28:49",179.9,2,keremaliavciolu
5020,16641277,Zenieverse,"2026-08-18 03:50:06",179.1,2,zenieverse
5021,16656815,"Atharva S. Naladkar","2026-08-06 06:46:40",178.8,2,atharvasnaladkar
5022,16683220,Kongali,"2026-08-10 01:24:37",178.7,2,kongali
5023,16736985,Colt,"2026-08-18 15:26:32",178.6,1,nht1990
5024,16690199,"Lavkush Yadav","2026-08-08 10:20:55",177.5,1,lavkushyadavcse
5025,16666072,Abinash,"2026-08-05 15:07:52",176.4,2,abinashsinha1726
5026,16660340,"pawan sondhiya","2026-08-07 06:22:38",175.9,2,pawansondhiya
5027,16656240,"SACHIN KUMAR","2026-08-10 03:13:24",175.4,2,sackm123
5028,16663352,"Avnish Sharma","2026-08-17 10:42:13",175.0,2,kewlaz
5029,16662230,"Angus Mc Gregor","2026-08-13 21:25:46",174.8,2,angusmcgregor
5030,16681056,"Aryan Jhingan","2026-08-11 18:53:48",173.6,2,aryanjhingan
5031,16662142,"Adnan Khan","2026-08-18 14:55:48",172.9,2,iamadnankhan313
5032,16674328,daniel,"2026-08-06 09:34:23",172.7,1,dkamgamegasoft
5033,16679979,Pranav6657,"2026-08-07 02:40:48",170.9,1,pranav6657
5034,16623953,"Denuwan Wijesinghe","2026-08-01 07:57:04",170.6,2,denuwanwijesinghe
5035,16670547,"Maduako Prince","2026-08-05 22:53:03",170.5,2,maduakoprince
5036,16716402,"Shashvat Singham","2026-08-13 10:56:39",170.5,1,shashvatsingham
5037,16721941,"Rita Ohabuenyi","2026-08-14 12:57:37",170.5,2,ritaohabuenyi
5038,16731678,ShadowT_T,"2026-08-18 14:32:40",170.2,2,shadowtt
5039,16621770,"Rudraksh Zodage","2026-07-30 20:07:49",170.1,2,rudrakshzodage
5040,16659097,noril09,"2026-08-04 11:56:35",169.2,2,noril09
5041,16717679,mureee,"2026-08-18 04:43:39",169.1,1,"hosyan3279,mureee54"
5042,16656643,"Willetta Dettore","2026-08-05 15:33:52",167.5,2,willettadettore
5043,16661331,"John Wessel","2026-08-18 18:45:28",166.2,2,johnwessel
5044,16657561,Roshdibenrojo83,"2026-08-04 07:19:05",166.0,2,roshdibenrojo83
5045,16725070,"Mehak Iftikhar","2026-08-15 13:21:30",166.0,2,mehakiftikhar
5046,16676992,NIDHIHEER01,"2026-08-16 17:09:00",165.9,1,nidhiheer01
5047,16659308,Attaerabi,"2026-08-05 07:52:52",165.3,2,attaerabi
5048,16662295,"benja cooper","2026-08-04 17:41:28",165.1,2,benjacooper
5049,16655368,"Mohammed Maqsood L","2026-08-18 18:42:38",164.3,2,mohammedmaqsoodl
5050,16662334,"Andres Beltran","2026-08-04 22:58:11",164.0,2,andresbeltran05
5051,16707146,kaganou,"2026-08-11 13:19:53",163.9,1,kaganou
5052,16654556,anjipoo,"2026-08-05 15:33:04",163.7,2,anjana0812
5053,16656685,"Shravani Hibare","2026-08-05 10:15:36",162.8,2,shrahib4725
5054,16717094,geoperate,"2026-08-13 12:30:26",162.5,1,geoperate
5055,16735064,"Harshada Thorat 129","2026-08-18 03:58:34",162.0,1,harshadathorat129
5056,16731524,"Tsyrenov Mergen","2026-08-17 09:42:39",161.9,1,tsyrenovmergen
5057,16662123,hannhu40022,"2026-08-04 18:45:07",161.7,2,hannhu40022
5058,16738777,"Balwinder Singh1235","2026-08-18 16:39:49",161.7,2,balwindersingh1235
5059,16688165,"David @ Koantek","2026-08-18 09:37:54",161.6,2,artificialbrilliance
5060,16659444,"ANKIT AGARWAL","2026-08-18 14:41:58",161.0,2,ankwall223
5061,16661160,"Roobhasridevi P","2026-08-04 14:31:22",160.6,1,roobhasridevi
5062,16621519,Ᏸ𐍂Ꭷ,"2026-07-30 17:30:30",160.3,2,dheerajkannaujiya
5063,16636855,"Wynn Koo","2026-08-01 14:03:04",159.5,1,yongfenggg
5064,16633511,"joshan gladston","2026-08-01 01:19:57",158.6,2,joshangladston
5065,16659234,"MARY RAISA P","2026-08-17 06:25:28",158.3,2,"harinimala21,maryraisap,saha0102"
5066,16660073,"Mahad Kakooza","2026-08-18 13:23:03",154.0,2,mahadkakooza
5067,16658666,"VMax Agents","2026-08-04 10:57:49",153.4,1,"akhiildheep,mithun5353"
5068,16667489,"Cornol Lieto","2026-08-05 12:31:14",153.1,1,lietocornol
5069,16657303,"Tejas Tiwari","2026-08-04 07:32:17",152.4,1,tejaat
5070,16712406,"L Sangeetha","2026-08-18 01:56:24",150.9,2,lsangeetha
5071,16658695,"Muskan Zahid","2026-08-04 14:14:02",150.2,2,artificial52
5072,16659582,"Srikanth Adivanna","2026-08-04 11:25:45",149.5,1,srikanthadivanna
5073,16690055,"Prem Kumar","2026-08-18 08:31:49",149.1,2,premkumar099
5074,16658297,"Charishma Pillapalem","2026-08-11 12:46:56",148.2,2,charishmapillapalem
5075,16726311,"Prince Diwakar","2026-08-16 12:55:18",147.3,2,princediwaker
5076,16670368,"Gary Gitton","2026-08-18 10:55:52",147.0,2,garygitton
5077,16697716,ZEO,"2026-08-09 19:43:41",146.1,1,anuppatil29
5078,16669311,Schoki,"2026-08-17 22:26:49",145.9,2,jensdnisch
5079,16668091,Solidscripts.io,"2026-08-18 17:06:15",145.8,2,juancamera1
5080,16728931,Sathwik2006,"2026-08-16 14:25:36",145.8,2,sathwik2006
5081,16659041,"uma mahesh23","2026-08-04 11:50:03",145.8,2,umamahesh23
5082,16626159,"Cảnh Đinh Tiến","2026-08-02 09:17:36",145.0,2,tourist110406
5083,16665079,"Maguluri Keerthi","2026-08-05 06:16:03",144.8,2,magulurikeerthi
5084,16621565,"salih chindo","2026-08-12 19:45:58",144.6,1,salihchindo
5085,16731829,"Alexandra Tricia","2026-08-18 09:25:21",143.3,2,alexandratricia
5086,16677441,"ERREGUI YOUSSEF","2026-08-06 18:02:39",142.5,2,erreguiyoussef
5087,16655748,revathip,"2026-08-06 06:00:14",141.2,2,revathiprakash
5088,16659675,"M.Athallah Rafif Aldera","2026-08-06 12:40:14",141.0,2,mathallahrafifaldera
5089,16661098,"Muhammad aufa azmi","2026-08-04 15:18:35",140.8,2,muhammadaufaazmi
5090,16654509,"Shruti Kondabathula","2026-08-07 18:17:56",138.9,2,shrutikondabathula
5091,16670552,"Harsh Chaudhary ml","2026-08-05 22:16:25",138.7,1,harshchaudharyml
5092,16665345,saurabh10june,"2026-08-05 11:53:47",138.0,2,saurabh10june
5093,16693819,"Hossein Shad Manaman","2026-08-12 03:14:58",137.7,2,hosseinshadmanaman
5094,16625663,sota1111,"2026-08-04 13:06:40",137.0,2,sota1111
5095,16663897,jayaBhavagan,"2026-08-05 19:34:36",136.6,1,jayabhavagan
5096,16663161,"Pial Mahmud","2026-08-17 10:38:21",136.3,2,pialgroup
5097,16673981,"Aarya Jadhav","2026-08-06 09:18:52",136.2,1,aaryajadhav0310
5098,16662455,"Nenavath Shashi","2026-08-04 18:04:52",135.3,2,nenavathshashi
5099,16657055,RedKiwi,"2026-08-05 05:57:34",134.7,2,tnmthai
5100,16664199,SomyaSingh_07,"2026-08-13 17:20:24",134.6,2,somyasingh07
5101,16654711,"Rupam Bhattacharjee1","2026-08-14 16:43:07",133.6,1,rupambhattacharjee1
5102,16691542,Tushar_SVC,"2026-08-11 04:12:09",132.9,2,tusharsvc
5103,16735323,"Souvik Routh","2026-08-18 04:30:21",132.6,1,souvikrouth
5104,16673372,"Hadyan Adira","2026-08-14 03:16:30",132.4,2,hadyanadira
5105,16662547,"hiteshsinh solanki","2026-08-05 07:59:16",130.3,2,hiteshsinhsolanki2
5106,16700316,"Pranav Waghmare","2026-08-11 16:29:05",128.8,1,waghmarepranav6
5107,16660886,"Dr.Eldirdiri Fadol ","2026-08-05 05:30:48",128.5,2,dreldirdirifadol
5108,16658290,rrishavrraj,"2026-08-10 17:45:20",128.4,2,"rrishavrraj,shubhamkumar9812"
5109,16665461,"Krishna Golwala","2026-08-17 15:51:32",128.3,2,krishnagolwala
5110,16727876,"Harrison Wachira","2026-08-16 08:50:03",127.6,1,harrisonwachira254
5111,16675863,"Habib ullah","2026-08-12 07:41:16",127.1,2,habibullah123456789
5112,16676977,"Akash Babu","2026-08-18 16:58:34",127.0,2,akashbabu17
5113,16662243,"Cepeda Braxton","2026-08-04 19:31:54",126.3,2,cepedabraxton
5114,16666836,"Emir Ayvaz","2026-08-07 05:57:00",125.0,2,emirayvaz
5115,16656777,"Salam Alqerem","2026-08-13 10:19:03",124.8,2,salamalqerem
5116,16724806,rin2401,"2026-08-15 09:39:51",123.5,1,rin2401
5117,16641109,zzgtylors,"2026-08-06 06:21:50",123.5,2,zzgtylors
5118,16667773,ShashankJha,"2026-08-11 15:41:47",123.1,2,shankinfy
5119,16680428,"Surabhi veda","2026-08-07 01:49:35",122.8,1,surabhiveda
5120,16658898,"SRI shiva","2026-08-07 17:21:07",119.6,2,srishiva
5121,16661419,"Shivansh Soni","2026-08-04 15:08:01",118.2,2,shivanshsonii
5122,16668691,BeltusTebid,"2026-08-05 16:01:45",118.1,1,beltustebid
5123,16663406,"Elshan Kazim","2026-08-16 08:38:43",117.8,1,elsnkazm
5124,16658100,"Nanda Riansyah","2026-08-04 08:55:54",117.0,2,nandariansyah
5125,16707468,"SBJ 2205","2026-08-12 09:59:33",111.9,1,sbj2205
5126,16626218,"Srishti Gauraha","2026-08-08 05:40:23",111.6,1,srishtigauraha
5127,16735078,"SUDHANSHU PATIL","2026-08-18 04:37:33",111.5,2,sudhanshupatil10
5128,16731986,Vugar3,"2026-08-17 10:51:29",110.6,2,vuqarxudvrdyev001342
5129,16663277,"Mariana Mejía","2026-08-18 16:14:02",110.3,2,marianameja
5130,16713601,"Omar spok","2026-08-17 14:41:54",108.9,2,omarspok
5131,16668599,"Hafsa Anwaar","2026-08-05 17:43:21",107.6,2,hafsaanwaar
5132,16679410,"Leke Glean","2026-08-07 17:29:04",105.7,2,lekeglean
5133,16640594,Win2207,"2026-08-07 12:05:07",105.2,2,win2207
5134,16728933,dOvOb,"2026-08-17 15:55:04",104.6,2,waytosleep
5135,16644474,"Vihaan Ahluwalia","2026-08-05 13:16:21",102.8,2,vihaanahluwalia
5136,16693087,osprey2k,"2026-08-17 00:17:01",101.9,2,osprey2k
5137,16676428,wayzhengong27,"2026-08-08 06:34:59",101.6,2,"kkkuek,wayzhengong27"
5138,16719441,Gatranova,"2026-08-14 04:11:54",101.1,2,rafiabiyyuairlangga
5139,16732320,"Malik Muhammad Arbaz","2026-08-18 13:05:51",97.3,1,malikmuhammadarbaz
5140,16659817,"Viet Anh Ngo ","2026-08-04 10:55:41",95.5,1,vietngogm
5141,16735237,"YASH CHIMAN","2026-08-18 04:20:24",95.4,1,yashchiman
5142,16656753,"TAMAL SINGHA ROY","2026-08-05 07:57:48",95.4,2,tamalsingharoy
5143,16624064,"Hemant Ahlawat","2026-07-31 15:52:56",94.8,2,happyahlawat
5144,16654087,Gabriela_Fernandes4,"2026-08-04 19:12:33",94.2,1,gabrielafernandes4
5145,16684847,"M.Harshavardhan Raju","2026-08-09 16:15:49",94.1,2,mharshavardhanraju
5146,16675819,RohitS001,"2026-08-11 18:05:54",93.0,2,rohits001
5147,16625770,"Đức Trung Trần","2026-08-03 07:26:52",90.8,1,ctrungtrn
5148,16632413,"Varun Patil","2026-07-31 18:41:34",89.3,1,varunpatil262005
5149,16710773,Openaiskrip,"2026-08-12 07:54:38",88.6,2,openaiskrip
5150,16633018,purelilyth,"2026-08-12 21:57:04",88.2,2,purelilyth
5151,16658745,"Shabby farms 2.0","2026-08-16 03:10:28",81.5,2,rahulk5418
5152,16633932,omikbop,"2026-08-02 12:36:52",81.5,2,omikbop
5153,16665139,"Siddharaj Kulkarni","2026-08-16 05:23:21",81.1,2,siddharajkulkarni
5154,16677312,"Kavuri Sravya","2026-08-06 17:26:57",80.8,1,kavurisravya
5155,16675209,lavica,"2026-08-11 13:23:03",77.7,2,lavica
5156,16624666,"Avik Das","2026-08-16 08:51:19",77.4,2,avikdas567
5157,16714192,"Nishanth Palugula","2026-08-14 06:51:09",76.4,2,nishanthpalugula
5158,16633250,Myst19,"2026-08-03 13:25:15",75.4,2,jakeschweikhart
5159,16708230,"jose manuel Tinajero","2026-08-11 21:15:18",73.9,2,josemanueltinajero
5160,16705637,"Vedant Ghodekar","2026-08-11 05:28:57",72.3,1,vedantghodekar
5161,16707951,K_ChanHo,"2026-08-17 00:09:31",71.9,2,kchanho
5162,16654026,"joju shaji","2026-08-09 16:36:43",68.1,2,jojushaji
5163,16661152,"Dr.Abdulbaset Musleh","2026-08-11 15:18:35",67.2,2,drabdulbasetaledresi
5164,16716079,shaurya_pandey@19,"2026-08-13 09:27:49",66.1,2,shauryapandey19
5165,16698953,Locked_in_hell,"2026-08-13 18:31:55",64.4,2,stealthknight
5166,16667339,"Victor Chege","2026-08-05 15:02:17",63.1,2,victorchege0
5167,16674526,"Imdadul hasan hamim","2026-08-13 07:32:37",63.0,1,imdadulhasanhamim
5168,16669011,"Siddiqui Rehan Ahmed Furqan","2026-08-07 05:24:38",62.5,2,siddiquirehanahmed
5169,16716562,"Ananya Maurya","2026-08-13 10:01:25",61.2,2,ananyamaurya
5170,16662721,"Manish Sharma","2026-08-12 17:44:16",58.8,2,themihirsharma
5171,16720136,"Roaring Cotton","2026-08-14 13:26:11",56.9,2,daviddavidelijah
5172,16696104,"Harshit Meesari","2026-08-09 14:31:00",51.5,1,harshitmeesari
5173,16644519,"Shambhu Shekhar Sinha","2026-08-12 18:55:43",49.1,2,shambhushekharsinha
5174,16671256,"Navid Zaman","2026-08-14 14:46:50",47.1,1,navidzaman01
5175,16659501,Duckey,"2026-08-04 13:02:16",46.3,2,bokangletsapo
5176,16689555,"kelvin waruingi","2026-08-09 22:45:23",46.3,2,kelvinwaruingi
5177,16644439," علي ساجد","2026-08-02 21:40:07",43.2,2,jdvdjdv97171ushd
5178,16706738,Moriarty,"2026-08-13 17:50:38",40.6,2,mikhailkachalin
5179,16679250,srskat,"2026-08-16 08:26:30",37.3,2,srskat
5180,16708290,"Hrishikesh Thakare","2026-08-12 14:45:08",35.7,1,hrishikeshthakare
5181,16673732,"Async Null","2026-08-06 16:55:26",34.5,1,asyncnull
5182,16664822,"Prateek Singh","2026-08-05 05:30:22",32.3,2,pra73ek
5183,16654404,"Madhan Sidmal","2026-08-11 21:28:45",31.4,2,madhansidmal
5184,16679847,"Julio Contreras","2026-08-15 20:29:46",19.3,2,juliocontreras
5185,16689681,"Prakash Rajan","2026-08-09 16:37:56",13.6,2,prakashai
5186,16659057,"Jolvin James","2026-08-07 08:04:22",13.5,2,jolvinjames
5187,16657568,"Manpreet Singh","2026-08-08 13:45:41",11.5,2,manpreet1994
5188,16663728,"Al'Humairah Ali","2026-08-10 17:28:01",-2.8,1,alhumairahali
5189,16683041,Abhishektyagi649,"2026-08-07 08:37:09",-6.2,2,abhishektyagi649
5190,16675801,"Neeraj Jha","2026-08-06 13:43:18",-7.7,1,neerajjha1996
5191,16662922,BrandonDucar,"2026-08-05 16:38:12",-20.3,2,brandonducar
5192,16713011,"Tasmayu Swain","2026-08-14 15:49:35",-22.7,1,tasmayuswain
5193,16657035,"Christvin Mathew","2026-08-04 08:55:56",-36.1,2,christvinmathew
5194,16685888,LeulYT,"2026-08-10 05:35:44",-39.5,2,leulyt
5195,16728276,"ROHAAN ASIF","2026-08-16 11:20:59",-53.0,2,ordinarydev007
5196,16659881,SantosR,"2026-08-07 11:15:48",-67.4,2,santosr
5197,16719181,SaltyCode,"2026-08-16 04:56:22",-71.6,1,saltycode
5198,16697627,abinandhan03,"2026-08-17 09:20:10",-77.1,1,abinandhan03
5199,16660261,"YO_ONE CHAUHAN","2026-08-08 23:49:54",-91.3,2,yoonechauhan
5200,16659864,"Twin Titans","2026-08-08 07:50:33",-107.3,2,"sivahokage,solaisararaju"
5201,16695221,"Muhammad Daud Abbas","2026-08-12 20:04:32",-109.6,2,muhammaddaudabbas
5202,16665495,"sai chand Boppudi","2026-08-07 04:19:58",-113.5,2,saichandboppudi
5203,16668701,"Nihal Jamadar","2026-08-09 04:28:26",-117.3,2,nihaljamadar313
5204,16657674,"karthik Reddy Karri","2026-08-04 13:49:20",-119.2,2,"karthikreddykarri,kovvurisaimohanreddy"
5205,16692837,"Sai Uttam Gite","2026-08-09 11:36:32",-128.3,1,saiuttamgite
