episode,seat,team,score,opp_score,won,margin,hands_d5,hands_d10,hands_d15,hands_d20,hands_d25,hands_d30,quads_d5,quads_d10,quads_d15,quads_d20,quads_d25,quads_d30,money_d5,money_d10,money_d15,money_d20,money_d25,money_d30,tiles_WHEAT,tiles_CARROT,tiles_TOMATO,tiles_STRAWBERRY,tiles_MELON,peak_WHEAT,peak_CARROT,peak_TOMATO,peak_STRAWBERRY,peak_MELON,animals_GOOSE,animals_COW,animals_SHEEP,plant_total,first_melon_day,first_animal_day,quads_final,hands_final,act_total,act_move,act_pass,act_water,act_harvest,act_plant,act_care,act_feed,act_dig,act_fertilize,act_collect_fert,act_pickup,act_drop,act_place,act_build,move_share,pass_share,work_share,sold_WHEAT,sold_CARROT,sold_TOMATO,sold_STRAWBERRY,sold_MELON,sold_EGG,sold_MILK,sold_WOOL,sold_FERTILIZER,sold_total,sell_orders,buy_seed_orders,buy_product_orders
91271396,0,Harrislrobinson,36533,133375,0,-96842,8,11,12,12,12,12,2,3,4,4,4,4,131,3378,3138,14881,25382,36533,89,19,0,27,25,26,4,0,24,12,7,5,0,160,0,0,4,12,7619,4742,822,698,244,160,157,170,42,34,201,213,110,12,14,0.6224,0.1079,0.2697,151,34,0,117,128,155,67,0,157,809,142,76,8
91271396,1,THUNDER THUNDER,133375,36533,1,96842,3,14,11,14,12,10,1,3,3,3,3,3,527,6612,26412,66998,101479,133375,146,0,0,31,19,58,0,0,31,14,0,10,7,196,0,0,3,10,7028,2895,1100,970,390,196,353,359,42,62,383,178,66,17,17,0.4119,0.1565,0.4316,427,0,0,244,112,0,235,195,321,1534,181,66,162
91272293,0,Shadow,72630,142424,0,-69794,8,10,11,11,11,11,1,2,3,3,3,3,483,575,10112,34299,53778,72630,24,0,0,16,39,9,0,0,14,28,0,6,8,79,9,0,3,11,7056,3306,1377,491,163,79,337,350,1,0,349,163,412,14,14,0.4685,0.1952,0.3363,48,0,0,29,97,0,170,241,344,929,200,25,212
91272293,1,THUNDER THUNDER,142424,72630,1,69794,3,14,13,14,13,10,1,3,3,3,3,3,505,4625,19685,63666,110700,142424,143,0,0,32,19,53,0,0,31,14,0,8,9,194,0,0,3,10,7174,3058,1083,971,390,194,354,362,39,62,375,185,67,17,17,0.4263,0.151,0.4228,420,0,0,242,114,0,212,227,313,1528,187,71,150
91273183,0,HDPark,58415,143601,0,-85186,4,7,11,11,11,0,1,2,3,3,3,3,602,656,15531,24311,49017,58415,99,12,0,42,22,27,9,0,40,17,0,6,0,175,0,1,3,0,6097,3023,849,1200,245,175,129,131,18,57,124,128,6,6,6,0.4958,0.1392,0.3649,135,4,0,205,145,0,184,0,59,732,106,37,62
91273183,1,THUNDER THUNDER,143601,58415,1,85186,3,14,10,14,12,10,1,3,3,3,3,3,560,7048,23925,67485,114437,143601,136,0,0,38,16,55,0,0,38,11,0,9,7,190,0,0,3,10,6957,2962,1118,978,390,190,305,315,43,76,330,165,52,16,17,0.4258,0.1607,0.4135,433,0,0,294,96,0,220,151,254,1448,177,62,165
91274056,0,Deployable LLMs,44891,102133,0,-57242,10,10,10,10,10,10,1,2,2,2,2,2,260,4997,12720,19411,38979,44891,1,0,0,24,16,0,0,0,24,16,0,20,2,41,0,0,2,10,7474,4331,1520,417,190,41,210,210,25,63,258,144,21,22,22,0.5795,0.2034,0.2172,5,0,0,169,96,0,285,25,193,773,86,16,28
91274056,1,THUNDER THUNDER,102133,44891,1,57242,3,14,9,14,12,10,1,3,3,3,3,3,535,6574,17360,46414,79044,102133,146,0,0,39,17,60,0,0,38,12,0,9,4,202,0,0,3,10,6735,2888,1037,1010,385,202,285,289,52,75,302,136,48,13,13,0.4288,0.154,0.4172,465,0,0,291,102,0,220,132,227,1437,163,73,149
91274945,0,Touhidul Alam Seyam,122038,140884,0,-18846,6,11,12,12,12,0,2,4,4,4,4,4,1155,2798,13328,53366,99449,122038,19,3,0,39,24,11,2,0,38,16,0,10,8,85,0,0,4,0,7492,3893,855,626,339,85,394,399,0,69,396,193,205,19,19,0.5196,0.1141,0.3663,56,9,0,279,144,0,273,188,327,1276,303,26,258
91274945,1,THUNDER THUNDER,140884,122038,1,18846,3,14,10,14,13,10,1,3,3,3,3,3,497,5383,17227,57344,101073,140884,144,0,0,36,20,56,0,0,35,14,0,10,4,200,0,0,3,10,6991,2991,1112,1001,390,200,305,312,44,70,326,158,54,14,14,0.4278,0.1591,0.4131,415,0,0,271,120,0,243,132,256,1437,169,79,137
91275832,0,THUNDER THUNDER,100724,82794,1,17930,3,14,11,14,14,10,1,3,3,3,3,3,506,7564,21683,52743,80365,100724,141,0,0,34,17,54,0,0,33,12,0,10,7,192,0,0,3,10,7171,3058,1126,944,377,192,350,361,46,63,379,180,60,18,17,0.4264,0.157,0.4165,399,0,0,244,102,0,231,202,316,1494,189,66,149
91275832,1,anvai_agents,82794,100724,0,-17930,6,12,12,12,12,12,1,3,3,3,3,3,614,2313,19981,37618,60359,82794,66,0,0,44,21,31,0,0,40,11,0,8,6,131,0,0,3,12,7376,4120,400,849,338,131,308,319,27,107,318,339,80,26,14,0.5586,0.0542,0.3872,1123,13,4,390,182,8,423,252,410,2805,383,54,279
91276719,0,THUNDER THUNDER,52107,40418,1,11689,3,14,9,14,12,10,1,3,3,3,3,3,504,5839,13591,34000,39365,52107,140,0,0,39,17,59,0,0,38,12,0,8,6,196,0,0,3,10,6676,2837,1016,997,397,196,291,296,46,76,312,137,47,14,14,0.425,0.1522,0.4229,422,0,0,303,102,0,219,142,236,1424,157,64,152
91276719,1,nuggettttt,40418,52107,0,-11689,6,11,12,12,12,12,1,3,3,3,3,3,466,2056,15521,29714,32532,40418,66,0,0,44,21,32,0,0,40,11,0,8,6,131,0,0,3,12,7312,4115,351,848,337,131,308,319,28,107,317,339,84,14,14,0.5628,0.048,0.3892,1010,10,0,519,172,6,463,288,280,2748,407,54,291
91277603,0,Himanshu Kumar,81737,95258,0,-13521,1,8,11,14,12,11,1,2,3,3,3,3,1702,14543,15558,36369,65181,81737,108,0,0,42,24,40,0,0,42,12,0,8,6,174,0,0,3,11,6654,2940,1011,925,360,174,308,300,27,84,296,145,56,14,14,0.4418,0.1519,0.4062,305,0,0,320,144,0,214,148,212,1343,183,22,165
91277603,1,THUNDER THUNDER,95258,81737,1,13521,3,14,9,14,13,10,1,3,3,3,3,3,531,5024,14820,43743,75690,95258,145,0,0,39,17,59,0,0,38,12,0,8,4,201,0,0,3,10,6714,2873,1055,1014,388,201,280,285,46,75,298,132,42,12,13,0.4279,0.1571,0.415,423,0,0,297,102,0,220,132,223,1397,150,71,142
91277604,0,JinchengZhang1,38744,70092,0,-31348,6,10,12,12,12,12,1,3,3,3,3,3,601,2139,11640,24150,32576,38744,66,0,0,44,21,31,0,0,38,11,0,8,6,131,0,0,3,12,7355,4120,378,848,338,131,308,319,28,107,318,339,80,27,14,0.5602,0.0514,0.3884,1108,13,4,612,224,8,697,372,445,3483,478,54,279
91277604,1,THUNDER THUNDER,70092,38744,1,31348,3,14,9,14,12,10,1,3,3,3,3,3,504,5870,13758,35751,57492,70092,146,0,0,39,17,61,0,0,38,12,0,8,4,202,0,0,3,10,6782,2879,1096,1022,398,202,280,286,46,76,297,131,45,12,12,0.4245,0.1616,0.4139,438,0,0,303,102,0,218,132,221,1414,145,69,132
91278499,0,THUNDER THUNDER,90680,80886,1,9794,3,11,12,14,13,10,1,3,3,3,3,3,14,2,13670,48663,67641,90680,131,0,0,36,17,48,0,0,36,12,0,9,6,184,0,0,3,10,6885,3059,1009,945,369,184,315,307,39,72,330,166,57,18,15,0.4443,0.1466,0.4092,401,0,0,279,102,0,224,138,258,1402,181,70,143
91278499,1,CREART,80886,90680,0,-9794,5,9,9,11,12,11,1,3,3,3,3,3,997,4040,26565,50472,64155,80886,68,0,0,41,26,31,0,0,40,14,0,8,6,135,0,0,3,11,6759,3390,462,938,341,135,322,323,31,103,324,262,100,14,14,0.5016,0.0684,0.4301,191,0,0,270,132,0,230,164,236,1223,231,62,163
91279377,0,THUNDER THUNDER,80695,65014,1,15681,3,14,12,14,14,10,1,3,3,3,3,3,524,7140,23970,51645,64233,80695,149,0,0,31,19,58,0,0,31,14,0,10,7,199,0,0,3,10,7176,3018,1137,974,385,199,352,360,42,61,380,173,60,18,17,0.4206,0.1584,0.421,441,0,0,236,114,0,232,200,319,1542,185,66,152
91279377,1,Thần Thoại,65014,80695,0,-15681,1,8,13,14,14,6,1,2,3,3,3,3,960,10403,22626,41907,54249,65014,92,0,0,42,24,39,0,0,42,12,0,8,6,158,0,0,3,6,6901,3259,812,922,374,158,322,314,46,80,313,167,106,14,14,0.4723,0.1177,0.4101,824,0,0,313,144,0,237,164,233,1915,344,18,248
91280263,0,roma,69211,141535,0,-72324,1,8,11,14,10,8,1,2,3,3,3,3,1680,14853,13687,34487,51966,69211,106,0,0,42,24,40,0,0,42,12,0,8,6,172,0,0,3,8,6527,2851,1016,907,346,172,308,304,29,79,291,148,48,14,14,0.4368,0.1557,0.4075,318,0,0,286,144,0,213,152,212,1325,162,21,168
91280263,1,THUNDER THUNDER,141535,69211,1,72324,3,14,10,14,13,10,1,3,3,3,3,3,528,5226,17511,56240,105221,141535,144,0,0,38,17,58,0,0,37,12,0,9,6,199,0,0,3,10,7006,2961,1143,1001,399,199,305,309,44,74,327,158,56,15,15,0.4226,0.1631,0.4142,440,0,0,296,102,0,237,136,253,1464,176,69,146
91281151,0,NIklitaCheporev,98902,119721,0,-20819,1,8,11,14,12,11,1,2,3,3,3,3,1702,15261,17556,50775,72856,98902,108,0,0,42,24,40,0,0,42,12,0,8,6,174,0,0,3,11,6654,2940,1011,925,360,174,308,300,27,84,296,145,56,14,14,0.4418,0.1519,0.4062,284,0,0,320,144,0,214,148,219,1329,171,22,158
91281151,1,THUNDER THUNDER,119721,98902,1,20819,3,14,10,14,12,10,1,3,3,3,3,3,531,5141,18123,58182,87220,119721,146,0,0,38,17,58,0,0,37,12,0,10,4,201,0,0,3,10,6977,2998,1114,999,387,201,301,308,45,72,316,157,51,14,14,0.4297,0.1597,0.4106,434,0,0,279,102,0,239,132,244,1430,169,75,147
91282051,0,Eddy Despradel,135263,146692,0,-11429,5,9,9,11,12,11,1,3,3,3,3,3,940,4345,23528,53295,99318,135263,68,0,0,41,26,31,0,0,40,14,0,8,6,135,0,0,3,11,6759,3390,462,938,341,135,322,323,31,103,324,262,100,14,14,0.5016,0.0684,0.4301,191,0,0,270,132,0,230,164,236,1223,231,62,163
91282051,1,THUNDER THUNDER,146692,135263,1,11429,3,13,12,14,14,9,1,3,3,3,3,3,10,24,15893,55518,109700,146692,121,0,0,39,15,41,0,0,39,10,0,9,6,175,0,0,3,9,6925,3075,1095,935,368,175,299,294,35,78,317,165,56,16,17,0.444,0.1581,0.3978,402,0,0,298,90,0,230,124,239,1383,179,68,146
91282947,0,THUNDER THUNDER,96123,69361,1,26762,3,14,9,14,12,10,1,3,3,3,3,3,504,5879,14902,46908,71800,96123,146,0,0,37,19,61,0,0,36,14,0,10,4,202,0,0,3,10,6716,2868,1033,1019,386,202,285,290,43,72,303,138,49,14,14,0.427,0.1538,0.4191,459,0,0,285,114,0,218,132,231,1439,170,69,156
91282947,1,Md. Abdullah Al Mamun,69361,96123,0,-26762,6,10,12,12,12,12,1,3,3,3,3,3,601,2155,14501,34780,49684,69361,66,0,0,44,21,32,0,0,40,11,0,8,6,131,0,0,3,12,7355,4120,378,851,338,131,308,319,25,107,318,339,80,27,14,0.5602,0.0514,0.3884,1131,13,4,1049,311,8,979,469,445,4409,546,54,279
91283839,0,trantrikien239,83978,104890,0,-20912,1,8,13,14,14,6,1,2,3,3,3,3,930,10529,23199,50991,67380,83978,92,0,0,42,24,39,0,0,42,12,0,8,6,158,0,0,3,6,6901,3086,1049,922,374,158,322,314,42,80,254,167,105,14,14,0.4472,0.152,0.4008,820,0,0,317,156,0,237,172,191,1893,329,18,248
91283839,1,THUNDER THUNDER,104890,83978,1,20912,3,14,11,14,13,10,1,3,3,3,3,3,524,8012,24279,61418,84368,104890,150,0,0,32,19,57,0,0,31,14,0,10,7,201,0,0,3,10,7170,3033,1101,974,392,201,354,364,43,61,380,175,58,17,17,0.423,0.1536,0.4234,420,0,0,240,114,0,233,206,319,1532,184,65,141
91226389,0,Harshith revuru,69345,39202,1,30143,9,12,12,12,12,12,2,3,3,3,3,3,332,207,8818,26457,50035,69345,36,0,0,38,6,14,0,0,38,4,0,7,7,80,0,0,3,12,8154,5003,1190,480,191,80,309,320,43,9,124,372,5,14,14,0.6136,0.1459,0.2405,57,0,0,128,25,0,171,155,101,637,80,27,217
91226389,1,ceh,39202,69345,0,-30143,6,11,11,11,11,11,2,2,2,2,2,2,1271,212,9070,15785,25703,39202,71,19,2,8,23,22,4,1,4,12,2,12,2,123,0,9,2,11,7367,4126,1584,589,211,123,206,251,17,0,0,203,25,16,16,0.5601,0.215,0.2249,294,59,4,16,132,94,277,75,0,951,109,47,149
91227049,0,Harshith revuru,58476,64880,0,-6404,9,12,12,12,12,12,2,3,3,3,3,3,222,414,5534,19062,37138,58476,38,0,0,39,9,14,0,0,39,6,0,5,7,86,0,0,3,12,8155,4957,1357,512,191,86,278,277,44,5,127,290,5,12,14,0.6078,0.1664,0.2258,60,0,0,138,43,0,141,142,110,634,78,32,186
91227049,1,tehyoni,64880,58476,1,6404,4,11,11,11,11,11,1,2,3,3,3,3,208,1912,528,19367,43836,64880,18,0,0,29,12,10,0,0,29,6,0,8,6,59,0,0,3,11,7118,3447,1707,673,200,59,247,253,26,70,261,117,12,32,14,0.4843,0.2398,0.2759,142,0,0,149,54,0,148,111,182,786,267,23,41
91227955,0,dprinzensteiner,45927,71566,0,-25639,8,5,12,12,12,12,1,2,3,3,3,3,189,898,1914,19209,30017,45927,19,20,0,0,11,6,8,0,0,8,4,6,4,50,0,0,3,12,7406,5338,358,293,175,50,296,296,20,0,258,281,0,27,14,0.7208,0.0483,0.2309,113,33,0,0,54,174,141,72,249,836,227,26,71
91227955,1,Harshith revuru,71566,45927,1,25639,9,12,13,13,13,13,2,3,4,4,4,4,243,200,1188,12909,46133,71566,31,0,0,39,13,14,0,0,39,10,0,10,9,83,0,0,4,13,8490,5276,1133,524,190,83,302,363,46,6,118,406,5,19,19,0.6214,0.1335,0.2451,59,0,0,130,58,0,194,113,93,647,65,34,222
91228843,0,Harshith revuru,64969,42498,1,22471,9,12,12,12,12,12,2,3,3,3,3,3,239,239,4150,20886,45205,64969,38,0,0,38,12,14,0,0,38,10,0,5,7,88,0,0,3,12,8154,4996,1277,523,207,88,279,272,43,9,128,303,3,12,14,0.6127,0.1566,0.2307,64,0,0,130,56,0,136,146,107,639,72,37,184
91228843,1,Madhur Sabherwal,42498,64969,0,-22471,4,9,9,11,11,11,1,1,1,2,2,2,272,410,297,11908,28434,42498,52,11,0,16,6,19,2,0,16,6,2,7,6,85,8,0,2,11,6287,4392,102,441,179,85,254,292,13,31,228,185,45,23,17,0.6986,0.0162,0.2852,444,4,0,48,30,30,159,112,180,1007,183,37,76
91229719,0,Guruprasad Parasnis,67428,67805,0,-377,7,7,10,10,10,10,2,4,4,4,4,4,233,10127,11241,29683,50805,67428,142,41,0,37,27,31,13,0,34,23,0,1,6,247,0,10,4,10,6738,3635,596,1308,305,247,124,122,38,17,110,174,48,7,7,0.5395,0.0885,0.3721,477,70,0,139,162,0,18,122,98,1086,173,167,90
91229719,1,Harshith revuru,67805,67428,1,377,7,12,12,12,12,12,1,3,3,3,3,3,397,206,14300,33565,54852,67805,57,0,0,34,9,16,0,0,34,9,0,7,7,100,0,0,3,12,7930,5011,803,484,235,100,327,321,40,1,163,411,6,14,14,0.6319,0.1013,0.2668,92,0,0,97,26,0,166,162,149,692,81,47,211
91230603,0,T88,81068,65632,1,15436,5,10,11,11,11,11,2,3,3,3,3,3,3,9,14043,29298,60939,81068,202,2,0,22,93,25,1,0,11,23,0,8,5,319,0,0,3,11,6982,3312,124,1465,407,319,346,292,31,12,421,222,0,13,18,0.4744,0.0178,0.5079,169,0,0,46,172,0,153,128,386,1054,142,212,28
91230603,1,Harshith revuru,65632,81068,0,-15436,9,12,12,12,12,12,2,3,3,3,3,3,254,245,9919,24474,48514,65632,39,0,0,39,6,14,0,0,39,4,0,7,7,84,0,0,3,12,8165,5149,1167,492,172,84,281,298,51,4,109,322,8,14,14,0.6306,0.1429,0.2265,64,0,0,130,22,0,167,97,91,571,70,36,200
91231520,0,Harshith revuru,44826,58090,0,-13264,9,12,12,12,12,12,2,3,3,3,3,3,226,367,4629,18030,32110,44826,45,0,0,40,7,14,0,0,40,4,0,7,7,92,0,0,3,12,8158,5043,1248,515,175,92,275,285,46,2,134,309,6,14,14,0.6182,0.153,0.2289,72,0,0,80,22,0,131,147,118,570,73,41,193
91231520,1,Mark Holloway,58090,44826,1,13264,4,6,8,9,9,8,1,2,3,3,3,3,1376,1908,16472,22936,45271,58090,65,6,2,39,23,26,2,2,39,12,3,1,3,135,0,0,3,8,5658,3074,441,1033,318,135,125,127,26,37,113,189,25,7,8,0.5433,0.0779,0.3788,145,12,7,171,130,113,32,40,76,726,159,64,104
91232419,0,Harshith revuru,74814,77964,0,-3150,9,12,12,12,12,12,2,3,3,3,3,3,287,362,9258,29911,55327,74814,34,0,0,37,8,14,0,0,37,5,0,7,7,79,0,0,3,12,8154,4984,1215,478,204,79,304,319,41,4,138,353,7,14,14,0.6112,0.149,0.2398,60,0,0,125,35,0,177,144,120,661,81,31,218
91232419,1,Luc Mantoux,77964,74814,1,3150,1,0,10,10,11,10,2,2,3,4,4,4,0,370,364,2222,43135,77964,48,0,0,36,12,18,0,0,29,6,0,14,5,96,0,10,4,10,6153,3157,1151,503,225,96,186,201,0,6,151,257,51,150,19,0.5131,0.1871,0.2999,1941,0,0,115,72,0,187,11,145,2471,286,43,200
91233309,0,Harshith revuru,70467,56856,1,13611,9,12,12,12,12,12,2,3,3,3,3,3,265,269,8339,22171,43963,70467,39,0,0,40,6,14,0,0,40,4,0,7,6,85,0,0,3,12,8158,5152,1189,505,186,85,265,293,51,7,115,276,7,13,14,0.6315,0.1457,0.2227,59,0,0,139,26,0,160,93,95,572,71,30,189
91233309,1,Mohit Shirke,56856,70467,0,-13611,0,8,8,8,8,0,1,1,2,2,2,2,27,2285,6945,25538,43797,56856,26,35,4,6,21,14,22,4,6,12,0,4,2,92,0,0,2,0,5094,2779,614,582,281,92,132,143,23,87,125,172,52,6,6,0.5455,0.1205,0.3339,4673,86,26,45,90,0,85,61,0,5066,566,63,479
91234198,0,Harshith revuru,67937,45007,1,22930,9,12,12,12,12,12,2,3,3,3,3,3,271,434,6312,22641,45632,67937,34,0,0,40,7,14,0,0,40,4,0,7,7,81,0,0,3,12,8162,5179,1132,500,181,81,268,285,51,7,113,328,9,14,14,0.6345,0.1387,0.2268,55,0,0,135,19,0,155,110,92,566,65,26,202
91234198,1,Imran Ahamed,45007,67937,0,-22930,7,7,7,7,7,7,1,1,1,1,1,1,1513,3455,31091,33998,38390,45007,24,6,0,0,81,21,3,0,0,21,4,0,0,111,0,0,1,7,5518,2762,1324,577,172,111,119,119,2,0,116,179,29,4,4,0.5005,0.2399,0.2595,164,18,0,0,234,209,0,0,113,738,129,82,87
91235082,0,CHRISTOPHER CRILLY,28010,37890,0,-9880,9,9,12,12,12,0,1,2,3,3,3,3,98,70,5863,17823,21674,28010,31,0,0,19,7,8,0,0,11,7,0,8,6,57,0,0,3,0,5837,3044,590,383,170,57,260,291,31,546,271,166,0,14,14,0.5215,0.1011,0.3774,200,0,0,53,42,0,225,102,263,885,246,26,193
91235082,1,Harshith revuru,37890,28010,1,9880,9,12,12,12,12,12,2,3,3,3,3,3,217,311,4346,9259,21563,37890,41,0,0,35,10,14,0,0,35,7,0,5,7,86,0,0,3,12,8158,4934,1380,489,194,86,277,270,40,10,125,319,8,12,14,0.6048,0.1692,0.226,70,0,0,130,45,0,128,119,103,595,75,32,194
91235980,0,knadithyavr,41895,52061,0,-10166,3,4,11,11,11,0,1,1,3,3,3,3,30,332,13760,10980,25162,41895,62,4,3,38,28,22,3,3,34,20,6,1,8,135,0,0,3,0,5620,3372,226,619,191,135,90,117,75,58,117,582,3,18,17,0.6,0.0402,0.3598,166,3,8,176,149,28,0,55,29,614,61,51,28
91235980,1,Harshith revuru,52061,41895,1,10166,9,12,12,12,12,12,2,3,3,3,3,3,257,338,4978,17223,36351,52061,37,0,0,40,7,14,0,0,40,5,0,7,6,84,0,0,3,12,8165,5023,1288,505,170,84,286,293,56,2,108,317,6,13,14,0.6152,0.1577,0.2271,58,0,0,135,18,0,167,99,93,570,68,32,191
91236911,0,Harshith revuru,64345,77065,0,-12720,9,12,12,12,12,12,2,3,3,3,3,3,282,234,6992,19580,45759,64345,37,0,0,38,8,14,0,0,38,5,0,7,6,83,0,0,3,12,8162,5095,1233,491,178,83,280,299,46,6,110,310,4,13,14,0.6242,0.1511,0.2247,56,0,0,132,36,0,171,79,91,565,68,29,196
91236911,1,Mathijs Deelen,77065,64345,1,12720,10,8,12,12,12,12,1,2,3,3,3,3,312,31,12003,30641,57679,77065,58,0,0,43,19,10,0,0,40,12,0,8,8,120,0,0,3,12,7941,4018,538,752,315,120,597,441,91,56,725,243,12,16,17,0.506,0.0677,0.4263,4,0,0,102,47,0,207,194,284,838,86,43,129
91237771,0,Yuta Tomimasu,70233,68270,1,1963,9,9,11,11,11,11,2,2,3,3,3,3,663,3873,6611,23515,48084,70233,68,23,22,18,19,12,5,12,18,15,0,6,5,150,3,0,3,11,7696,3473,1798,964,312,150,207,220,27,0,212,80,230,11,12,0.4513,0.2336,0.3151,132,46,78,52,114,0,131,113,212,878,330,137,139
91237771,1,Harshith revuru,68270,70233,0,-1963,7,12,12,12,12,12,1,3,3,3,3,3,367,227,12228,32982,53316,68270,45,0,0,26,9,16,0,0,26,9,0,7,7,80,0,0,3,12,7929,4883,1011,396,232,80,340,336,33,9,185,386,10,14,14,0.6158,0.1275,0.2567,71,0,0,101,36,0,193,158,162,721,85,39,239
91238674,0,Speedrun retirement,85057,75120,1,9937,3,8,13,12,13,0,1,2,3,3,3,3,906,7947,14837,40973,59046,85057,147,0,0,11,10,36,0,0,8,10,0,10,7,168,0,0,3,0,6683,4217,211,856,212,168,252,260,39,0,256,159,17,19,17,0.631,0.0316,0.3374,4885,0,0,34,60,0,126,139,256,5500,435,111,339
91238674,1,Harshith revuru,75120,85057,0,-9937,9,12,12,12,12,12,2,3,3,3,3,3,231,272,7691,24284,54865,75120,41,0,0,35,13,14,0,0,35,10,0,7,7,89,0,0,3,12,8155,5048,1171,503,183,89,303,302,41,4,145,330,8,14,14,0.619,0.1436,0.2374,56,0,0,95,51,0,177,141,127,647,81,44,195
91239571,0,t@got@go,47577,51698,0,-4121,5,6,10,10,10,10,2,2,3,3,3,3,749,551,10109,20542,29167,47577,152,0,0,0,58,27,0,0,0,37,0,11,0,210,0,5,3,10,6025,2882,620,1270,252,210,207,212,27,0,191,113,18,11,12,0.4783,0.1029,0.4188,506,0,0,0,193,0,209,0,182,1090,58,85,44
91239571,1,Harshith revuru,51698,47577,1,4121,9,12,12,12,12,12,2,3,3,3,3,3,394,213,7398,20615,37067,51698,34,0,0,35,4,14,0,0,35,4,0,7,7,73,0,0,3,12,8160,5076,1163,439,188,73,313,321,37,8,122,382,10,14,14,0.6221,0.1425,0.2354,59,0,0,127,22,0,177,144,100,629,74,26,210
91240461,0,Harsha Vardhan,81867,74966,1,6901,1,10,10,12,12,9,1,1,3,3,3,3,429,246,5522,11870,47320,81867,26,0,9,28,33,20,0,9,28,21,0,10,0,96,0,0,3,9,5521,3401,399,608,159,96,214,195,1,54,215,159,0,10,10,0.616,0.0723,0.3117,58,0,39,180,140,0,165,0,44,626,75,55,41
91240461,1,Harshith revuru,74966,81867,0,-6901,9,12,12,12,12,12,2,3,3,3,3,3,287,220,6596,22963,47727,74966,36,0,0,38,7,14,0,0,38,4,0,7,7,81,0,0,3,12,8156,5049,1212,485,186,81,293,315,44,4,131,321,7,14,14,0.6191,0.1486,0.2323,59,0,0,126,22,0,174,138,113,632,77,31,198
91241379,0,Harshith revuru,49597,35153,1,14444,9,12,12,12,12,12,2,3,3,3,3,3,292,294,2512,11017,31682,49597,40,0,0,39,7,14,0,0,39,4,0,5,7,86,0,0,3,12,8165,5054,1325,499,169,86,267,273,50,5,112,288,11,12,14,0.619,0.1623,0.2187,55,0,0,138,21,0,100,144,95,553,68,32,196
91241379,1,Pat,35153,49597,0,-14444,7,7,7,7,7,6,1,1,1,1,1,1,369,2255,22309,26522,34680,35153,12,0,0,0,22,7,0,0,0,11,0,14,0,34,0,0,1,6,5414,2201,1914,221,85,34,245,270,3,0,320,65,28,14,14,0.4065,0.3535,0.2399,125,0,0,0,132,0,269,0,313,839,78,20,50
91242269,0,Harshith revuru,80969,77895,1,3074,9,12,12,12,12,12,2,3,3,3,3,3,221,201,4916,21911,54812,80969,39,0,0,40,5,14,0,0,40,4,0,7,7,84,0,0,3,12,8155,5072,1190,496,195,84,293,293,49,7,109,334,5,14,14,0.6219,0.1459,0.2321,60,0,0,135,21,0,177,110,88,591,74,32,201
91242269,1,Richard G Atkinson,77895,80969,0,-3074,7,7,7,7,7,0,1,1,1,1,1,1,234,3252,35566,41558,59961,77895,2,0,0,20,21,1,0,0,20,20,0,4,0,43,0,0,1,0,5331,2158,2239,347,140,43,109,109,6,0,107,63,2,4,4,0.4048,0.42,0.1752,22,0,0,76,115,0,135,0,107,455,56,20,89
91243167,0,Alvaro Llamojha,54273,52837,1,1436,6,10,10,10,10,0,1,2,3,3,3,3,852,668,13704,18589,38323,54273,105,0,0,25,38,24,0,0,25,25,0,8,4,168,0,0,3,0,6644,3875,220,1202,249,168,224,227,40,0,217,161,36,12,13,0.5832,0.0331,0.3837,667,0,0,43,127,0,124,49,180,1190,111,90,34
91243167,1,Harshith revuru,52837,54273,0,-1436,9,12,13,13,13,13,2,3,4,4,4,4,306,347,494,12552,35654,52837,35,0,0,40,6,14,0,0,40,5,0,10,9,81,0,0,4,13,8488,5398,1133,495,189,81,296,304,44,7,124,374,5,19,19,0.636,0.1335,0.2306,56,0,0,122,22,0,137,153,99,589,70,30,214
91244063,0,Harshith revuru,69611,84623,0,-15012,9,12,12,12,12,12,2,3,3,3,3,3,226,281,8022,23025,49835,69611,31,0,0,37,8,14,0,0,37,5,0,7,7,76,0,0,3,12,8152,5014,1193,471,197,76,301,315,41,8,138,366,4,14,14,0.6151,0.1463,0.2386,58,0,0,120,35,0,177,143,116,649,76,32,205
91244063,1,Nguyễn Phúc Gia Bảo,84623,69611,1,15012,10,11,11,11,11,11,1,1,1,1,1,1,124,4683,27605,43486,64695,84623,63,0,0,0,14,9,0,0,0,4,2,7,3,77,0,0,1,11,7960,3287,2621,327,353,77,294,294,8,51,306,306,12,12,12,0.4129,0.3293,0.2578,237,0,0,0,48,106,231,71,255,948,120,46,170
91244998,0,Harshith revuru,91729,92528,0,-799,9,12,12,12,12,12,2,3,3,3,3,3,266,219,9871,28677,66893,91729,31,0,0,38,9,14,0,0,38,6,0,7,7,78,0,0,3,12,8158,4972,1281,493,195,78,281,303,45,6,135,336,5,14,14,0.6095,0.157,0.2335,62,0,0,133,34,0,171,125,115,640,71,27,201
91244998,1,F4,92528,91729,1,799,7,10,11,11,11,0,1,2,3,3,3,3,237,9497,10225,31474,65587,92528,0,0,0,12,14,0,0,0,12,8,0,7,7,26,0,0,3,0,7038,4705,706,258,136,26,296,297,0,0,195,258,131,14,16,0.6685,0.1003,0.2312,120,0,0,46,84,0,147,159,183,739,154,23,64
91245897,0,Roberto Garcia,48803,57377,0,-8574,6,9,12,12,12,12,2,2,3,4,4,4,411,612,3614,11135,36627,48803,35,0,0,16,24,6,0,0,16,12,0,17,9,75,0,0,4,12,7237,3214,1919,523,382,75,224,318,27,72,239,172,0,46,26,0.4441,0.2652,0.2907,21,0,0,115,142,0,212,26,143,659,196,45,47
91245897,1,Harshith revuru,57377,48803,1,8574,7,12,12,12,12,12,1,3,3,3,3,3,421,203,11353,28522,39378,57377,50,0,0,33,9,16,0,0,33,9,0,7,7,92,0,0,3,12,7936,5084,747,465,249,92,334,327,31,18,137,417,7,14,14,0.6406,0.0941,0.2652,85,0,0,133,32,0,183,156,105,694,79,46,224
91246792,0,Ayush Roy,56995,55660,1,1335,6,12,13,13,13,13,1,3,4,4,4,4,717,5029,5118,16652,40909,56995,45,12,0,12,20,16,12,0,12,12,16,10,8,89,0,0,4,13,8000,4706,548,694,475,89,289,400,17,3,336,196,166,47,34,0.5883,0.0685,0.3433,234,36,0,50,120,214,168,49,333,1204,254,49,109
91246792,1,Harshith revuru,55660,56995,0,-1335,9,12,12,12,12,12,2,3,3,3,3,3,220,297,7095,22813,39624,55660,35,0,0,38,7,14,0,0,38,4,0,7,7,80,0,0,3,12,8163,5135,1175,485,181,80,287,302,43,6,121,314,6,14,14,0.6291,0.1439,0.227,57,0,0,133,27,0,173,107,101,598,69,29,194
91254768,0,Harshith revuru,44559,49543,0,-4984,9,12,13,13,13,13,2,3,4,4,4,4,254,316,1894,15492,26523,44559,35,0,0,42,12,14,0,0,42,10,0,10,9,89,0,0,4,13,8509,5314,1191,546,191,89,301,311,35,1,128,359,5,19,19,0.6245,0.14,0.2355,69,0,0,111,55,0,199,76,108,618,70,38,214
91254768,1,Gabriele Giacometti,49543,44559,1,4984,5,7,10,10,10,10,1,2,2,3,3,3,623,360,436,4958,35007,49543,58,0,0,41,43,42,0,0,41,37,0,7,7,142,13,0,3,10,4617,2498,413,533,169,142,212,222,61,42,216,54,22,20,13,0.541,0.0895,0.3695,288,0,0,96,135,0,115,94,138,866,114,221,54
91285083,0,Versilogic,39649,47243,0,-7594,7,7,11,11,11,11,2,2,3,3,3,3,1147,438,17962,24079,29820,39649,108,0,0,3,36,33,0,0,3,18,6,12,0,147,0,6,3,11,7086,2852,1689,1027,258,147,293,301,29,0,289,147,13,18,23,0.4025,0.2384,0.3592,184,0,0,12,216,193,173,0,275,1053,164,19,18
91285083,1,Harshith revuru,47243,39649,1,7594,7,12,12,12,12,12,1,3,3,3,3,3,368,459,9736,21589,31304,47243,45,0,0,36,9,17,0,0,36,9,0,5,7,90,0,0,3,12,7939,5054,856,487,264,90,298,291,32,18,143,372,8,12,14,0.6366,0.1078,0.2556,86,0,0,138,36,0,135,162,114,671,74,43,184
91299082,0,Harshith revuru,51589,40967,1,10622,9,12,12,12,12,12,2,3,3,3,3,3,272,426,7641,16999,34923,51589,41,0,0,40,9,14,0,0,40,6,0,7,3,90,0,0,3,12,8155,4910,1376,525,228,90,251,249,45,15,144,291,7,10,14,0.6021,0.1687,0.2292,59,0,0,159,40,0,179,85,119,641,72,32,164
91299082,1,Friaseus ,40967,51589,0,-10622,8,12,12,12,12,12,1,2,3,3,3,3,476,2031,6742,15085,29527,40967,16,10,0,78,12,14,9,0,34,9,0,8,4,116,0,0,3,12,7935,4582,261,729,230,116,273,273,64,5,265,1076,35,12,14,0.5774,0.0329,0.3897,242,22,0,106,53,0,197,104,256,980,175,34,248
91323460,0,Harshith revuru,59438,28048,1,31390,9,12,12,12,12,12,2,3,3,3,3,3,278,200,7028,21290,37621,59438,39,0,0,37,12,14,0,0,37,9,0,5,7,88,0,0,3,12,8159,4946,1351,517,204,88,277,277,50,13,133,268,9,12,14,0.6062,0.1656,0.2282,55,0,0,129,54,0,120,156,108,622,75,33,184
91323460,1,Ruben Maya,28048,59438,0,-31390,10,10,10,10,10,0,1,2,2,2,2,2,116,390,8898,14847,21719,28048,251,0,0,0,19,19,0,0,0,10,4,6,1,270,2,0,2,0,6930,2700,467,523,424,270,857,566,29,7,638,347,68,11,23,0.3896,0.0674,0.543,92,0,0,0,29,148,156,34,304,763,315,111,63
91325985,0,Harshith revuru,59748,144897,0,-85149,9,12,12,12,12,12,2,3,3,3,3,3,234,381,7822,22430,43295,59748,38,0,0,40,5,14,0,0,40,4,0,7,7,83,0,0,3,12,8155,5149,1119,493,182,83,288,295,46,7,130,330,5,14,14,0.6314,0.1372,0.2314,60,0,0,120,21,0,167,125,109,602,73,31,195
91325985,1,Tianfang Li,144897,59748,1,85149,1,8,11,14,12,10,1,2,3,3,3,3,1716,15350,17557,62332,115494,144897,108,0,0,42,24,40,0,0,42,12,0,8,6,174,0,0,3,10,6633,2915,1033,920,354,174,307,300,27,84,293,145,53,14,14,0.4395,0.1557,0.4048,290,0,0,295,144,0,213,148,209,1299,163,22,165
91337981,0,Harshith revuru,55713,69308,0,-13595,9,12,12,12,12,12,2,3,3,3,3,3,301,265,7296,13601,34014,55713,44,0,0,37,6,14,0,0,37,4,0,7,6,87,0,0,3,12,8149,4882,1379,491,198,87,282,285,45,8,145,309,11,13,14,0.5991,0.1692,0.2317,71,0,0,130,30,0,159,136,124,650,83,35,189
91337981,1,MarvelousXun,69308,55713,1,13595,7,12,12,12,12,8,1,2,3,3,3,3,50,1994,8876,19527,50269,69308,20,0,0,60,12,13,0,0,31,9,0,8,6,92,0,0,3,8,7501,3855,537,861,355,92,510,378,28,94,378,247,135,17,14,0.5139,0.0716,0.4145,166,0,0,125,48,0,195,125,181,840,260,32,166
91345890,0,Harshith revuru,79338,48779,1,30559,9,12,12,12,12,12,2,3,3,3,3,3,270,210,7512,24222,51783,79338,39,0,0,37,5,14,0,0,37,4,0,7,7,81,0,0,3,12,8158,4946,1236,473,186,81,308,324,46,7,115,400,8,14,14,0.6063,0.1515,0.2422,56,0,0,128,22,0,175,155,94,630,76,31,218
91345890,1,MoongladeAI,48779,79338,0,-30559,7,7,9,9,10,7,1,1,1,1,1,1,1001,852,5437,13542,36545,48779,8,0,0,4,13,5,0,0,4,7,0,2,7,25,0,12,1,7,6148,2111,2977,252,60,25,121,102,4,16,113,230,118,9,10,0.3434,0.4842,0.1724,2445,0,0,31,78,0,0,106,89,2749,511,19,294
91399601,0,Harshith revuru,66699,64485,1,2214,4,8,12,12,12,12,2,2,3,3,3,3,378,2173,11814,23932,50869,66699,77,15,4,46,13,31,7,4,44,12,0,13,1,155,0,0,3,12,6828,3938,582,804,334,155,238,238,50,80,197,177,6,14,15,0.5767,0.0852,0.338,136,28,8,236,78,0,195,34,105,820,132,89,159
91399601,1,Harshith revuru,64485,66699,0,-2214,4,8,12,12,12,12,2,2,3,3,3,3,378,2139,11529,24248,49845,64485,85,15,4,41,16,36,7,4,40,12,0,13,2,161,0,0,3,12,6828,3919,621,777,333,161,247,248,48,68,193,177,6,15,15,0.574,0.0909,0.3351,140,28,16,208,91,0,188,44,114,829,133,90,157
91400144,0,Harshith revuru,72137,11600,1,60537,4,8,14,14,14,14,2,2,4,4,4,4,373,1472,8364,11180,43883,72137,98,33,6,41,17,48,11,6,41,12,1,6,11,195,0,0,4,14,7579,4328,724,856,353,195,275,274,51,72,214,195,5,18,19,0.5711,0.0955,0.3334,114,62,8,187,94,0,123,132,121,841,123,79,170
91400144,1,Nishanth Rajan,11600,72137,0,-60537,4,4,6,6,6,6,2,2,3,4,4,4,883,294,2344,1672,8194,11600,131,98,0,7,35,7,4,0,5,8,0,4,1,271,3,6,4,6,3659,2349,349,448,112,271,28,29,22,0,0,25,8,10,8,0.642,0.0954,0.2626,586,60,0,17,78,0,19,0,0,760,320,109,267
91401038,0,jazivxt,36914,56423,0,-19509,7,7,7,7,7,0,1,1,1,1,1,1,292,5442,18128,29287,33266,36914,26,18,0,0,14,8,5,0,0,10,1,3,3,58,0,0,1,0,5274,3569,597,247,106,58,178,190,21,0,180,114,0,7,7,0.6767,0.1132,0.2101,2321,2316,2300,2300,2372,2349,2392,2376,2473,21199,308,43,146
91401038,1,Harshith revuru,56423,36914,1,19509,4,4,12,14,14,14,2,2,4,4,4,4,409,805,7330,13423,37141,56423,106,20,6,50,14,40,9,6,50,12,0,15,1,196,0,0,4,14,7453,4195,661,885,387,196,271,271,58,78,195,208,15,16,17,0.5629,0.0887,0.3485,159,34,15,205,83,0,217,34,100,847,118,102,164
91401925,0,Ramana Prabhu Sana,36388,42390,0,-6002,9,9,9,9,9,0,1,1,1,1,1,1,284,3659,19163,34774,36811,36388,0,0,0,0,0,0,0,0,0,0,0,10,8,0,-1,0,1,0,6602,3099,1633,0,135,0,393,415,0,0,325,351,30,203,18,0.4694,0.2473,0.2832,27,0,0,0,0,0,268,201,325,821,83,0,252
91401925,1,Harshith revuru,42390,36388,1,6002,4,4,14,14,14,14,1,2,4,4,4,4,997,886,7586,12582,25367,42390,95,12,6,44,26,42,6,6,44,14,0,17,1,183,0,0,4,14,7317,4278,493,817,326,183,332,331,51,47,170,239,14,18,18,0.5847,0.0674,0.348,100,22,7,96,151,0,288,34,112,810,105,94,212
91402818,0,Harshith revuru,61494,23532,1,37962,4,8,12,12,12,12,2,2,3,3,3,3,402,1701,10511,14541,37834,61494,81,40,4,36,12,35,12,4,36,12,0,2,14,173,0,0,3,12,6929,4018,694,731,311,173,244,240,52,55,203,169,6,16,17,0.5799,0.1002,0.32,104,70,16,180,72,0,60,162,132,796,116,92,159
91402818,1,Mark Calvert,23532,61494,0,-37962,4,4,8,8,8,8,1,1,3,3,3,3,251,852,12273,14741,17257,23532,50,6,8,39,24,17,6,6,32,13,2,7,0,127,0,0,3,8,5118,2814,535,548,349,127,191,185,25,60,143,112,10,10,9,0.5498,0.1045,0.3456,45,12,103,405,114,170,449,0,127,1425,156,73,17
91403711,0,Harshith revuru,74255,86877,0,-12622,4,8,12,12,12,12,2,2,3,3,3,3,264,866,9586,29532,57217,74255,78,6,4,28,28,33,5,4,27,16,0,15,4,144,0,0,3,12,6822,3857,550,705,305,144,343,343,31,44,256,194,12,19,19,0.5654,0.0806,0.354,102,12,13,101,164,0,275,52,195,914,123,78,197
91403711,1,dlutwzh,86877,74255,1,12622,9,10,10,10,10,0,1,3,3,3,3,3,75,14782,14574,38057,71876,86877,17,0,0,34,11,9,0,0,26,9,0,8,6,62,0,0,3,0,7091,3314,967,779,318,62,407,329,16,83,524,227,34,15,16,0.4674,0.1364,0.3963,11,0,0,175,45,0,213,113,192,749,114,21,28
91404633,0,Harshith revuru,91758,23444,1,68314,4,8,12,12,12,12,2,2,3,3,3,3,349,1003,8342,29364,65453,91758,97,13,2,32,13,38,5,2,32,12,0,15,3,157,0,0,3,12,6862,3811,613,676,320,157,341,339,39,44,301,169,14,18,20,0.5554,0.0893,0.3553,145,24,6,145,75,0,285,57,237,974,129,84,196
91404633,1,Jun_value,23444,91758,0,-68314,8,8,8,8,8,8,1,4,4,4,4,4,416,4126,10517,12665,22139,23444,0,0,20,72,24,0,0,17,57,12,0,0,0,116,0,-1,4,8,6142,2789,1371,1443,325,116,0,0,80,0,0,0,18,0,0,0.4541,0.2232,0.3227,0,0,68,236,144,0,0,0,0,448,42,22,0
91405532,0,Farm-ops,66417,77251,0,-10834,4,12,12,12,12,10,1,3,4,4,4,4,497,1065,22019,34810,47271,66417,121,126,0,19,24,39,38,0,18,21,2,4,5,290,0,0,4,10,7004,3112,1122,980,331,290,265,270,77,96,268,119,51,11,12,0.4443,0.1602,0.3955,278,247,0,59,109,72,123,88,167,1143,193,213,48
91405532,1,Harshith revuru,77251,66417,1,10834,4,4,12,12,12,12,2,2,3,3,3,3,404,1052,6845,18617,55659,77251,75,11,0,44,17,35,5,0,44,12,0,15,1,147,0,0,3,12,6750,3802,626,734,328,147,290,290,38,57,212,188,6,16,16,0.5633,0.0927,0.344,103,22,0,191,92,0,250,34,144,836,108,80,171
91406434,0,Harshith revuru,66746,104502,0,-37756,4,4,12,12,12,12,2,2,3,3,3,3,374,1102,11007,24921,46734,66746,95,21,4,46,18,40,6,4,46,12,0,2,3,184,0,0,3,12,6715,3887,901,887,322,184,102,102,56,58,90,107,7,5,7,0.5789,0.1342,0.287,163,42,9,210,108,0,60,45,29,666,96,102,79
91406434,1,The Devil's World 678,104502,66746,1,37756,7,12,12,12,12,9,1,3,3,3,3,3,448,2921,18146,35471,76670,104502,34,0,0,44,21,11,0,0,40,11,0,8,6,99,0,0,3,9,7237,4000,473,791,302,99,311,324,34,90,319,367,92,21,14,0.5527,0.0654,0.3819,853,10,0,304,123,12,239,192,275,2008,378,51,324
91407358,0,Harshith revuru,67847,39956,1,27891,4,8,12,12,12,12,2,2,3,3,3,3,371,921,3872,24134,48969,67847,92,29,3,30,15,40,12,3,30,12,0,2,15,169,0,0,3,12,6653,3818,500,693,305,169,307,310,36,47,251,172,11,17,17,0.5739,0.0752,0.351,124,54,20,124,89,0,60,247,185,903,133,99,198
91407358,1,Sparsh389,39956,67847,0,-27891,6,10,14,14,14,6,1,2,4,4,4,4,822,2997,8719,27104,31894,39956,34,13,0,27,16,13,7,0,27,14,0,10,8,90,0,0,4,6,7629,4576,515,829,293,90,340,346,1,69,333,155,46,18,18,0.5998,0.0675,0.3327,265,39,0,139,96,0,332,224,220,1315,245,42,43
91408279,0,Veeranuch Leelalai,130180,64994,1,65186,6,11,12,12,12,12,1,3,3,3,3,3,439,1007,22740,60871,100088,130180,78,0,0,44,14,26,0,0,43,14,0,8,6,136,1,0,3,12,7550,4068,1055,712,350,136,316,301,23,101,307,95,44,28,14,0.5388,0.1397,0.3215,214,0,0,279,82,0,181,159,218,1133,154,30,28
91408279,1,Harshith revuru,64994,130180,0,-65186,4,4,12,12,12,12,1,2,3,3,3,3,1010,827,14775,24004,47752,64994,59,6,3,38,15,23,5,3,38,12,0,15,4,121,0,0,3,12,6664,3799,526,628,307,121,342,340,32,56,247,212,13,19,22,0.5701,0.0789,0.351,82,12,10,150,78,0,258,62,173,825,107,63,212
91409179,0,Harshith revuru,105563,41561,1,64002,4,8,14,14,14,14,1,2,4,4,4,4,972,425,9745,27209,66191,105563,78,11,6,49,19,26,5,6,49,12,0,17,2,163,0,0,4,14,7472,4339,536,774,345,163,366,367,43,56,259,179,7,19,19,0.5807,0.0717,0.3476,100,16,14,143,95,0,324,39,179,910,109,92,223
91409179,1,Bushel Seed,41561,105563,0,-64002,0,7,7,10,10,10,1,2,2,3,3,3,98,30,2709,2979,15336,41561,88,0,7,14,34,34,0,7,14,20,0,7,6,143,0,0,3,10,5223,2718,535,787,173,143,154,156,14,11,142,216,145,15,14,0.5204,0.1024,0.3772,479,0,27,38,109,0,62,69,133,917,99,65,102
91410091,0,Harshith revuru,75997,104309,0,-28312,4,8,12,12,12,12,2,2,3,3,3,3,370,1016,6103,26398,60832,75997,59,11,4,44,12,22,5,4,44,12,0,15,4,130,0,0,3,12,6788,3906,490,689,313,130,335,337,52,65,238,180,13,19,21,0.5754,0.0722,0.3524,94,20,8,197,71,0,269,54,155,868,119,71,208
91410091,1,Lemmes Yad,104309,75997,1,28312,5,7,11,11,11,11,1,2,2,2,2,2,3,7864,18441,49081,86876,104309,0,0,0,35,18,0,0,0,33,18,0,11,6,53,0,0,2,11,6607,3036,998,726,225,53,334,336,21,91,351,347,55,17,17,0.4595,0.1511,0.3894,897,0,0,228,107,0,272,139,234,1877,217,13,173
91411024,0,Harshith revuru,25693,51003,0,-25310,4,8,12,12,12,12,2,2,3,3,3,3,364,1570,9784,13726,21172,25693,121,57,4,26,17,49,30,4,26,12,0,9,1,225,0,0,3,12,6929,3876,922,838,335,225,175,176,31,45,160,119,5,10,12,0.5594,0.1331,0.3075,208,114,29,115,88,0,132,34,104,824,128,122,122
91411024,1,Anaconda,51003,25693,1,25310,8,12,12,12,12,12,1,2,3,3,3,3,523,3288,24839,35636,45872,51003,62,0,0,25,17,16,0,0,23,14,1,8,6,104,0,0,3,12,7768,4631,785,553,230,104,319,307,46,53,325,173,0,227,15,0.5962,0.1011,0.3028,187,0,0,157,101,54,178,142,273,1092,285,55,487
91411930,0,Leonid Zaporozhets,80086,54318,1,25768,8,8,12,12,12,12,1,3,3,3,3,3,198,5618,13633,29610,55472,80086,13,0,0,26,22,4,0,0,26,16,0,12,7,61,0,0,3,12,7861,4307,1454,447,169,61,370,322,18,30,345,114,186,19,19,0.5479,0.185,0.2671,18,0,0,157,132,0,253,135,310,1005,209,47,21
91411930,1,Harshith revuru,54318,80086,0,-25768,4,8,12,12,12,12,2,2,3,3,3,3,368,1714,3647,14145,41216,54318,75,15,4,40,14,30,5,4,40,12,2,14,1,148,0,0,3,12,6793,3891,625,728,315,148,272,273,43,59,186,210,8,17,18,0.5728,0.092,0.3352,132,26,7,179,81,10,213,33,112,793,126,74,174
91411961,0,Balram Gupta,57459,30818,1,26641,8,12,12,12,12,0,2,3,3,3,3,3,63,4861,23253,37043,48250,57459,70,0,0,46,25,26,0,0,42,12,3,7,5,141,0,0,3,0,7422,4149,323,988,369,141,320,282,17,72,318,168,245,15,15,0.559,0.0435,0.3975,250,0,0,198,126,117,160,115,280,1246,367,73,214
91411961,1,Harshith revuru,30818,57459,0,-26641,4,8,12,12,12,12,1,2,3,3,3,3,963,670,12997,23901,26502,30818,79,16,3,37,12,38,5,3,37,12,0,15,4,147,0,0,3,12,6780,3817,558,634,299,147,351,350,39,44,283,211,7,19,21,0.563,0.0823,0.3547,87,28,19,107,72,0,279,59,215,866,119,83,212
91412881,0,Harshith revuru,77111,80132,0,-3021,4,8,12,12,12,12,2,2,3,3,3,3,374,732,5981,29541,60006,77111,67,11,4,43,12,23,6,4,43,12,0,15,1,137,0,0,3,12,6876,4053,512,682,311,137,314,316,33,56,239,181,10,16,16,0.5894,0.0745,0.3361,119,22,7,171,68,0,282,34,167,870,133,83,188
91412881,1,Loshtradz,80132,77111,1,3021,4,12,12,12,14,12,1,2,3,3,3,3,479,12997,15169,30313,54997,80132,42,0,0,32,24,22,0,0,29,12,0,8,6,98,0,0,3,12,7692,4681,839,661,282,98,241,254,16,44,260,206,81,15,14,0.6086,0.1091,0.2824,487,0,0,172,131,0,161,131,220,1302,180,31,46
91413796,0,Harshith revuru,60849,89796,0,-28947,4,8,12,12,12,12,1,2,3,3,3,3,956,415,7086,22702,47465,60849,50,10,4,41,14,14,5,4,41,12,0,15,4,119,0,0,3,12,6607,3758,525,626,299,119,350,351,32,53,230,217,7,19,21,0.5688,0.0795,0.3517,70,18,6,152,72,0,280,57,159,814,116,62,213
91413796,1,Gmmastermind,89796,60849,1,28947,6,8,9,9,9,9,1,2,3,3,3,3,822,3445,20459,46838,76500,89796,25,0,0,43,21,7,0,0,39,12,0,7,6,89,0,0,3,9,6070,2319,606,827,326,89,570,354,46,0,465,347,89,14,18,0.382,0.0998,0.5181,61,0,0,95,93,0,185,153,279,866,171,23,54
91414714,0,Harshith revuru,114917,86235,1,28682,4,8,12,12,12,12,2,2,3,3,3,3,271,859,11891,29522,77954,114917,77,5,2,40,13,24,5,2,40,12,0,15,1,137,0,0,3,12,6702,3802,604,690,317,137,306,304,44,64,216,179,7,16,16,0.5673,0.0901,0.3426,128,10,1,177,78,0,266,33,138,831,106,75,190
91414714,1,shi_koyo,86235,114917,0,-28682,8,8,10,12,12,12,1,2,3,3,3,3,319,1483,9687,26698,57744,86235,39,0,0,45,27,15,0,0,40,15,0,8,8,111,0,0,3,12,7371,4161,706,803,252,111,312,338,48,60,296,191,60,16,17,0.5645,0.0958,0.3397,90,0,0,130,66,0,200,174,234,894,140,36,17
91415623,0,Jose Alejandro Rivera Jaramillo,74101,111678,0,-37577,6,10,11,11,11,9,1,3,3,3,3,3,266,1677,18478,41314,58406,74101,181,34,1,9,28,42,21,0,9,20,11,2,2,253,0,0,3,9,6923,3399,678,937,488,253,338,285,9,0,288,118,96,16,18,0.491,0.0979,0.4111,1357,54,0,34,129,323,63,68,279,2307,441,179,263
91415623,1,Harshith revuru,111678,74101,1,37577,4,4,12,12,12,12,1,2,3,3,3,3,970,443,12640,26366,69760,111678,53,6,3,42,15,19,5,3,42,12,0,15,3,119,0,0,3,12,6664,3865,513,648,311,119,336,332,32,51,220,189,9,18,21,0.58,0.077,0.343,70,12,10,164,83,0,276,45,152,812,92,57,209
91416524,0,payoon,71654,87044,0,-15390,9,11,13,13,13,13,1,2,3,3,3,3,451,753,3498,33443,55388,71654,37,18,0,31,21,10,4,0,22,14,0,11,8,107,0,0,3,13,8676,5456,720,588,270,107,343,360,35,63,351,209,136,19,19,0.6289,0.083,0.2882,1052,44,0,168,108,0,231,164,284,2051,303,55,120
91416524,1,Harshith revuru,87044,71654,1,15390,4,8,12,12,12,12,2,2,3,3,3,3,317,716,10585,31613,68708,87044,74,6,4,41,13,30,5,4,41,12,0,15,1,138,0,0,3,12,6872,3972,574,690,313,138,317,317,38,53,236,189,3,16,16,0.578,0.0835,0.3385,109,12,7,171,72,0,282,34,175,862,104,76,190
91417422,0,Harshith revuru,76007,62842,1,13165,4,8,12,12,12,12,2,2,3,3,3,3,414,1102,10399,31961,60059,76007,74,10,2,46,13,29,5,2,46,12,0,1,15,145,0,0,3,12,6914,4033,533,730,311,145,299,299,39,58,226,203,6,16,16,0.5833,0.0771,0.3396,109,20,4,193,78,0,36,282,152,874,115,79,180
91417422,1,Henfry De Los Santos,62842,76007,0,-13165,10,10,10,10,10,8,1,2,3,3,3,3,106,10442,23929,42267,53937,62842,66,13,0,4,32,17,7,0,4,25,0,3,7,115,0,0,3,8,7265,4333,757,656,203,115,252,253,2,0,215,213,246,10,10,0.5964,0.1042,0.2994,70,26,0,15,159,0,101,192,211,774,234,100,179
91418325,0,Harshith revuru,98824,83856,1,14968,4,8,12,12,12,12,2,2,3,3,3,3,273,892,11916,29668,69995,98824,77,6,3,44,12,30,5,3,44,12,0,15,1,142,0,0,3,12,6878,3956,567,697,321,142,318,317,43,56,229,188,12,16,16,0.5752,0.0824,0.3424,123,12,7,169,68,0,288,34,158,859,107,76,201
91418325,1,Aftxb,83856,98824,0,-14968,3,8,13,13,13,10,1,2,3,3,3,3,302,5831,15465,34906,61331,83856,24,0,0,42,23,7,0,0,42,12,0,8,6,89,0,0,3,10,7412,4973,152,747,303,89,288,289,29,32,282,160,37,17,14,0.6709,0.0205,0.3086,57,0,0,176,125,0,169,125,235,887,133,44,191
91419173,0,Harshith revuru,68860,41546,1,27314,4,8,12,12,12,12,2,2,3,3,3,3,374,1763,13274,25527,48520,68860,109,25,4,46,17,44,10,4,46,12,0,2,1,201,0,0,3,12,6943,4020,999,936,351,201,83,83,52,42,80,84,6,3,3,0.579,0.1439,0.2771,210,50,16,216,90,0,60,34,33,709,98,108,69
91419173,1,Matthew Huang,41546,68860,0,-27314,9,9,9,9,9,0,1,1,1,1,1,1,98,9343,24003,33234,36651,41546,43,1,0,0,14,12,1,0,0,7,0,6,6,58,0,0,1,0,6521,4298,674,243,152,58,281,247,0,43,273,82,0,158,12,0.6591,0.1034,0.2375,139,2,0,0,84,0,162,111,230,728,148,31,116
91419222,0,Harshith revuru,58319,61043,0,-2724,4,4,14,14,14,14,1,2,4,4,4,4,986,630,9785,11377,35654,58319,103,24,6,27,19,47,16,6,27,12,0,8,16,179,0,0,4,14,7301,4101,567,665,315,179,413,413,44,34,279,232,11,24,24,0.5617,0.0777,0.3606,123,36,22,79,76,0,192,215,221,964,132,103,234
91419222,1,Ryan Hancock,61043,58319,1,2724,4,9,12,12,12,0,1,2,3,3,3,3,38,2657,13440,32126,47017,61043,49,93,0,6,46,10,43,0,6,44,0,6,4,194,0,0,3,0,6712,3480,499,1134,275,194,249,249,17,48,239,223,82,10,13,0.5185,0.0743,0.4072,391,247,0,18,164,0,183,102,185,1290,222,131,183
91420135,0,Harshith revuru,38967,42690,0,-3723,4,8,12,12,12,12,2,2,3,3,3,3,360,933,10500,24275,35506,38967,120,50,4,17,17,54,18,4,17,12,0,15,1,208,0,0,3,12,6914,3938,523,734,335,208,306,305,39,38,246,202,8,16,16,0.5696,0.0756,0.3548,154,86,23,91,94,0,263,34,191,936,147,113,183
91420135,1,Yang Zong-Yu phD,42690,38967,1,3723,3,10,10,10,10,3,1,2,2,2,2,2,1091,409,17192,33360,41614,42690,119,0,0,18,23,31,0,0,17,12,0,9,3,160,0,0,2,3,6398,3823,371,746,177,160,271,273,66,104,257,126,0,12,12,0.5975,0.058,0.3445,3202,0,0,52,126,0,183,101,139,3803,649,118,534
91421043,0,Harshith revuru,87340,93926,0,-6586,4,8,12,12,12,12,2,2,3,3,3,3,424,1151,10182,29495,65531,87340,58,10,4,43,14,21,5,4,43,12,0,15,2,129,0,0,3,12,6698,3904,451,683,304,129,313,312,39,66,248,204,10,17,18,0.5829,0.0673,0.3498,90,20,7,181,79,0,278,38,167,860,112,71,194
91421043,1,ManasviSharma,93926,87340,1,6586,9,7,10,10,10,0,1,3,3,3,3,3,579,213,25695,43814,78114,93926,82,0,0,45,12,20,0,0,44,12,0,5,1,139,0,0,3,0,6792,4149,389,1061,323,139,165,166,42,40,159,70,71,6,12,0.6109,0.0573,0.3319,317,0,0,235,72,0,163,33,141,961,160,86,68
91421140,0,Andrey Aristov,96568,110079,0,-13511,4,8,12,12,12,9,1,2,3,3,3,3,221,2554,17456,37921,69454,96568,122,3,0,35,27,33,3,0,31,19,0,8,5,187,0,0,3,9,6597,3760,61,1216,297,187,265,248,36,5,275,201,14,18,14,0.57,0.0092,0.4208,143,0,0,115,90,0,167,115,257,887,107,92,104
91421140,1,Harshith revuru,110079,96568,1,13511,4,8,12,12,12,12,2,2,3,3,3,3,369,910,7761,31007,75434,110079,58,10,4,44,12,19,5,4,44,12,0,2,15,128,0,0,3,12,6867,3969,572,700,307,128,315,315,36,62,238,185,6,17,17,0.578,0.0833,0.3387,109,20,6,182,72,0,60,260,158,867,117,74,188
91421949,0,Harshith revuru,104272,74358,1,29914,4,4,12,12,12,12,2,2,3,3,3,3,209,1071,11663,33391,70338,104272,75,9,0,29,23,29,5,0,29,12,0,4,15,136,0,0,3,12,6651,3711,641,660,282,136,340,338,31,48,256,162,8,19,19,0.558,0.0964,0.3457,109,18,0,122,123,0,63,270,185,890,131,82,195
91421949,1,Wei Han,74358,104272,0,-29914,9,11,12,13,13,0,1,1,3,3,3,3,774,2053,3345,19703,44739,74358,51,22,0,50,7,19,15,0,49,7,0,7,2,130,0,0,3,0,7587,3124,2728,727,268,130,140,156,26,0,161,38,0,80,9,0.4118,0.3596,0.2287,213,39,0,175,42,0,144,18,161,792,147,92,145
91422852,0,Jaume Batlle i Ferrer,55735,60815,0,-5080,6,12,12,12,12,10,1,2,3,3,3,3,492,2910,11470,29581,45352,55735,25,29,0,75,25,9,6,0,45,8,0,8,6,154,0,0,3,10,7432,4116,499,962,287,154,290,287,102,76,275,282,13,75,14,0.5538,0.0671,0.379,35,44,0,279,96,0,151,170,205,980,130,74,307
91422852,1,Harshith revuru,60815,55735,1,5080,4,8,12,12,12,12,2,2,3,3,3,3,378,859,11357,33790,51135,60815,115,26,3,26,16,41,10,3,26,12,0,1,15,186,0,0,3,12,6916,3872,671,716,303,186,311,309,37,24,269,176,10,16,16,0.5599,0.097,0.3431,175,50,22,80,77,0,36,285,226,951,147,113,166
91423764,0,alexander kern,103368,110365,0,-6997,6,11,11,11,11,8,1,2,3,3,3,3,894,2176,21723,36161,73813,103368,42,0,0,41,21,15,0,0,41,12,0,5,3,104,0,0,3,8,6908,4036,959,773,250,104,176,200,44,58,165,126,1,8,8,0.5843,0.1388,0.2769,324,0,0,229,124,0,155,57,102,991,85,25,28
91423764,1,Harshith revuru,110365,103368,1,6997,4,8,12,12,12,12,2,2,3,3,3,3,353,971,9115,30831,71790,110365,55,6,2,45,12,18,5,2,45,12,0,3,15,120,0,0,3,12,6774,3904,582,649,282,120,340,343,32,57,261,163,5,18,18,0.5763,0.0859,0.3378,88,12,3,171,71,0,86,262,182,875,110,68,217
91424657,0,Harshith revuru,90984,72956,1,18028,4,4,12,12,12,12,1,2,3,3,3,3,1120,859,8269,24319,67095,90984,58,6,3,45,13,22,5,3,45,12,0,1,15,125,0,0,3,12,6566,3822,546,652,281,125,307,308,47,57,214,166,9,16,16,0.5821,0.0832,0.3348,78,12,3,179,77,0,36,282,142,809,112,67,194
91424657,1,Adrien Secondaire,72956,90984,0,-18028,5,9,14,13,12,9,1,2,3,3,3,3,186,1868,20334,37186,57641,72956,42,0,0,35,24,7,0,0,33,12,0,8,6,101,0,0,3,9,7277,4323,277,968,289,101,344,279,23,81,330,93,141,14,14,0.5941,0.0381,0.3679,84,0,0,154,122,0,150,118,238,866,178,12,219
91425554,0,Harshith revuru,55660,57222,0,-1562,4,8,12,12,12,12,2,2,3,3,3,3,376,1356,11252,23649,41556,55660,87,22,4,46,18,38,6,4,46,12,5,2,1,177,0,0,3,12,6803,3896,964,882,330,177,114,113,50,48,97,112,4,8,8,0.5727,0.1417,0.2856,172,44,12,200,102,20,60,34,40,684,90,87,78
91425554,1,QSS Technosoft AI Team,57222,55660,1,1562,7,12,12,12,12,12,1,2,3,3,3,3,93,1429,11152,15813,38712,57222,39,0,0,42,22,11,0,0,40,12,2,8,6,103,0,0,3,12,7689,4331,779,599,295,103,362,364,15,60,293,384,23,64,17,0.5633,0.1013,0.3354,69,0,0,205,81,43,189,121,175,883,115,59,253
91426473,0,David Nana Kofi Ofosu-Arko,91345,73571,1,17774,3,6,12,12,12,0,1,3,4,4,4,4,320,3345,4673,33978,67237,91345,51,43,1,42,26,19,19,1,39,14,0,14,10,163,0,0,4,0,6382,3698,51,685,325,163,384,323,54,27,323,158,112,55,24,0.5794,0.008,0.4126,89,46,3,135,111,0,199,158,296,1037,229,102,207
91426473,1,Harshith revuru,73571,91345,0,-17774,4,8,12,12,12,12,2,2,3,3,3,3,439,1069,7286,24219,55810,73571,68,8,1,41,13,29,5,1,41,12,0,15,4,131,0,0,3,12,6701,3884,501,665,302,131,334,338,34,60,209,192,11,19,21,0.5796,0.0748,0.3456,101,16,6,168,78,0,259,67,137,832,111,71,207
91427388,0,Harshith revuru,81574,85166,0,-3592,4,8,12,12,12,12,2,2,3,3,3,3,372,619,7402,31487,61358,81574,69,24,3,43,12,25,11,3,43,12,0,2,15,151,0,0,3,12,6866,3943,497,725,335,151,320,322,39,62,254,177,7,17,17,0.5743,0.0724,0.3533,98,46,12,188,72,0,60,270,177,923,135,91,185
91427388,1,gytdrop,85166,81574,1,3592,3,8,13,13,13,10,1,2,3,3,3,3,251,8024,14450,36343,66193,85166,63,0,0,41,24,16,0,0,41,12,0,8,6,128,0,0,3,10,7413,4597,106,1007,333,128,312,309,23,75,302,153,39,15,14,0.6201,0.0143,0.3656,110,0,0,206,138,0,211,129,220,1014,152,53,165
91428061,0,Harshith revuru,91452,67771,1,23681,4,8,12,12,12,12,2,2,3,3,3,3,380,1310,10739,33036,67009,91452,114,26,4,20,16,39,11,4,20,12,0,4,15,180,0,0,3,12,6868,3844,608,665,311,180,344,343,28,37,279,181,8,19,21,0.5597,0.0885,0.3518,179,50,23,85,91,0,63,277,220,988,132,111,194
91428061,1,cedric stephan ,67771,91452,0,-23681,8,10,10,10,10,10,1,2,3,3,3,3,328,13661,9093,21775,43093,67771,32,0,0,46,20,9,0,0,40,12,0,8,6,98,0,0,3,10,6919,4360,569,746,250,98,166,187,50,0,156,248,62,14,13,0.6301,0.0822,0.2876,47,0,0,145,86,0,124,54,145,601,148,19,143
91431900,0,Beria Kalpelbe,60309,54635,1,5674,3,4,12,12,12,6,1,1,4,4,4,4,703,214,7084,25036,50862,60309,43,11,10,38,15,12,6,8,36,15,0,12,8,117,0,4,4,6,6462,3424,525,685,334,117,338,320,44,105,339,154,37,20,20,0.5299,0.0812,0.3889,165,33,29,130,84,0,209,67,177,894,106,58,92
91431900,1,Harshith revuru,54635,60309,0,-5674,4,8,12,12,12,12,2,2,3,3,3,3,413,886,4766,22145,39535,54635,74,12,3,40,16,34,5,3,40,12,0,15,3,145,0,0,3,12,6788,3852,599,699,312,145,315,317,39,60,225,176,11,18,20,0.5675,0.0882,0.3443,109,22,5,166,88,0,250,52,148,840,102,75,204
91443696,0,nobody,90598,109313,0,-18715,1,8,11,14,12,11,1,2,3,3,3,3,1719,14534,12811,34376,65495,90598,108,0,0,42,24,36,0,0,29,12,0,5,5,174,0,0,3,11,6643,2935,1009,925,360,174,308,300,27,84,296,145,52,14,14,0.4418,0.1519,0.4063,297,0,0,320,144,0,214,148,209,1332,173,22,165
91443696,1,Harshith revuru,109313,90598,1,18715,4,4,12,12,12,12,1,2,3,3,3,3,1103,622,11392,29701,73228,109313,64,7,3,46,12,26,5,3,46,12,0,15,1,132,0,0,3,12,6659,3828,529,690,313,132,317,315,36,52,237,166,12,16,16,0.5749,0.0794,0.3457,101,14,4,174,72,0,288,34,167,854,104,73,201
91457234,0,cobrapigeon,95597,110359,0,-14762,3,10,10,10,10,0,1,3,3,3,3,3,493,5294,15821,44370,78855,95597,95,0,0,33,36,16,0,0,29,19,0,5,3,164,0,0,3,0,6263,3655,304,771,298,164,208,204,40,131,192,152,128,8,8,0.5836,0.0485,0.3679,404,0,0,168,137,0,156,89,158,1112,186,96,30
91457234,1,Harshith revuru,110359,95597,1,14762,4,4,12,12,12,12,2,2,3,3,3,3,378,842,11575,30028,76847,110359,71,9,3,37,14,27,5,3,37,12,0,15,1,134,0,0,3,12,6659,3814,601,669,307,134,294,297,41,68,238,156,8,16,16,0.5728,0.0903,0.337,84,18,2,179,83,0,261,34,155,816,107,74,178
91473483,0,Spiros Skarmoutsos,97877,93787,1,4090,1,8,12,14,13,6,1,2,3,3,3,3,1003,10726,21031,41933,73883,97877,92,0,0,42,24,40,0,0,42,12,0,8,6,158,0,0,3,6,6773,3028,992,919,370,158,322,314,45,78,263,164,92,14,14,0.4471,0.1465,0.4065,686,0,0,232,103,0,179,117,185,1502,287,18,219
91473483,1,Harshith revuru,93787,97877,0,-4090,4,8,12,12,12,12,2,2,3,3,3,3,374,668,6074,30627,68815,93787,69,15,4,46,12,22,6,4,45,12,0,1,15,146,0,0,3,12,6824,3924,521,729,310,146,308,311,53,68,248,170,4,16,16,0.575,0.0763,0.3486,111,30,7,192,72,0,35,288,167,902,114,89,198
91496419,0,Harshith revuru,59851,75109,0,-15258,4,8,12,12,12,12,2,2,3,3,3,3,380,1001,10396,22267,43385,59851,70,12,4,46,14,28,7,4,46,12,0,15,1,146,0,0,3,12,6793,3998,451,745,339,146,294,293,36,57,221,170,11,16,16,0.5885,0.0664,0.3451,110,24,5,214,84,0,249,34,147,867,125,83,196
91496419,1,KrishnaKumarSelvam,75109,59851,1,15258,8,10,10,10,10,10,1,3,3,3,3,3,1462,2786,21675,37208,62459,75109,14,0,0,35,19,13,0,0,31,11,0,8,6,68,0,0,3,10,7042,3790,913,793,230,68,292,298,28,44,297,125,136,14,14,0.5382,0.1297,0.3321,44,0,0,197,96,0,209,147,261,954,171,23,51
91497299,0,Bushel Seed,100275,99984,1,291,3,10,10,10,10,10,1,3,3,3,3,3,364,1051,9905,36403,74487,100275,19,0,0,45,32,12,0,0,41,20,0,4,10,96,0,0,3,10,6100,3111,306,1003,286,96,280,288,1,30,281,278,112,14,14,0.51,0.0502,0.4398,246,0,0,187,150,0,102,230,241,1156,119,48,93
91497299,1,Harshith revuru,99984,100275,0,-291,4,8,12,12,12,12,2,2,3,3,3,3,342,634,9363,32354,72696,99984,60,14,1,44,13,22,5,1,44,12,0,4,15,132,0,0,3,12,6869,3959,514,696,309,132,347,347,33,57,261,168,8,19,19,0.5764,0.0748,0.3488,100,28,4,185,71,0,81,274,184,927,113,80,215
91507188,0,Harshith revuru,55183,68842,0,-13659,4,8,14,14,14,14,1,2,4,4,4,4,1122,1071,6600,21121,43201,55183,98,11,3,47,16,47,5,3,47,12,0,1,17,175,0,0,4,14,7400,4261,582,774,332,175,339,337,43,54,219,237,11,18,18,0.5758,0.0786,0.3455,149,16,9,133,85,0,33,312,149,886,119,100,223
91507188,1,Alexander Buslaev,68842,55183,1,13659,4,10,14,14,13,12,1,2,3,3,3,3,14,2800,13334,40346,63878,68842,97,0,0,29,12,11,0,0,29,8,0,10,6,138,0,0,3,12,7927,3506,1556,863,324,138,352,360,31,69,336,195,0,181,16,0.4423,0.1963,0.3614,168,0,0,193,65,0,211,185,268,1090,228,112,148
91547760,0,Harshith revuru,65292,75161,0,-9869,4,4,12,12,12,12,2,2,3,3,3,3,342,1127,7586,29546,49940,65292,74,13,4,31,25,30,8,4,31,13,0,15,6,147,0,0,3,12,6734,3309,754,776,327,147,370,366,37,73,351,175,4,21,24,0.4914,0.112,0.3966,77,20,22,160,104,0,257,81,245,966,126,83,197
91547760,1,Harshith revuru,75161,65292,1,9869,4,4,12,12,12,12,2,2,3,3,3,3,342,753,11169,36571,56819,75161,68,13,2,43,12,27,8,2,43,12,0,15,5,138,0,0,3,12,6653,3229,714,770,351,138,366,358,32,104,346,200,3,20,22,0.4853,0.1073,0.4073,79,20,7,222,61,0,249,71,207,916,119,71,195
91548305,0,Radhakrishnan Guhan,26629,143908,0,-117279,4,4,4,4,4,0,1,1,1,1,1,1,2681,3150,7439,17807,24687,26629,214,0,0,0,32,25,0,0,0,10,0,0,0,246,0,-1,1,0,3296,1280,571,999,182,246,0,0,13,0,0,0,5,0,0,0.3883,0.1732,0.4384,275,0,0,0,222,0,0,0,0,497,498,38,0
91548305,1,Harshith revuru,143908,26629,1,117279,4,8,14,14,14,14,1,2,4,4,4,4,1011,1091,9421,32863,90483,143908,77,14,6,50,20,26,6,6,50,12,0,17,4,167,0,0,4,14,7440,3428,918,956,427,167,391,389,31,124,372,187,5,21,24,0.4608,0.1234,0.4159,74,26,30,251,89,0,320,49,217,1056,129,94,208
91549217,0,Dziriyin wa9il,72208,75589,0,-3381,5,10,12,12,12,12,1,2,3,3,3,3,1060,10093,14802,36636,60220,72208,47,3,0,20,22,7,1,0,17,14,1,4,12,92,0,0,3,12,7165,4191,883,535,228,92,297,309,14,48,249,164,92,47,16,0.5849,0.1232,0.2918,475,6,0,78,132,34,93,228,201,1247,361,56,145
91549217,1,Harshith revuru,75589,72208,1,3381,4,8,12,12,12,12,2,2,3,3,3,3,349,873,5564,32481,64286,75589,75,19,2,45,12,27,6,2,45,12,0,1,15,153,0,0,3,12,6873,3373,941,805,334,153,306,303,26,100,291,205,4,16,16,0.4908,0.1369,0.3723,94,38,15,237,64,0,36,278,179,941,124,88,157
91550112,0,Datta Dhebe,62976,73819,0,-10843,11,11,11,13,11,11,1,2,3,3,3,3,254,226,14953,30772,50059,62976,6,1,0,37,32,5,1,0,36,20,0,7,7,76,0,0,3,11,7884,4259,1600,563,244,76,293,295,24,59,240,194,9,14,14,0.5402,0.2029,0.2568,22,3,0,168,156,0,193,139,176,857,83,24,221
91550112,1,Harshith revuru,73819,62976,1,10843,4,8,12,12,12,12,2,2,3,3,3,3,415,959,5720,27534,59510,73819,80,10,3,46,12,30,5,3,46,12,2,15,1,151,0,0,3,12,6699,3195,910,824,344,151,310,308,32,102,292,192,3,18,18,0.4769,0.1358,0.3872,104,20,12,247,64,0,257,34,173,911,127,83,170
91551027,0,Hugelidus,39955,20342,1,19613,5,5,9,10,12,10,1,2,3,3,3,3,116,694,23412,36813,35849,39955,85,0,0,17,34,37,0,0,16,21,0,8,6,136,0,0,3,10,6873,4322,87,808,258,136,321,325,37,31,279,179,62,14,14,0.6288,0.0127,0.3585,61,0,0,111,166,0,214,134,233,919,126,26,141
91551027,1,Harshith revuru,20342,39955,0,-19613,4,8,12,12,12,12,2,2,3,3,3,3,344,748,10201,18493,17640,20342,121,54,4,17,17,56,21,4,17,12,2,15,1,213,0,0,3,12,6877,3225,1094,791,359,213,305,305,24,29,291,203,2,18,18,0.469,0.1591,0.372,144,104,25,78,90,0,246,34,225,946,125,107,158
91551956,0,Dimas Renggana,63885,111134,0,-47249,3,6,8,12,12,3,1,2,2,3,3,3,189,6356,17768,39246,52403,63885,53,37,0,11,17,17,20,0,10,10,0,6,11,118,0,0,3,3,5790,3658,235,368,169,118,234,295,47,32,301,180,119,17,17,0.6318,0.0406,0.3276,163,54,0,64,66,0,176,147,294,964,200,91,64
91551956,1,Harshith revuru,111134,63885,1,47249,4,8,12,12,12,12,2,2,3,3,3,3,341,1140,8460,36534,80632,111134,79,12,2,36,22,32,7,2,36,12,0,15,3,151,0,0,3,12,6825,3218,990,821,335,151,332,329,25,91,315,175,7,18,18,0.4715,0.1451,0.3834,120,24,10,180,111,0,262,49,205,961,146,85,174
91552886,0,vineet dairashri,74799,79707,0,-4908,8,12,12,12,12,12,1,3,4,4,4,4,363,1933,12453,38205,61193,74799,106,4,4,29,21,30,3,4,29,16,3,8,9,164,0,0,4,12,8073,4539,702,829,373,164,349,354,0,42,352,105,224,20,20,0.5622,0.087,0.3508,113,8,23,135,102,48,98,218,281,1026,246,109,52
91552886,1,Harshith revuru,79707,74799,1,4908,4,8,12,12,12,12,2,2,3,3,3,3,347,1154,9089,32114,59137,79707,84,11,3,42,15,37,5,3,42,12,0,2,15,155,0,0,3,12,6735,3353,895,790,316,155,310,310,35,79,293,161,4,17,17,0.4978,0.1329,0.3693,99,22,14,212,89,0,60,250,197,943,121,88,172
91553805,0,Lê Quốc Duy,63825,58900,1,4925,11,12,12,12,12,12,1,3,3,3,3,3,549,4257,10951,28939,53637,63825,111,0,0,31,36,36,0,0,31,25,0,4,6,178,7,0,3,12,8146,4305,1316,979,258,178,265,263,25,48,268,76,126,29,10,0.5285,0.1616,0.31,233,0,0,165,160,0,141,177,249,1125,163,99,132
91553805,1,Harshith revuru,58900,63825,0,-4925,4,8,14,14,14,14,2,3,4,4,4,4,352,406,9177,21612,43922,58900,153,49,6,50,20,64,21,6,50,12,0,2,1,278,0,0,4,14,7368,3659,1350,1173,463,278,83,83,45,46,80,99,3,3,3,0.4966,0.1832,0.3202,273,88,23,254,106,0,60,34,31,869,93,157,38
91554743,0,vladee,43318,83840,0,-40522,7,12,12,12,12,0,2,3,3,3,3,3,8,6547,7193,30616,34860,43318,24,0,0,41,17,14,0,0,34,13,0,11,4,82,0,0,3,0,7671,3948,1087,590,332,82,316,415,1,77,399,194,188,21,21,0.5147,0.1417,0.3436,155,0,0,136,78,0,210,58,194,831,193,27,272
91554743,1,Harshith revuru,83840,43318,1,40522,4,8,12,12,12,12,2,2,3,3,3,3,360,1067,10679,31667,58282,83840,90,22,4,35,17,35,7,4,35,12,0,1,15,168,0,0,3,12,6869,3371,1045,781,326,168,306,305,31,63,290,147,4,16,16,0.4908,0.1521,0.3571,128,44,24,168,88,0,36,277,209,974,132,100,169
91555661,0,Hax2456,127760,113832,1,13928,6,10,12,12,12,10,1,2,3,3,3,3,573,3906,19349,47435,89897,127760,5,0,0,46,18,4,0,0,42,10,0,8,7,69,0,0,3,10,7072,3740,686,672,270,69,321,329,33,75,320,440,87,15,15,0.5288,0.097,0.3742,832,0,0,292,102,0,220,177,243,1866,350,44,370
91555661,1,Harshith revuru,113832,127760,0,-13928,4,8,12,12,12,12,1,2,3,3,3,3,963,717,12162,34103,79056,113832,75,8,4,44,13,26,5,4,44,12,0,15,1,144,0,0,3,12,6698,3085,1001,777,354,144,334,334,34,96,318,184,5,16,16,0.4606,0.1494,0.39,68,16,14,233,69,0,293,34,202,929,107,89,168
91556592,0,Sarthak Sharma ,85519,83987,1,1532,4,9,9,9,9,10,1,2,2,2,2,2,1245,2736,24417,42535,61152,85519,70,0,0,23,28,25,0,0,19,12,0,8,6,121,0,0,2,10,6169,3004,426,844,252,121,290,310,25,118,305,296,0,164,14,0.487,0.0691,0.444,551,0,0,145,132,0,210,151,246,1435,263,29,91
91556592,1,Harshith revuru,83987,85519,0,-1532,4,8,12,12,12,12,2,2,3,3,3,3,354,1079,6999,32661,59571,83987,111,30,4,29,16,43,12,4,29,12,0,1,15,190,0,0,3,12,6869,3246,1123,804,338,190,306,303,30,50,291,152,4,16,16,0.4726,0.1635,0.364,137,58,27,133,88,0,36,270,224,973,142,110,142
91557519,0,Harshith revuru,88960,70503,1,18457,4,8,12,12,12,12,2,2,3,3,3,3,353,886,8827,35936,67372,88960,80,17,4,43,12,30,5,4,43,12,0,1,15,156,0,0,3,12,6830,3407,943,774,328,156,305,305,35,75,291,173,4,16,18,0.4988,0.1381,0.3631,107,28,21,221,67,0,36,279,196,955,113,94,170
91557519,1,Mr.S hanakosan,70503,88960,0,-18457,8,8,12,12,12,12,1,3,3,3,3,3,1661,737,15475,33767,54908,70503,20,0,0,46,24,8,0,0,38,18,0,7,6,90,0,0,3,12,7845,4374,1284,828,251,90,196,217,16,50,194,135,184,13,13,0.5576,0.1637,0.2788,89,0,0,219,138,0,155,75,144,820,195,53,182
91558438,0,souju00,58135,19000,1,39135,3,14,9,14,12,10,1,3,3,3,3,3,532,6142,16338,38255,44636,58135,144,0,0,39,17,60,0,0,38,12,0,8,4,200,0,0,3,10,6760,2881,1076,1019,399,200,280,286,42,76,299,133,44,12,13,0.4262,0.1592,0.4146,450,0,0,303,102,0,221,132,223,1431,155,68,142
91558438,1,Harshith revuru,19000,58135,0,-39135,4,8,12,14,14,14,2,2,4,4,4,4,339,1398,6684,14691,16236,19000,159,37,4,41,17,71,18,4,41,12,0,10,1,258,0,0,4,14,7303,3510,1153,1061,421,258,207,207,40,56,196,168,2,11,13,0.4806,0.1579,0.3615,249,68,27,179,90,0,150,34,128,925,128,140,99
91559363,0,Harshith revuru,107171,94103,1,13068,4,8,14,14,14,14,1,2,4,4,4,4,789,1272,8751,31972,73537,107171,117,23,6,48,13,46,15,6,48,12,0,1,17,207,0,0,4,14,7447,3631,836,958,405,207,350,350,41,110,332,185,6,18,18,0.4876,0.1123,0.4002,102,34,29,226,72,0,36,319,201,1019,120,100,175
91559363,1,Ademola Arigbabuwo,94103,107171,0,-13068,6,8,12,12,12,11,2,2,3,3,3,3,309,118,11842,36237,60299,94103,80,0,0,35,29,25,0,0,35,15,0,8,6,144,0,0,3,11,7397,3505,1014,1104,255,144,286,285,31,80,279,341,45,14,14,0.4738,0.1371,0.3891,105,0,0,151,174,0,167,127,201,925,134,56,105
91560287,0,Harshith revuru,85494,104783,0,-19289,4,8,12,14,14,14,2,2,4,4,4,4,336,799,7213,29141,66244,85494,107,20,6,47,13,40,11,6,47,12,0,3,17,193,0,0,4,14,7432,3608,859,942,403,193,353,353,42,115,334,186,2,20,22,0.4855,0.1156,0.399,103,40,34,204,70,0,54,289,189,983,130,116,170
91560287,1,JustinLee,104783,85494,1,19289,5,12,12,12,12,0,1,2,2,2,2,2,496,3676,27543,60305,89506,104783,0,0,0,24,19,0,0,0,20,17,0,6,6,43,2,0,2,0,7126,3918,972,345,197,43,271,272,23,59,277,355,370,12,12,0.5498,0.1364,0.3138,463,0,0,167,108,0,195,143,226,1302,325,17,116
91561223,0,Harshith revuru,45770,73340,0,-27570,4,8,12,14,14,14,2,2,4,4,4,4,346,1659,6808,17025,39422,45770,127,34,6,50,13,54,15,6,50,12,0,12,1,230,0,0,4,14,7318,3577,984,1055,430,230,227,226,46,103,215,194,2,13,16,0.4888,0.1345,0.3767,179,62,41,262,78,0,174,34,101,931,111,119,113
91561223,1,Guzha Panashe H,73340,45770,1,27570,7,9,12,12,12,9,1,3,3,3,3,3,540,1408,17559,34968,61736,73340,33,0,0,41,21,11,0,0,37,11,0,8,6,95,0,0,3,9,7219,3963,626,742,285,95,300,301,31,78,306,363,95,20,14,0.549,0.0867,0.3643,859,0,0,291,122,0,230,168,229,1899,361,51,324
91562152,0,Simon Rüba,91304,37272,1,54032,1,8,11,14,12,10,1,2,3,3,3,3,1705,16280,18324,48208,75420,91304,109,0,0,42,24,41,0,0,42,12,0,8,6,175,0,0,3,10,6571,2893,996,912,357,175,307,301,29,84,292,146,51,14,14,0.4403,0.1516,0.4082,285,0,0,299,144,0,213,144,208,1293,158,22,163
91562152,1,Harshith revuru,37272,91304,0,-54032,4,8,12,12,12,12,1,2,3,3,3,3,981,892,9615,19599,36853,37272,74,8,3,45,14,28,5,3,45,12,0,14,1,144,0,0,3,12,6705,3113,1043,787,353,144,310,310,34,85,296,197,2,15,16,0.4643,0.1556,0.3802,67,16,22,215,75,0,282,34,194,905,110,82,174
91562966,0,Alex,149126,95498,1,53628,3,14,9,14,12,10,1,3,3,3,3,3,391,8640,24407,69510,114418,149126,146,0,0,36,23,57,0,0,36,14,0,9,4,205,0,0,3,10,6792,2920,1025,1026,394,205,305,302,40,71,297,131,49,13,14,0.4299,0.1509,0.4192,431,0,0,277,132,0,228,132,228,1428,157,78,147
91562966,1,Harshith revuru,95498,149126,0,-53628,4,8,12,12,12,12,2,2,3,3,3,3,345,1034,11982,25009,62285,95498,76,6,2,39,14,27,5,2,39,12,0,15,5,137,0,0,3,12,6739,3377,885,735,314,137,327,326,29,92,310,161,5,20,21,0.5011,0.1313,0.3676,94,12,10,193,78,0,221,75,196,879,131,74,170
91563094,0,Soulwood,74309,87671,0,-13362,8,10,10,10,10,10,1,2,3,3,3,3,600,1703,11430,26741,51986,74309,24,8,0,44,27,8,4,0,40,12,0,5,13,103,0,0,3,10,7104,3828,856,765,289,103,338,268,44,0,335,184,15,61,18,0.5389,0.1205,0.3407,549,7,0,147,118,0,156,152,335,1464,178,70,196
91563094,1,Harshith revuru,87671,74309,1,13362,4,8,12,12,12,12,2,3,3,3,3,3,346,390,11057,29326,61308,87671,103,23,4,46,13,44,11,4,46,12,0,5,2,189,0,0,3,12,6571,3428,1033,899,354,189,138,137,42,80,131,119,3,7,11,0.5217,0.1572,0.3211,149,46,12,268,69,0,87,52,46,729,94,95,62
91564036,0,QSS Technosoft AI Team,59375,50617,1,8758,7,12,12,12,12,12,1,3,3,3,3,3,553,4706,15460,30117,48721,59375,72,0,0,47,22,31,0,0,40,12,4,8,6,141,0,0,3,12,7737,4401,568,665,317,141,394,397,40,34,243,406,48,64,19,0.5688,0.0734,0.3578,284,0,0,121,100,87,212,144,141,1089,162,74,307
91564036,1,Harshith revuru,50617,59375,0,-8758,4,8,12,12,12,12,1,2,3,3,3,3,961,791,10851,31937,46172,50617,82,16,4,38,13,29,5,4,38,12,0,15,1,153,0,0,3,12,6612,3009,1073,737,355,153,332,331,26,49,316,193,4,16,18,0.4551,0.1623,0.3826,95,30,30,176,68,0,300,34,251,984,115,97,186
91564971,0,Harshith revuru,55296,30742,1,24554,4,8,14,14,14,14,1,2,4,4,4,4,1012,779,9823,17870,32824,55296,110,20,6,45,26,51,11,6,44,14,0,15,1,207,0,0,4,14,7311,3477,905,996,408,207,322,320,39,87,304,210,3,16,17,0.4756,0.1238,0.4006,84,36,20,179,132,0,270,34,185,940,99,107,183
91564971,1,TonightIsOver,30742,55296,0,-24554,5,7,7,7,7,7,1,1,1,1,1,1,125,2384,15752,23797,26538,30742,0,0,0,0,0,0,0,0,0,0,7,9,2,0,-1,1,1,7,5008,2596,928,0,192,0,358,386,2,0,360,141,9,18,18,0.5184,0.1853,0.2963,36,0,0,0,0,219,233,58,360,906,93,0,227
91565894,0,Harshith revuru,93373,69452,1,23921,4,8,12,12,12,12,2,2,3,3,3,3,341,828,7680,34195,71361,93373,79,7,3,46,12,31,5,3,46,12,0,1,15,147,0,0,3,12,6738,3377,912,772,320,147,302,301,35,86,288,161,5,16,16,0.5012,0.1354,0.3635,99,12,17,217,70,0,36,277,188,916,127,85,151
91565894,1,victor souza,69452,93373,0,-23921,5,12,12,12,12,12,1,3,3,3,3,3,554,931,10275,26381,59350,69452,25,0,0,50,24,7,0,0,48,12,0,10,5,99,0,0,3,12,7497,3671,1574,635,267,99,282,275,51,128,279,168,25,28,15,0.4897,0.21,0.3004,498,0,0,276,144,0,218,92,145,1373,203,32,125
91566806,0,Harshith revuru,110623,87018,1,23605,4,8,12,12,12,12,1,2,3,3,3,3,970,1178,10848,33211,79587,110623,74,8,4,44,13,28,5,4,44,12,0,15,1,143,0,0,3,12,6700,3084,1010,775,352,143,329,328,34,95,313,201,4,16,16,0.4603,0.1507,0.389,79,16,11,230,68,0,294,34,205,937,116,82,181
91566806,1,jacob OKOTH O,87018,110623,0,-23605,9,12,12,12,12,8,1,3,3,3,3,3,185,7558,17265,40977,67767,87018,24,5,0,36,18,10,3,0,36,10,0,7,8,83,0,0,3,8,8023,4589,1241,611,196,83,170,317,18,65,324,198,181,15,15,0.572,0.1547,0.2733,1094,19,0,181,93,0,159,103,259,1908,240,50,228
91567748,0,Harshith revuru,101781,71425,1,30356,4,8,12,12,12,12,2,2,3,3,3,3,340,694,9894,32879,75727,101781,84,12,4,43,14,30,7,4,43,12,0,15,1,157,0,0,3,12,6834,3335,885,837,361,157,310,307,30,104,294,178,4,16,16,0.488,0.1295,0.3825,85,24,19,226,76,0,282,33,178,923,113,95,155
91567748,1,АндрійКавецький,71425,101781,0,-30356,5,9,11,11,11,11,1,3,3,3,3,3,1740,13283,20516,41334,63629,71425,53,15,0,4,16,11,9,0,4,8,0,10,6,88,0,0,3,11,6946,4283,176,504,189,88,345,344,23,0,299,193,470,16,16,0.6166,0.0253,0.358,135,36,0,16,96,0,237,150,298,968,286,71,279
91568667,0,Harshith revuru,92722,113748,0,-21026,4,8,12,12,12,12,1,2,3,3,3,3,1000,715,7054,28945,60209,92722,80,8,4,29,28,36,5,4,29,16,0,15,4,149,0,0,3,12,6613,2974,1059,754,313,149,362,360,32,60,343,165,4,19,19,0.4497,0.1601,0.3901,70,16,21,106,106,0,262,55,247,883,100,93,201
91568667,1,KucingGanteng,113748,92722,1,21026,6,11,12,12,12,8,2,3,3,3,3,3,72,240,21557,52370,88604,113748,114,0,0,46,5,28,0,0,41,5,0,8,6,165,0,0,3,8,7725,4214,1023,727,296,165,283,309,21,64,316,222,57,14,14,0.5455,0.1324,0.3221,10040,0,0,90222,30,0,70204,10121,10242,190859,436,53,59
91569597,0,Ege Güvener,63084,58399,1,4685,7,12,13,13,13,13,1,2,4,4,4,4,1481,8576,16780,35349,57868,63084,36,4,6,23,17,12,4,6,23,9,4,4,10,86,0,0,4,13,8052,4545,1027,737,277,86,291,365,0,36,343,159,0,168,18,0.5645,0.1275,0.308,434,9,34,127,90,84,108,208,298,1392,351,45,336
91569597,1,Harshith revuru,58399,63084,0,-4685,4,8,12,12,12,12,2,2,3,3,3,3,351,1282,8979,35799,53199,58399,85,10,4,44,13,30,5,4,44,12,0,1,15,156,0,0,3,12,6742,3308,885,810,336,156,302,303,35,95,287,190,3,16,16,0.4907,0.1313,0.3781,88,20,17,218,72,0,36,269,178,898,111,89,150
91570539,0,Harshith revuru,50239,69363,0,-19124,4,8,12,14,14,14,2,2,4,4,4,4,349,1097,6845,22672,38594,50239,114,22,6,50,16,47,10,6,50,12,0,16,1,208,0,0,4,14,7310,3677,710,989,432,208,313,310,35,105,297,195,4,17,18,0.503,0.0971,0.3999,84,42,33,210,83,0,259,34,176,921,105,114,145
91570539,1,Louis @ tradeInsight.ai,69363,50239,1,19124,8,8,8,8,8,4,1,2,3,3,3,3,212,789,9114,26766,48525,69363,9,0,0,32,21,2,0,0,30,12,0,9,3,62,2,1,3,4,5848,3236,977,475,220,62,196,240,16,57,224,83,35,14,13,0.5534,0.1671,0.2796,175,0,0,197,117,0,156,89,207,941,153,31,100
91571462,0,Dead Signal Works,82951,63721,1,19230,6,9,9,9,9,6,1,2,3,3,3,3,126,125,16181,37920,68332,82951,11,0,0,37,17,4,0,0,30,9,0,7,8,65,0,0,3,6,6303,3279,1210,384,202,65,265,296,36,43,240,246,7,15,15,0.5202,0.192,0.2878,57,0,0,153,95,0,179,138,196,818,72,24,199
91571462,1,Harshith revuru,63721,82951,0,-19230,4,8,12,12,12,12,1,2,3,3,3,3,955,827,12820,27826,49458,63721,58,8,4,42,15,21,5,4,42,12,0,15,7,127,0,0,3,12,6701,3051,924,714,336,127,399,395,32,90,379,206,3,22,23,0.4553,0.1379,0.4068,49,16,16,172,75,0,286,77,258,949,107,68,213
91572393,0,Harshith revuru,63426,73090,0,-9664,4,8,12,12,12,12,2,2,3,3,3,3,348,1302,9852,24316,46662,63426,81,11,1,43,12,34,5,1,43,12,0,6,15,148,0,0,3,12,6745,3325,816,735,319,148,362,359,34,78,342,179,6,21,21,0.493,0.121,0.3861,81,22,5,183,70,0,135,197,241,934,110,79,186
91572393,1,Zacchaeus,73090,63426,1,9664,6,12,12,12,12,12,1,3,3,3,3,3,328,494,20176,39128,58646,73090,108,0,0,44,21,32,0,0,37,13,0,8,6,173,0,0,3,12,7583,4187,848,721,298,173,321,322,70,43,326,184,62,14,14,0.5522,0.1118,0.336,2452,0,0,2459,2420,0,2510,2444,2548,14833,279,79,164
91573342,0,Harshith revuru,76490,72198,1,4292,4,8,12,12,12,12,2,2,3,3,3,3,341,2318,9867,24444,61016,76490,86,12,2,46,12,36,5,2,46,12,0,2,14,158,0,0,3,12,6663,3286,911,844,350,158,257,257,37,99,241,186,4,16,17,0.4932,0.1367,0.3701,104,24,2,277,72,0,60,188,127,854,122,81,145
91573342,1,Mehmet Özer,72198,76490,0,-4292,9,11,12,12,12,8,1,3,3,3,3,3,436,3481,17849,36404,60111,72198,25,7,0,36,18,10,2,0,36,10,0,5,10,86,0,0,3,8,7986,4597,1344,637,194,86,223,319,18,0,330,89,119,15,15,0.5756,0.1683,0.2561,1077,21,0,126,100,0,131,175,330,1960,268,49,257
91574254,0,ibrahim,49154,60061,0,-10907,3,6,11,11,11,10,1,2,4,4,4,4,375,338,15525,31314,35899,49154,61,0,0,46,34,12,0,0,43,24,4,9,0,141,0,0,4,10,6221,2503,1381,755,360,141,284,278,53,0,274,166,0,13,13,0.4023,0.222,0.3757,325,0,0,84,151,96,234,0,253,1143,116,49,156
91574254,1,Harshith revuru,60061,49154,1,10907,4,8,12,12,12,12,2,2,3,3,3,3,345,677,7346,26351,44332,60061,68,13,3,46,12,27,8,3,46,12,0,15,4,142,0,0,3,12,6829,3357,813,769,341,142,345,345,40,96,329,208,5,19,20,0.4916,0.1191,0.3894,69,26,18,213,68,0,275,58,212,939,107,71,178
91575176,0,Harshith revuru,51645,62314,0,-10669,4,8,12,14,14,14,2,2,4,4,4,4,408,2173,7463,17689,37548,51645,135,44,6,50,17,65,20,6,50,12,0,3,1,252,0,0,4,14,7280,3639,1361,1104,432,252,98,98,39,56,93,96,2,4,6,0.4999,0.187,0.3132,232,86,29,253,78,0,72,34,30,814,89,122,63
91575176,1,nori8774,62314,51645,1,10669,3,9,11,12,12,0,1,2,3,3,3,3,2,3971,14495,28372,48684,62314,156,0,0,43,25,27,0,0,42,13,0,9,7,224,0,0,3,0,6324,3002,77,1084,378,224,307,298,31,67,288,338,196,17,17,0.4747,0.0122,0.5131,323,0,0,151,117,0,190,137,309,1227,424,133,175
91576102,0,Harshith revuru,77200,37582,1,39618,4,8,12,12,12,12,2,2,3,3,3,3,342,956,8495,27890,62481,77200,81,12,2,43,15,36,7,2,43,12,0,2,15,153,0,0,3,12,6740,3494,752,796,320,153,303,301,33,90,286,174,4,17,17,0.5184,0.1116,0.37,79,20,6,216,89,0,60,236,180,886,133,79,159
91576102,1,Sami Ali,37582,77200,0,-39618,6,12,14,14,14,14,1,2,4,4,4,4,801,6816,3605,11967,29788,37582,100,0,0,37,26,38,0,0,35,16,0,9,4,163,0,0,4,14,8397,5314,686,710,274,163,280,280,35,55,267,206,100,14,13,0.6328,0.0817,0.2855,34,0,0,106,119,0,207,100,201,767,159,75,21
91577037,0,Harshith revuru,105000,76963,1,28037,4,8,12,12,12,12,2,2,3,3,3,3,352,2295,9847,24591,70408,105000,89,12,3,45,12,37,5,3,45,12,0,2,14,161,0,0,3,12,6652,3252,954,855,342,161,258,254,38,102,242,158,3,16,17,0.4889,0.1434,0.3677,128,24,10,270,72,0,60,186,125,875,126,87,131
91577037,1,Thái Phạm Công,76963,105000,0,-28037,8,9,9,9,9,6,1,2,2,2,2,2,395,5531,21089,30475,56898,76963,20,11,0,32,20,6,9,0,30,10,2,5,3,83,0,0,2,6,6499,3360,1081,722,170,83,191,193,36,140,205,197,0,111,10,0.517,0.1663,0.3167,51,18,0,160,114,0,129,100,65,637,96,28,38
91577968,0,Harshith revuru,58576,69968,0,-11392,4,8,14,14,14,14,2,3,4,4,4,4,358,419,8817,17162,39566,58576,135,31,6,45,17,56,14,6,45,12,0,5,11,234,0,0,4,14,7433,3717,889,1045,425,234,256,253,47,90,240,200,3,16,18,0.5001,0.1196,0.3803,164,62,37,241,94,0,105,137,127,967,124,122,122
91577968,1,yamashu,69968,58576,1,11392,8,8,9,9,9,0,1,2,3,3,3,3,452,2986,13919,36291,56870,69968,97,0,0,64,8,21,0,0,20,8,3,5,5,169,9,0,3,0,6318,2590,1307,859,301,169,293,298,27,38,281,122,7,13,13,0.4099,0.2069,0.3832,4675,0,0,1355,210,1853,1198,1023,2382,12696,2143,81,338
91596411,0,Darshan Makwana,62524,76701,0,-14177,3,3,10,10,10,10,1,2,3,3,3,3,291,4434,16730,29164,53990,62524,59,30,1,5,48,43,23,1,5,28,0,7,5,143,0,0,3,10,5550,2242,1363,684,220,143,243,243,0,14,243,115,16,12,12,0.404,0.2456,0.3505,87,60,8,25,184,0,162,105,223,854,96,19,25
91596411,1,Harshith revuru,76701,62524,1,14177,4,8,12,12,12,12,2,2,3,3,3,3,339,669,9505,37031,64806,76701,138,52,4,17,14,53,22,4,17,12,0,1,15,225,0,0,3,12,6867,3162,1139,807,357,225,309,309,24,35,296,169,3,16,16,0.4605,0.1659,0.3737,197,103,27,107,75,0,36,283,245,1073,129,141,145
91601824,0,Nikunj Pahwa,121829,146714,0,-24885,10,10,10,10,10,0,1,2,3,3,3,3,352,2998,21291,54393,98692,121829,143,0,0,24,19,24,0,0,24,11,0,8,3,186,1,0,3,0,7031,4187,410,854,334,186,237,239,32,39,231,89,171,11,11,0.5955,0.0583,0.3462,913,0,0,161,85,0,201,70,198,1628,406,71,241
91601824,1,Harshith revuru,146714,121829,1,24885,4,8,12,12,12,12,1,2,3,3,3,3,978,1008,14621,38213,94769,146714,73,7,4,44,13,26,5,4,44,12,0,15,1,141,0,0,3,12,6702,3122,985,788,373,141,330,329,27,97,313,161,4,16,16,0.4658,0.147,0.3872,85,14,28,233,70,0,302,34,204,970,106,78,182
91606295,0,Goller,46570,85246,0,-38676,5,8,13,13,12,4,1,1,2,2,2,2,77,22,1510,20279,38802,46570,7,0,0,16,24,3,0,0,16,17,6,17,8,47,0,0,2,4,7186,3929,461,262,288,47,283,356,22,0,314,481,680,32,31,0.5468,0.0642,0.3891,226,0,0,130,48,273,264,83,354,1378,273,27,273
91606295,1,Harshith revuru,85246,46570,1,38676,4,8,12,12,12,12,1,2,3,3,3,3,984,854,12166,32963,65985,85246,77,8,4,43,14,28,5,4,43,12,0,15,1,146,0,0,3,12,6698,3069,1004,775,350,146,333,331,37,91,317,209,4,16,16,0.4582,0.1499,0.3919,70,16,11,221,75,0,299,34,208,934,98,87,166
91625966,0,Dicere,99251,103995,0,-4744,8,9,11,12,12,12,2,3,3,3,3,3,108,2642,27038,51129,73336,99251,172,69,0,14,15,36,14,0,11,12,0,9,6,270,0,0,3,12,7615,4535,114,969,334,270,317,340,32,0,324,261,89,15,15,0.5955,0.015,0.3895,730,150,0,44,84,0,262,135,315,1720,302,185,42
91625966,1,Harshith revuru,103995,99251,1,4744,4,8,12,12,12,12,2,2,3,3,3,3,361,808,11351,43744,81560,103995,78,16,4,41,15,29,7,4,41,12,0,1,15,154,0,0,3,12,6872,3410,897,817,334,154,310,311,34,101,296,171,5,16,16,0.4962,0.1305,0.3733,85,32,21,236,84,0,36,286,183,963,123,87,164
91628467,0,Said Mohamed Omary,54243,39934,1,14309,7,10,13,12,12,0,1,2,3,3,3,3,749,2333,14274,30198,45757,54243,63,0,0,32,19,22,0,0,32,12,0,7,6,114,0,0,3,0,7292,4296,678,621,268,114,257,283,37,51,273,288,98,15,13,0.5891,0.093,0.3179,73,0,0,187,110,0,180,144,203,897,128,68,69
91628467,1,Harshith revuru,39934,54243,0,-14309,4,8,12,12,12,12,2,2,3,3,3,3,341,2309,10583,19702,31387,39934,82,44,4,39,12,36,12,4,39,12,0,13,1,181,0,0,3,12,6750,3314,981,859,361,181,240,240,35,84,226,193,6,14,16,0.491,0.1453,0.3637,140,82,27,234,72,0,177,34,127,893,138,76,137
91652735,0,Harshith revuru,45202,71990,0,-26788,4,8,12,14,14,14,2,2,4,4,4,4,347,1858,5258,14780,36537,45202,112,29,6,50,16,49,12,6,50,12,0,2,16,213,0,0,4,14,7272,3537,952,992,388,213,287,283,49,73,269,189,4,18,18,0.4864,0.1309,0.3827,142,52,39,219,77,0,60,212,170,971,116,111,135
91652735,1,Joseph Adamski,71990,45202,1,26788,6,12,12,12,12,12,1,2,3,3,3,3,370,3694,17435,39994,56760,71990,133,0,0,32,14,40,0,0,31,11,0,8,6,179,0,0,3,12,7107,2778,954,1254,360,179,333,333,193,146,319,210,20,14,14,0.3909,0.1342,0.4749,5465,120,120,2193,1478,120,2254,2167,3250,17167,412,33,27
91653356,0,Onelux,113202,80800,1,32402,3,14,9,14,12,10,1,3,3,3,3,3,396,7920,23026,60981,85731,113202,146,0,0,36,23,57,0,0,36,14,0,7,4,205,0,0,3,10,6792,2920,1025,1026,394,205,305,302,40,71,297,131,49,13,14,0.4299,0.1509,0.4192,442,0,0,277,132,0,228,132,228,1439,163,78,147
91653356,1,Harshith revuru,80800,113202,0,-32402,4,8,12,12,12,12,1,2,3,3,3,3,976,1155,13765,34200,60048,80800,66,8,4,39,17,23,5,4,39,12,0,15,3,134,0,0,3,12,6700,3257,926,723,321,134,349,348,34,65,331,168,5,18,21,0.4861,0.1382,0.3757,59,16,17,176,87,0,288,45,247,935,108,82,181
91655378,0,Agricroporation,77634,99730,0,-22096,10,10,10,10,10,10,1,2,3,3,3,3,537,4736,12454,34095,52931,77634,27,0,0,54,38,7,0,0,38,18,0,12,5,119,0,0,3,10,7566,4233,1210,663,206,119,231,243,22,0,159,229,216,18,17,0.5595,0.1599,0.2806,806,0,0,115,137,0,171,87,131,1447,213,49,109
91655378,1,Harshith revuru,99730,77634,1,22096,4,8,12,12,12,12,1,2,3,3,3,3,767,770,10921,24618,65983,99730,63,7,3,40,12,22,5,3,40,12,0,11,11,125,0,0,3,12,6746,3263,824,705,327,125,388,385,34,95,367,186,3,22,22,0.4837,0.1221,0.3942,65,14,15,203,63,0,158,187,240,945,123,65,221
91689753,0,Satvik R Shetty,85509,110192,0,-24683,5,11,11,11,11,7,1,2,3,3,3,3,212,1927,7925,33795,53766,85509,60,0,0,22,16,21,0,0,22,11,0,6,10,98,6,0,3,7,7202,4484,648,552,173,98,337,318,13,37,235,167,100,16,24,0.6226,0.09,0.2874,262,0,0,113,73,0,159,167,198,972,145,67,39
91689753,1,Harshith revuru,110192,85509,1,24683,4,8,12,14,14,14,2,2,4,4,4,4,337,725,6124,31146,72191,110192,105,18,6,50,20,39,6,6,50,12,0,1,17,199,0,0,4,14,7397,3640,793,992,410,199,332,329,41,115,314,189,7,18,18,0.4921,0.1072,0.4007,113,32,28,230,98,0,36,270,175,982,115,118,153
91694323,0,Harshith revuru,58960,109711,0,-50751,4,8,12,12,12,12,2,2,3,3,3,3,351,1016,7703,25525,48469,58960,78,12,0,44,17,33,7,0,44,12,0,14,3,151,0,0,3,12,6743,3262,939,810,335,151,308,309,32,88,292,179,2,17,19,0.4838,0.1393,0.377,99,22,0,234,88,0,245,54,188,930,127,74,169
91694323,1,Alex Oranov,109711,58960,1,50751,1,8,11,14,12,11,1,2,3,3,3,3,1682,15797,19498,56673,87588,109711,108,0,0,42,24,40,0,0,42,12,0,8,6,174,0,0,3,11,6654,2940,1011,925,360,174,308,300,27,84,296,145,56,14,14,0.4418,0.1519,0.4062,305,0,0,320,144,0,214,148,212,1343,175,22,165
91697164,0,Harshith revuru,121028,131657,0,-10629,4,8,12,12,12,12,1,2,3,3,3,3,978,785,14865,36618,81049,121028,68,8,0,42,19,25,5,0,42,12,0,15,1,137,0,0,3,12,6705,3036,1103,780,333,137,334,332,26,88,318,181,3,16,18,0.4528,0.1645,0.3827,92,16,0,197,99,0,283,34,210,931,101,78,189
91697164,1,LGarcia10,131657,121028,1,10629,6,12,13,13,13,7,2,3,3,3,3,3,14,7,17580,41874,87223,131657,73,36,0,34,15,13,10,0,30,8,0,9,6,158,0,0,3,7,7756,4815,292,986,304,158,300,315,39,62,323,108,13,15,26,0.6208,0.0376,0.3415,523,76,0,180,84,0,251,112,269,1495,293,79,309
91700935,0,Harshith revuru,93076,101144,0,-8068,4,8,12,12,12,12,1,2,3,3,3,3,985,791,10997,28664,66379,93076,61,10,2,44,14,19,5,2,44,12,0,15,5,131,0,0,3,12,6741,3112,949,747,343,131,369,369,31,104,352,188,6,20,20,0.4617,0.1408,0.3976,75,18,5,220,77,0,288,60,230,973,124,72,205
91700935,1,R3ddrag0n,101144,93076,1,8068,7,8,10,11,13,10,1,3,3,3,3,3,268,3287,15759,37312,74765,101144,53,0,0,32,30,21,0,0,30,15,0,12,3,115,0,0,3,10,7152,3620,1205,835,218,115,298,277,34,69,284,116,50,15,16,0.5062,0.1685,0.3254,3279,0,0,210,172,0,299,49,206,4215,300,75,258
91704519,0,Harshith revuru,34594,77423,0,-42829,4,8,12,12,12,12,2,2,3,3,3,3,344,749,10767,16958,24608,34594,77,24,4,40,15,33,11,4,39,12,0,10,8,160,0,0,3,12,6740,3347,835,785,336,160,308,305,39,78,294,212,3,18,20,0.4966,0.1239,0.3795,81,48,21,200,78,0,165,107,201,901,135,82,163
91704519,1,Aastik Rajan15,77423,34594,1,42829,3,14,10,14,13,10,1,3,3,3,3,3,532,5912,18323,47411,61176,77423,147,0,0,38,17,59,0,0,36,12,0,9,6,202,0,0,3,10,7001,3005,1087,992,389,202,327,315,45,71,319,165,48,22,14,0.4292,0.1553,0.4155,456,0,0,284,102,0,223,165,248,1478,185,70,158
91722237,0,Harshith revuru,68851,80234,0,-11383,4,8,12,12,12,12,2,2,3,3,3,3,340,1368,8899,30279,57356,68851,80,10,4,45,12,32,5,4,45,12,0,15,3,151,0,0,3,12,6651,3312,765,771,336,151,331,328,34,87,313,180,5,18,20,0.498,0.115,0.387,99,20,12,203,67,0,269,49,210,929,113,76,188
91722237,1,premjampuram,80234,68851,1,11383,1,8,11,14,12,11,1,2,3,3,3,3,1547,14759,15986,39947,66223,80234,107,0,0,42,24,39,0,0,36,12,0,8,6,173,0,0,3,11,6391,2911,614,905,385,173,339,302,42,82,359,201,50,14,14,0.4555,0.0961,0.4484,297,0,0,320,144,0,217,152,210,1340,176,22,165
92052296,0,Garigariyong,49635,50869,0,-1234,5,10,12,12,12,9,1,2,3,3,3,3,263,1,13614,26034,43843,49635,68,9,7,39,23,20,3,6,36,14,0,5,6,146,0,0,3,9,7147,4473,474,935,229,146,202,252,57,53,164,128,0,23,11,0.6259,0.0663,0.3078,1645,12,18,182,104,0,161,82,144,2348,266,57,114
92052296,1,Harshith revuru,50869,49635,1,1234,4,8,12,12,12,12,1,2,3,3,3,3,967,702,12062,24734,48305,50869,83,9,3,45,15,34,5,3,45,12,0,13,1,155,0,0,3,12,6784,3109,1124,818,368,155,294,294,30,83,281,197,3,14,14,0.4583,0.1657,0.376,69,18,16,259,72,0,270,34,184,922,104,86,152
92055819,0,Harshith revuru,57083,89698,0,-32615,4,4,12,12,12,12,2,2,3,3,3,3,343,989,11315,28107,43326,57083,85,12,4,41,18,36,7,4,41,12,0,13,1,160,0,0,3,12,6657,3398,813,849,335,160,259,258,33,87,245,186,6,14,14,0.5104,0.1221,0.3674,97,22,12,229,96,0,209,33,141,839,119,79,131
92055819,1,Aastik Rajan15,89698,57083,1,32615,3,14,10,15,13,11,1,3,3,3,3,3,531,7352,15605,46857,72288,89698,132,0,0,37,18,48,0,0,35,13,0,16,4,187,0,0,3,11,7117,3043,1099,953,388,187,375,395,47,60,300,159,45,46,20,0.4276,0.1544,0.418,485,0,0,311,114,0,373,160,267,1710,208,63,174
92062520,0,Harshith revuru,25728,43385,0,-17657,4,8,14,14,14,14,2,3,4,4,4,4,345,439,10350,11030,18922,25728,212,118,6,16,20,80,51,6,16,15,0,8,1,372,0,0,4,14,7531,3547,1268,1176,467,372,167,166,41,21,159,124,3,9,11,0.471,0.1684,0.3606,339,211,43,83,108,0,129,34,127,1074,118,208,61
92062520,1,Kévyn ODJO,43385,25728,1,17657,4,8,8,8,8,6,1,3,3,3,3,3,503,249,18168,27535,35388,43385,99,0,0,17,17,24,0,0,15,9,2,9,5,133,0,0,3,6,5774,2965,217,807,237,133,329,345,30,42,341,206,90,16,16,0.5135,0.0376,0.4489,3816,0,0,84,65,48,215,137,281,4646,497,76,360
92082425,0,ChrisLeiteScha,67638,83742,0,-16104,4,8,11,11,10,7,1,2,3,3,3,3,1624,1409,16801,38927,53160,67638,116,0,0,42,13,27,0,0,40,6,0,8,6,171,0,0,3,7,6712,2978,899,1024,353,171,273,302,25,90,291,235,0,57,14,0.4437,0.1339,0.4224,86,0,0,199,72,0,191,161,225,934,117,139,22
92082425,1,Harshith revuru,83742,67638,1,16104,4,8,12,12,12,12,2,2,3,3,3,3,343,1031,12265,37357,63326,83742,109,36,4,31,17,43,14,4,31,12,0,1,13,197,0,0,3,12,6867,3255,1168,823,343,197,281,279,24,48,268,151,2,14,14,0.474,0.1701,0.3559,139,70,27,129,90,0,36,251,211,953,135,113,136
92084143,0,Ergin Akın,73997,74027,0,-30,3,14,9,14,12,10,1,3,3,3,3,3,533,7919,20552,47317,59933,73997,146,0,0,37,19,61,0,0,36,14,0,10,4,202,0,0,3,10,6716,2871,1028,1019,386,202,285,290,43,72,303,139,49,15,14,0.4275,0.1531,0.4194,488,0,0,285,114,0,218,132,245,1482,189,69,156
92084143,1,Harshith revuru,74027,73997,1,30,4,8,12,12,12,12,2,2,3,3,3,3,350,847,10447,34068,58592,74027,99,26,4,34,19,40,7,4,34,12,0,1,13,182,0,0,3,12,6817,3186,1220,817,344,182,277,276,34,42,263,143,5,14,14,0.4674,0.179,0.3537,127,52,32,148,99,0,36,249,207,950,138,101,142
92087919,0,rekhasri,123904,115283,1,8621,7,11,12,12,12,4,2,3,3,3,3,3,41,101,14988,45895,95414,123904,44,14,0,42,21,16,7,0,42,14,0,8,6,121,0,0,3,4,7698,3812,1592,743,313,121,277,238,0,101,291,149,32,14,15,0.4952,0.2068,0.298,123,42,0,354,143,0,197,53,182,1094,112,47,122
92087919,1,Harshith revuru,115283,123904,0,-8621,4,8,14,14,14,14,1,2,4,4,4,4,993,694,12736,29946,77548,115283,95,21,6,50,18,33,11,6,50,12,0,15,2,190,0,0,4,14,7392,3353,1061,975,420,190,338,337,39,116,322,203,4,17,17,0.4536,0.1435,0.4029,70,42,36,234,94,0,291,44,190,1001,127,115,163
92091584,0,Harshith revuru,131541,116687,1,14854,4,8,14,14,14,14,2,2,4,4,4,4,290,593,7420,29596,83306,131541,93,16,6,50,22,37,8,6,50,12,0,15,3,187,0,0,4,14,7522,3594,950,998,412,187,338,337,41,112,321,187,7,18,20,0.4778,0.1263,0.3959,75,28,38,232,101,0,273,49,191,987,119,109,173
92091584,1,Ümit Anık,116687,131541,0,-14854,8,11,11,11,11,10,1,3,3,3,3,3,1387,41,9694,35781,85520,116687,92,0,0,29,1,22,0,0,29,1,2,10,3,122,10,0,3,10,7355,4045,837,788,312,122,317,319,42,49,306,167,20,15,16,0.55,0.1138,0.3362,207,0,0,188,2,83,204,82,240,1006,158,82,151
92094362,0,Harshith revuru,100230,149884,0,-49654,4,8,12,12,12,12,1,2,3,3,3,3,937,1165,14358,36807,74873,100230,68,9,4,43,16,24,5,4,43,12,0,13,3,140,0,0,3,12,6701,3052,1050,801,349,140,317,316,34,105,303,197,3,16,18,0.4555,0.1567,0.3879,87,18,6,245,93,0,258,45,179,931,115,81,186
92094362,1,Abdulrahman.su10,149884,100230,1,49654,3,14,9,14,12,9,1,3,3,3,3,3,535,7936,25710,71839,122246,149884,139,0,0,36,19,54,0,0,36,14,0,9,5,194,0,0,3,9,6563,2833,929,986,386,194,292,299,46,71,307,142,49,14,15,0.4317,0.1416,0.4268,456,0,0,497,138,0,343,213,294,1941,175,63,159
92096428,0,rekhasri,89382,69562,1,19820,7,11,12,12,12,4,2,3,3,3,3,3,41,470,13711,38707,67580,89382,44,14,0,42,21,17,7,0,42,14,0,8,6,121,0,0,3,4,7708,3809,1726,746,301,121,251,207,0,96,261,145,16,14,15,0.4942,0.2239,0.2819,163,42,0,339,143,0,123,83,162,1055,108,46,121
92096428,1,Harshith revuru,69562,89382,0,-19820,4,8,12,12,12,12,1,2,3,3,3,3,993,535,15178,25355,48343,69562,75,9,4,42,17,27,5,4,42,12,0,12,2,147,0,0,3,12,6695,3057,1132,784,345,147,298,298,37,83,284,198,4,14,14,0.4566,0.1691,0.3743,68,18,18,205,93,0,261,48,182,893,131,85,153
92117849,0,Said Mohamed Omary,105638,87048,1,18590,7,10,12,12,12,9,1,3,3,3,3,3,671,5233,18999,49434,80544,105638,55,0,0,32,12,22,0,0,32,12,0,7,6,99,0,0,3,9,7315,4220,775,551,277,99,260,281,37,80,291,292,125,14,13,0.5769,0.1059,0.3172,107,0,0,231,72,0,184,148,196,938,144,51,77
92117849,1,Harshith revuru,87048,105638,0,-18590,4,8,12,12,12,12,2,2,3,3,3,3,340,973,8232,29143,61729,87048,80,14,4,40,18,31,8,4,40,12,0,13,5,156,0,0,3,12,6826,3468,850,787,320,156,319,319,29,68,304,166,3,18,19,0.5081,0.1245,0.3674,96,28,21,170,94,0,244,59,213,925,111,84,153
92163007,0,shr Wei,81598,77781,1,3817,6,11,13,13,12,12,1,2,3,3,3,3,1856,11820,14280,30474,50496,81598,63,7,0,42,18,19,5,0,42,17,0,5,9,130,0,0,3,12,7946,5173,511,744,218,130,305,274,34,46,302,101,80,14,14,0.651,0.0643,0.2847,129,18,0,148,108,0,142,170,256,971,145,64,144
92163007,1,Harshith revuru,77781,81598,0,-3817,4,8,12,12,12,12,2,2,3,3,3,3,349,609,9012,19827,51313,77781,77,19,3,44,15,29,8,3,44,12,0,8,7,158,0,0,3,12,6919,3480,952,837,347,158,269,266,37,94,255,188,4,15,17,0.503,0.1376,0.3594,71,38,22,247,80,0,171,90,146,865,138,92,136
92165019,0,Harshith revuru,80508,91685,0,-11177,4,8,14,14,14,14,1,2,4,4,4,4,957,401,9293,19969,53608,80508,89,9,4,36,32,32,5,4,36,20,0,10,14,170,0,0,4,14,7473,3445,996,885,359,170,428,426,25,77,406,203,4,24,25,0.461,0.1333,0.4057,66,18,9,130,132,0,231,152,282,1020,124,114,208
92165019,1,Menelik Zafir,91685,80508,1,11177,4,9,12,12,12,6,1,2,3,3,3,3,657,3077,15594,33866,64091,91685,140,10,5,28,2,32,6,3,28,2,0,7,5,185,0,0,3,6,7054,3629,604,964,342,185,236,257,45,149,226,235,0,170,12,0.5145,0.0856,0.3999,918,17,26,212,12,0,158,119,114,1576,368,116,204
92174239,0,SeaGoat,105980,136579,0,-30599,9,9,10,10,10,10,1,2,3,3,3,3,352,3976,16835,34507,68345,105980,5,0,0,47,28,4,0,0,46,18,0,8,9,80,0,0,3,10,7403,4245,1156,694,283,80,295,273,25,17,146,110,11,50,18,0.5734,0.1562,0.2704,457,0,0,189,123,0,174,90,129,1162,127,27,69
92174239,1,Harshith revuru,136579,105980,1,30599,4,8,12,12,12,12,1,2,3,3,3,3,958,831,8558,36510,92015,136579,86,20,4,40,12,33,7,4,40,12,0,13,1,162,0,0,3,12,6774,3130,1062,830,373,162,299,299,30,99,286,173,3,14,14,0.4621,0.1568,0.3812,110,40,25,251,60,0,279,34,174,973,130,106,168
92186373,0,Harshith revuru,70469,81686,0,-11217,4,8,8,12,12,12,2,3,3,3,3,3,339,407,2609,14205,50731,70469,92,18,3,40,12,36,6,3,40,12,0,6,11,165,0,0,3,12,6381,3159,775,790,332,165,279,276,42,86,262,176,3,17,19,0.4951,0.1215,0.3835,99,36,21,215,62,0,120,128,159,840,128,94,145
92186373,1,Amon,81686,70469,1,11217,0,3,5,9,8,0,1,2,3,3,3,3,670,458,23026,32871,59611,81686,94,32,0,8,23,33,21,0,8,23,0,5,10,157,0,0,3,0,4239,1469,671,778,246,157,247,247,11,16,230,133,0,17,17,0.3465,0.1583,0.4952,211,84,0,60,138,0,114,124,201,932,71,18,23
92207009,0,Harshith revuru,74120,76174,0,-2054,4,8,12,12,12,12,2,2,3,3,3,3,346,1236,9303,30898,55710,74120,82,11,3,45,14,35,5,3,45,12,0,13,1,155,0,0,3,12,6655,3307,852,833,360,155,268,268,34,98,256,193,3,14,14,0.4969,0.128,0.3751,114,22,17,237,77,0,224,34,143,868,118,83,153
92207009,1,LGarcia10,76174,74120,1,2054,6,13,14,14,14,7,2,3,3,3,3,3,0,755,11830,22703,49848,76174,83,42,0,39,24,25,14,0,34,15,0,9,4,188,0,0,3,7,7890,4993,491,1166,282,188,195,187,27,49,207,72,6,13,14,0.6328,0.0622,0.3049,501,90,0,181,114,0,142,62,237,1327,253,102,256
92263388,0,protoLabs.studio,72192,76806,0,-4614,4,12,13,13,13,11,1,2,4,4,4,4,256,6811,5637,29186,55378,72192,73,0,0,36,26,29,0,0,35,18,0,8,8,135,0,0,4,11,7474,3785,941,679,319,135,338,336,13,170,303,280,132,23,20,0.5064,0.1259,0.3677,177,0,0,236,132,0,216,184,130,1075,178,51,76
92263388,1,Harshith revuru,76806,72192,1,4614,4,8,12,12,12,12,1,2,3,3,3,3,947,951,13287,34319,63504,76806,84,9,4,42,17,33,5,4,42,12,0,13,1,156,0,0,3,12,6696,3148,1038,815,353,156,297,297,30,79,286,167,2,14,14,0.4701,0.155,0.3749,95,18,19,217,81,0,279,34,195,938,119,91,162
92290383,0,ryanocm,59746,60252,0,-506,6,9,9,9,9,9,1,2,2,2,2,2,315,338,20456,41453,55746,59746,0,0,0,33,20,0,0,0,28,16,0,10,0,53,0,0,2,9,6202,2824,1448,407,221,53,234,234,22,65,233,417,21,10,13,0.4553,0.2335,0.3112,0,0,0,187,120,0,285,0,170,762,82,32,186
92290383,1,Harshith revuru,60252,59746,1,506,4,8,12,12,12,12,2,2,3,3,3,3,344,1143,12639,32341,51148,60252,64,26,2,46,14,24,7,2,46,12,0,13,4,152,0,0,3,12,6871,3353,916,826,354,152,314,312,24,102,298,182,3,17,18,0.488,0.1333,0.3787,80,52,11,249,77,0,252,51,185,957,130,90,160
92291136,0,Fujinawa,100487,116403,0,-15916,2,12,12,12,12,12,1,3,3,3,3,3,129,4701,17765,34210,71364,100487,71,17,0,28,19,13,8,0,27,9,0,10,4,135,0,1,3,12,6647,3459,683,790,314,135,293,283,37,118,359,133,12,14,17,0.5204,0.1028,0.3769,198,48,0,155,90,0,216,89,177,973,100,80,126
92291136,1,Harshith revuru,116403,100487,1,15916,4,8,12,12,12,12,1,2,3,3,3,3,946,901,15472,36510,81315,116403,81,9,3,46,14,29,5,3,46,12,0,13,1,153,0,0,3,12,6785,3258,982,823,354,153,298,299,29,99,285,174,3,14,14,0.4802,0.1447,0.3751,87,18,10,243,84,0,273,34,169,918,104,95,159
92291276,0,Harshith revuru,84542,38905,1,45637,4,8,12,12,12,12,2,2,3,3,3,3,346,502,10909,35999,61848,84542,98,20,4,39,17,44,8,4,39,12,0,1,13,178,0,0,3,12,6867,3343,1134,791,332,178,281,280,39,38,268,151,4,14,14,0.4868,0.1651,0.348,127,40,27,155,100,0,36,256,214,955,136,107,148
92291276,1,Audric LOKO,38905,84542,0,-45637,6,12,12,12,12,12,1,2,3,3,3,3,167,10611,12364,25968,33245,38905,52,1,0,38,12,15,1,0,37,5,0,6,3,103,0,0,3,12,7640,4195,1265,890,280,103,218,220,1,71,221,87,36,44,9,0.5491,0.1656,0.2853,26,2,0,237,60,0,176,79,150,730,143,26,21
92307912,0,Harshith revuru,63900,53110,1,10790,4,8,12,12,12,12,2,2,3,3,3,3,350,873,9511,35345,58148,63900,102,35,4,32,18,43,12,4,32,12,0,1,13,191,0,0,3,12,6822,3313,1034,837,342,191,277,276,22,68,263,168,3,14,14,0.4856,0.1516,0.3628,141,70,26,161,91,0,36,253,187,965,135,115,143
92307912,1,別班,53110,63900,0,-10790,5,12,14,14,14,5,1,3,3,3,3,3,942,1164,15934,28353,45170,53110,70,0,0,34,18,24,0,0,34,11,0,9,4,122,0,0,3,5,7765,4089,1040,1120,218,122,305,300,32,34,304,130,40,18,13,0.5266,0.1339,0.3395,121,0,0,128,100,0,228,132,270,979,110,61,15
92331361,0,Harshith revuru,119717,107113,1,12604,4,8,12,12,12,12,2,2,3,3,3,3,339,1116,9589,37867,85179,119717,78,10,4,44,15,30,5,4,44,12,0,13,1,151,0,0,3,12,6650,3293,839,855,362,151,277,273,30,106,264,168,4,14,14,0.4952,0.1262,0.3786,90,20,22,268,85,0,246,34,147,912,123,85,153
92331361,1,Dev Rath,107113,119717,0,-12604,8,8,9,10,8,14,1,2,3,4,4,4,112,594,12340,38544,83309,107113,45,0,0,42,13,22,0,0,39,7,0,8,4,100,0,0,4,14,6376,3368,648,654,277,100,232,226,41,106,252,352,96,12,12,0.5282,0.1016,0.3701,735,0,0,268,78,0,140,116,147,1484,393,62,56
92361242,0,AlbanMaurel7,60118,49043,1,11075,7,10,12,12,12,9,1,2,3,3,3,3,1495,10320,18355,39062,51396,60118,180,0,0,36,26,34,0,0,36,14,0,10,2,242,0,1,3,9,6958,3278,954,1185,318,242,246,239,38,74,242,86,32,12,12,0.4711,0.1371,0.3918,203,0,0,225,132,0,219,64,168,1011,111,89,10
92361242,1,Harshith revuru,49043,60118,0,-11075,4,8,12,12,12,12,2,2,3,3,3,3,351,723,10369,32722,44902,49043,92,22,4,41,15,38,7,4,41,12,0,13,1,174,0,0,3,12,6872,3290,1070,840,353,174,281,281,41,67,269,174,4,14,14,0.4788,0.1557,0.3655,138,44,22,198,80,0,252,34,188,956,145,99,147
92363273,0,Harshith revuru,77736,82438,0,-4702,4,8,14,14,14,14,1,2,4,4,4,4,970,872,11928,26151,59055,77736,118,31,6,44,18,38,12,6,44,12,0,15,1,217,0,0,4,14,7396,3385,1048,988,419,217,328,326,34,100,312,202,5,16,16,0.4577,0.1417,0.4006,117,58,31,206,84,0,298,34,201,1029,123,135,149
92363273,1,Kévyn ODJO,82438,77736,1,4702,7,8,8,8,8,6,1,3,3,3,3,3,193,74,21978,43394,65710,82438,72,0,0,19,14,18,0,0,19,9,2,10,5,105,0,0,3,6,5751,3046,240,754,237,105,279,347,19,66,339,215,69,17,18,0.5296,0.0417,0.4286,564,0,0,123,72,34,195,139,282,1409,215,67,73
92373323,0,Mehdi Azouz,121039,92330,1,28709,3,14,9,14,12,9,1,3,3,3,3,3,540,7586,21886,59045,95743,121039,139,0,0,36,19,53,0,0,36,14,0,8,5,194,0,0,3,9,6563,2827,936,986,386,194,292,299,45,71,307,142,49,14,15,0.4307,0.1426,0.4266,456,0,0,497,138,0,343,213,294,1941,175,63,159
92373323,1,Harshith revuru,92330,121039,0,-28709,4,8,12,12,12,12,1,2,3,3,3,3,947,899,12684,33953,69229,92330,73,9,4,44,18,27,5,4,41,12,0,13,1,148,0,0,3,12,6609,3088,997,822,354,148,295,293,31,104,283,164,2,14,14,0.4672,0.1509,0.3819,88,18,25,228,88,0,266,33,168,914,121,84,164
92419897,0,James Y,79268,101452,0,-22184,6,10,12,12,12,12,1,2,3,3,3,3,729,8566,15393,29166,63276,79268,260,0,0,47,25,33,0,0,42,12,0,4,12,332,0,0,3,12,7405,4421,309,679,303,332,326,352,57,37,329,196,32,16,16,0.597,0.0417,0.3612,67,0,0,169,108,0,120,263,285,1012,141,81,198
92419897,1,Harshith revuru,101452,79268,1,22184,4,8,12,12,12,12,1,2,3,3,3,3,947,978,14395,35471,79900,101452,69,9,4,42,17,21,5,4,42,12,0,13,1,141,0,0,3,12,6697,3169,988,809,359,141,297,297,32,99,285,190,3,14,14,0.4732,0.1475,0.3793,73,18,22,252,88,0,276,33,173,935,107,80,169
92472820,0,Maksonch1k,68768,51237,1,17531,5,9,9,11,11,11,1,3,3,3,3,3,959,2708,23253,41835,60419,68768,68,0,0,41,26,28,0,0,40,14,0,8,6,135,0,0,3,11,6598,3288,455,921,337,135,313,321,35,97,317,252,99,14,14,0.4983,0.069,0.4327,902,0,0,241,131,0,215,167,230,1886,257,62,183
92472820,1,Harshith revuru,51237,68768,0,-17531,4,8,12,12,12,12,2,2,3,3,3,3,343,2432,11024,21438,46520,51237,88,12,4,46,12,36,5,4,46,12,0,2,13,162,0,0,3,12,6661,3332,950,826,333,162,251,249,41,74,236,174,3,15,15,0.5002,0.1426,0.3572,122,24,16,243,72,0,60,185,147,869,105,90,131
92482055,0,dvv_ram,52486,92388,0,-39902,3,8,10,10,10,5,1,2,3,3,3,3,874,1560,14419,25437,45003,52486,113,0,0,29,10,31,0,0,29,6,0,8,5,152,0,0,3,5,5870,3551,39,678,281,152,252,265,19,50,185,101,271,13,13,0.6049,0.0066,0.3884,1393,0,0,65,60,0,151,91,127,1887,199,94,133
92482055,1,Harshith revuru,92388,52486,1,39902,4,8,12,12,12,12,2,2,3,3,3,3,360,1152,11393,36692,74526,92388,69,13,4,44,15,25,8,4,44,12,5,13,1,145,0,0,3,12,6741,3381,781,833,360,145,296,293,34,101,276,197,5,19,20,0.5016,0.1159,0.3826,71,20,14,275,88,3,234,34,153,892,123,77,152
92484793,0,Harshith revuru,106978,110459,0,-3481,4,8,12,12,12,12,1,2,3,3,3,3,968,851,13977,36661,81451,106978,83,9,4,43,16,34,5,4,43,12,0,13,1,155,0,0,3,12,6698,3079,1095,822,366,155,295,295,32,81,283,164,3,14,14,0.4597,0.1635,0.3768,85,18,18,224,85,0,270,34,186,920,108,91,156
92484793,1,Jordan Schaeffer,110459,106978,1,3481,2,10,9,12,11,10,1,3,3,3,3,3,895,14,13295,45174,89522,110459,108,0,0,48,15,34,0,0,46,8,0,8,4,171,0,0,3,10,6183,3463,225,741,367,171,296,285,43,185,270,97,15,12,13,0.5601,0.0364,0.4035,1058,0,0,280,74,0,243,108,85,1848,146,92,195
92497037,0,Harshith revuru,113759,114443,0,-684,4,8,12,12,12,12,1,2,3,3,3,3,956,911,10667,33702,80231,113759,88,10,4,32,26,38,5,4,32,14,0,13,1,160,0,0,3,12,6744,3128,1084,839,347,160,296,296,24,77,283,178,4,14,14,0.4638,0.1607,0.3754,94,20,22,183,115,0,265,34,193,926,120,93,155
92497037,1,edteoh,114443,113759,1,684,5,5,11,11,11,11,1,1,3,3,3,3,372,302,16971,38704,73818,114443,20,0,0,64,12,5,0,0,55,12,0,10,4,96,0,0,3,11,6575,3974,173,842,301,96,296,293,15,0,270,245,39,17,14,0.6044,0.0263,0.3693,114,0,0,180,72,0,238,96,269,969,440,66,79
92498972,0,Harshith revuru,88821,75665,1,13156,4,8,12,12,12,12,2,2,3,3,3,3,341,1214,7110,33891,68999,88821,91,9,4,31,26,39,5,4,31,14,0,1,13,161,0,0,3,12,6642,3340,930,831,308,161,268,267,30,75,254,147,3,14,14,0.5029,0.14,0.3571,128,18,24,180,126,0,36,232,168,912,119,106,130
92498972,1,edteoh,75665,88821,0,-13156,5,5,11,11,11,11,1,1,3,3,3,3,281,344,15428,39709,63515,75665,30,0,0,66,12,11,0,0,54,12,0,9,7,108,0,0,3,11,6575,3865,146,858,312,108,328,321,18,0,306,247,32,18,16,0.5878,0.0222,0.39,159,0,0,167,70,0,222,149,304,1071,335,73,90
92512925,0,Harshith revuru,33398,38281,0,-4883,4,8,12,14,14,14,2,2,4,4,4,4,342,1861,8760,20993,27073,33398,151,62,6,44,15,65,32,6,44,12,8,2,1,278,0,0,4,14,7368,3534,1385,1098,461,278,135,135,44,32,124,118,2,11,11,0.4796,0.188,0.3324,256,118,24,209,78,30,60,30,78,883,96,147,70
92512925,1,Fujinawa,38281,33398,1,4883,3,9,12,12,12,12,1,2,3,3,3,3,178,2,16381,23680,30755,38281,77,11,1,36,14,13,10,1,30,12,0,10,4,139,0,0,3,12,6835,3292,962,849,321,139,286,294,27,133,359,126,13,15,19,0.4816,0.1407,0.3776,269,27,6,174,66,0,220,106,157,1025,102,66,132
92516427,0,岸本湧士郎,83907,80106,1,3801,3,14,9,14,12,10,1,3,3,3,3,3,19,9003,19794,50607,64656,83907,143,0,0,37,19,57,0,0,36,12,0,8,4,199,0,0,3,10,6673,2855,324,1010,390,199,967,290,40,72,296,135,69,13,13,0.4278,0.0486,0.5236,479,0,0,300,126,0,320,154,300,1679,209,59,99
92516427,1,Harshith revuru,80106,83907,0,-3801,4,8,12,12,12,12,2,2,3,3,3,3,346,838,10929,38055,61388,80106,89,13,4,43,15,32,5,4,43,12,0,1,13,164,0,0,3,12,6870,3374,1052,828,334,164,279,279,32,74,265,157,4,14,14,0.4911,0.1531,0.3557,131,26,30,209,81,0,36,252,176,941,129,95,141
92542367,0,Harshith revuru,95670,144343,0,-48673,4,8,12,12,12,12,2,2,3,3,3,3,349,1130,6523,38271,72239,95670,93,12,4,45,12,35,5,4,45,12,0,1,13,166,0,0,3,12,6739,3292,970,821,331,166,276,276,34,97,262,182,4,14,14,0.4885,0.1439,0.3676,122,24,14,231,69,0,36,252,157,905,133,95,138
92542367,1,Yvonne.,144343,95670,1,48673,4,11,12,12,11,8,1,2,3,3,3,3,41,17258,27817,59854,104837,144343,124,8,0,34,20,32,4,0,34,20,0,8,6,186,0,0,3,8,6896,3482,663,946,389,186,316,319,20,63,305,133,9,51,14,0.5049,0.0961,0.3989,1332,17,0,248,120,0,237,164,2414,4532,543,102,73
92556634,0,Harshith revuru,46648,49584,0,-2936,4,8,12,12,12,12,2,3,3,3,3,3,349,420,10003,20761,41927,46648,97,36,4,39,12,42,11,4,39,12,0,2,13,188,0,0,3,12,6778,3304,1051,841,351,188,248,248,45,61,235,172,4,15,15,0.4875,0.1551,0.3575,136,68,30,211,72,0,60,183,160,920,134,103,138
92556634,1,Prince Special,49584,46648,1,2936,6,10,10,10,10,8,1,2,3,3,3,3,788,8519,9879,28777,46590,49584,8,2,2,32,28,8,2,1,30,26,0,3,16,72,0,0,3,8,6531,3832,715,550,212,72,286,237,40,63,272,129,83,20,20,0.5867,0.1095,0.3038,595,4,5,186,116,0,43,204,219,1372,221,15,122
92620088,0,Adil Khabibullin,89591,87207,1,2384,8,12,12,12,12,12,1,2,3,3,3,3,577,3917,15361,33164,73402,89591,45,42,0,41,15,14,13,0,40,15,0,8,6,143,10,0,3,12,8101,4172,1312,903,362,143,296,318,19,77,246,142,82,15,14,0.515,0.162,0.323,78,121,0,265,90,0,235,122,169,1080,145,31,19
92620088,1,Harshith revuru,87207,89591,0,-2384,4,8,14,14,14,14,2,2,4,4,4,4,309,1262,8398,27653,67116,87207,111,18,6,50,20,40,8,6,50,12,0,15,1,205,0,0,4,14,7520,3601,976,1021,442,205,317,316,35,91,300,181,3,16,16,0.4789,0.1298,0.3914,141,36,34,229,100,0,273,34,188,1035,112,117,156
92644002,0,cg,65586,67427,0,-1841,3,5,6,6,5,5,1,1,1,1,1,1,1663,9291,28056,39426,57043,65586,20,2,0,6,14,11,2,0,6,14,7,10,2,42,0,0,1,5,3866,1301,494,352,264,42,405,405,6,0,386,173,0,19,19,0.3365,0.1278,0.5357,33,6,0,24,84,294,153,62,367,1023,87,13,29
92644002,1,Harshith revuru,67427,65586,1,1841,4,8,12,14,14,14,2,2,4,4,4,4,357,1785,7575,17798,51190,67427,128,29,6,50,14,54,14,6,50,12,0,13,1,227,0,0,4,14,7314,3621,892,1061,426,227,244,243,46,107,230,185,2,14,16,0.4951,0.122,0.383,188,42,33,281,84,0,184,34,109,955,112,113,126
92651796,0,Jiang,80848,79879,1,969,7,7,12,12,12,6,1,2,3,3,3,3,170,6,11295,32349,56340,80848,81,0,0,43,16,11,0,0,43,12,0,9,4,140,0,0,3,6,7318,3523,1374,734,329,140,286,285,19,25,271,246,58,15,13,0.4814,0.1878,0.3308,46,0,0,184,78,0,237,100,246,891,130,85,50
92651796,1,Harshith revuru,79879,80848,0,-969,4,8,12,12,12,12,2,2,3,3,3,3,342,1360,8924,25312,53011,79879,79,10,0,43,12,30,5,0,43,12,0,9,13,144,0,0,3,12,6741,3287,783,741,327,144,374,372,30,89,355,191,4,22,22,0.4876,0.1162,0.3962,67,20,0,203,69,0,198,167,237,961,120,75,189
92658901,0,Harshith revuru,62783,103607,0,-40824,4,8,12,14,14,14,2,2,4,4,4,4,342,1646,7234,19376,42719,62783,128,23,6,47,18,56,10,6,47,12,0,13,1,222,0,0,4,14,7271,3613,877,1046,417,222,244,243,36,104,231,207,2,14,15,0.4969,0.1206,0.3825,141,42,34,237,96,0,195,34,114,893,118,121,109
92658901,1,brainpick,103607,62783,1,40824,8,11,11,12,10,8,1,3,3,3,3,3,446,7372,18276,48222,84719,103607,56,0,0,47,19,20,0,0,44,11,0,6,4,122,0,0,3,8,7355,4022,1080,685,307,122,268,260,60,99,251,157,23,11,10,0.5468,0.1468,0.3063,71,0,0,302,90,0,171,132,152,918,109,42,128
92671261,0,Harshith revuru,88751,73583,1,15168,4,8,12,12,12,12,2,2,3,3,3,3,386,829,8059,40330,76601,88751,91,11,4,46,12,33,5,4,46,12,0,1,13,164,0,0,3,12,6737,3334,913,847,354,164,277,276,35,84,264,157,4,14,14,0.4949,0.1355,0.3696,127,22,26,242,65,0,36,252,164,934,107,96,140
92671261,1,Agrofitting,73583,88751,0,-15168,4,10,10,10,10,10,1,2,3,3,3,3,24,33,12133,32036,62943,73583,86,19,0,40,17,20,11,0,39,17,0,5,9,162,1,1,3,10,6413,3729,123,842,334,162,245,260,41,70,265,230,76,14,22,0.5815,0.0192,0.3993,478,38,0,172,95,0,154,136,212,1285,299,30,136
92682315,0,Harshith revuru,97617,141080,0,-43463,4,8,12,12,12,12,2,2,3,3,3,3,346,581,7679,36605,74025,97617,77,14,4,45,12,28,5,4,45,12,0,1,13,152,0,0,3,12,6868,3412,964,824,333,152,279,277,34,108,266,189,2,14,14,0.4968,0.1404,0.3628,97,28,22,243,69,0,36,255,148,898,120,76,140
92682315,1,HunterBlue,141080,97617,1,43463,4,11,12,12,11,8,1,2,3,3,3,3,27,17579,31010,64572,107731,141080,124,8,0,34,20,32,4,0,33,20,0,8,6,186,0,0,3,8,6896,3481,662,946,389,186,316,319,22,63,305,133,9,51,14,0.5048,0.096,0.3992,1334,17,0,248,120,0,237,164,2414,4534,553,102,73
92722393,0,Harshith revuru,91897,84849,1,7048,4,8,12,12,12,12,2,2,3,3,3,3,342,1068,6584,29417,66077,91897,77,12,1,45,13,30,7,1,45,12,0,5,13,148,0,0,3,12,6827,3437,814,783,331,148,334,333,31,89,318,167,6,18,18,0.5034,0.1192,0.3773,101,24,1,209,71,0,121,215,207,949,118,82,173
92722393,1,JackChenghao,84849,91897,0,-7048,5,12,12,12,12,10,1,2,3,3,3,3,295,15612,23527,43005,68590,84849,57,0,0,34,28,10,0,0,34,19,0,9,4,119,0,0,3,10,7387,4656,150,806,286,119,287,293,18,38,281,255,165,14,19,0.6303,0.0203,0.3494,49,0,0,164,149,0,201,112,240,915,230,41,121
92736302,0,Arman Tuganbaev,92258,86510,1,5748,4,10,13,13,14,5,1,3,3,3,3,3,173,3062,15020,34121,64345,92258,111,8,0,35,18,25,5,0,35,16,0,9,6,172,0,0,3,5,7122,4155,313,897,346,172,241,289,15,166,272,201,2,38,15,0.5834,0.0439,0.3726,245,10,0,241,106,0,222,57,97,978,107,107,117
92736302,1,Harshith revuru,86510,92258,0,-5748,4,8,12,12,12,12,1,2,3,3,3,3,961,850,10658,31256,62559,86510,78,9,4,45,14,29,5,4,45,12,0,13,1,150,0,0,3,12,6828,3229,1053,802,359,150,294,295,31,94,283,207,3,14,14,0.4729,0.1542,0.3729,94,18,16,236,73,0,273,34,176,920,104,86,166
92739217,0,Harshith revuru,98989,94747,1,4242,4,8,12,12,12,12,2,2,3,3,3,3,345,1400,10454,33042,73906,98989,71,11,4,46,13,28,5,4,46,12,0,13,3,145,0,0,3,12,6648,3357,777,800,344,145,297,297,32,101,283,173,7,16,19,0.505,0.1169,0.3782,88,22,23,233,67,0,246,49,169,897,124,73,169
92739217,1,Harith Al-Ani,94747,98989,0,-4242,5,12,12,12,12,7,1,2,3,3,3,3,476,159,18011,36348,71160,94747,50,0,0,43,18,16,0,0,40,12,0,7,6,111,0,0,3,7,7204,3533,893,1072,265,111,290,276,51,84,274,288,39,15,13,0.4904,0.124,0.3856,221,0,0,219,102,0,177,131,217,1067,194,49,186
92792709,0,Prince Special,80384,80852,0,-468,6,10,10,10,10,10,1,2,3,3,3,3,777,4253,16913,36455,67215,80384,6,5,3,22,29,4,5,2,20,26,0,11,8,65,0,0,3,10,6621,3718,771,480,212,65,351,299,28,64,336,140,119,19,19,0.5615,0.1164,0.322,2009,10,12,138,129,0,166,163,269,2896,302,18,200
92792709,1,Harshith revuru,80852,80384,1,468,4,8,12,12,12,12,1,2,3,3,3,3,962,804,10532,32504,68254,80852,83,13,4,40,15,34,5,4,40,12,0,13,1,155,0,0,3,12,6698,3105,1014,819,369,155,297,296,31,93,285,198,5,14,17,0.4636,0.1514,0.385,87,26,22,235,83,0,267,34,177,931,127,91,163
92847776,0,Harshith revuru,46036,39482,1,6554,4,8,12,12,12,12,2,2,3,3,3,3,344,2039,10457,26032,42733,46036,114,31,4,46,12,49,11,4,46,12,0,2,3,207,0,0,3,12,6664,3329,1254,939,368,207,115,115,44,53,110,117,3,5,5,0.4995,0.1882,0.3123,175,56,19,245,72,0,60,66,53,746,109,112,52
92847776,1,derek_kuang0213,39482,46036,0,-6554,5,9,12,12,12,6,2,2,3,3,3,3,226,760,10832,19499,34486,39482,52,0,0,28,21,15,0,0,26,12,0,8,6,101,0,0,3,6,7200,4443,653,562,192,101,248,264,42,45,243,306,22,65,14,0.6171,0.0907,0.2922,106,0,0,146,119,0,205,107,195,878,130,54,133
91889284,0,Jonathan Ashenaf1,36691,133672,0,-96981,8,11,11,13,13,13,2,2,2,3,3,3,227,615,12189,22543,30294,36691,131,44,8,3,12,29,10,6,2,7,2,6,4,198,0,0,3,13,7869,5295,280,994,291,198,216,246,4,12,169,85,52,14,13,0.6729,0.0356,0.2915,219,120,46,16,72,70,120,62,149,874,144,140,67
91889284,1,カワシギ,133672,36691,1,96981,4,11,12,12,11,8,1,2,3,3,3,3,63,17300,30546,61634,104936,133672,125,8,0,34,20,32,4,0,34,20,0,10,4,187,0,0,3,8,6917,3485,676,945,389,187,318,322,17,60,306,133,9,56,14,0.5038,0.0977,0.3984,962,19,0,237,120,0,279,120,1769,3506,429,113,57
91890202,0,カワシギ,106505,39647,1,66858,4,11,12,12,11,8,1,2,3,3,3,3,128,17634,31460,58728,88935,106505,122,7,0,34,20,33,4,0,34,20,0,10,4,183,0,0,3,8,6908,3467,709,919,386,183,319,322,21,60,306,140,8,54,14,0.5019,0.1026,0.3955,1086,17,0,249,120,0,279,120,1701,3572,445,104,72
91890202,1,Ankit Maurya,39647,106505,0,-66858,6,7,11,11,11,10,2,2,3,3,3,3,543,2147,7217,17675,30044,39647,458,55,10,13,15,45,22,5,11,9,6,12,0,551,0,4,3,10,6764,3266,76,955,480,551,382,379,44,35,364,172,21,18,21,0.4829,0.0112,0.5059,208,89,28,67,69,252,217,0,361,1291,114,197,31
91891131,0,vlad101,1142,67971,0,-66829,6,9,12,12,12,12,1,3,3,3,4,4,766,4144,1640,1896,3058,1142,17,21,0,50,31,3,3,0,37,15,1,6,5,119,0,2,4,12,7454,4310,893,985,230,119,234,226,50,95,119,92,75,14,12,0.5782,0.1198,0.302,14,30,0,250,132,0,141,46,0,613,84,52,202
91891131,1,カワシギ,67971,1142,1,66829,4,11,12,12,11,8,1,2,3,3,3,3,229,15044,20174,40044,59366,67971,123,3,0,42,12,38,2,0,42,12,0,8,6,180,0,0,3,8,6913,3673,542,891,389,180,319,322,29,63,306,126,9,50,14,0.5313,0.0784,0.3903,627,6,0,264,72,0,237,164,2727,4097,455,96,62
91892046,0,カワシギ,127151,104872,1,22279,4,11,12,12,11,8,1,2,4,4,4,4,78,16531,22506,67143,104927,127151,144,2,0,34,20,39,2,0,34,20,0,6,12,200,0,0,4,8,6918,3422,575,930,392,200,366,371,23,54,345,153,9,60,18,0.4947,0.0831,0.4222,1269,2,0,216,120,0,189,267,1635,3698,445,103,84
91892046,1,albu,104872,127151,0,-22279,3,14,9,14,12,9,1,3,3,3,3,3,512,4622,22369,56182,85375,104872,139,0,0,36,19,50,0,0,33,14,0,8,5,194,0,0,3,9,6304,2771,767,965,374,194,291,298,50,71,308,142,44,14,15,0.4396,0.1217,0.4388,440,0,0,276,114,0,225,138,239,1432,165,62,159
91892982,0,カワシギ,48366,30917,1,17449,4,11,12,12,11,8,1,2,3,3,3,3,313,14842,23231,38953,41764,48366,123,3,0,42,12,41,2,0,42,12,0,10,4,180,0,0,3,8,6916,3649,553,901,393,180,318,321,25,67,306,135,9,45,14,0.5276,0.08,0.3924,1265,7,0,273,72,0,279,120,1911,3927,496,99,87
91892982,1,kazwzn S,30917,48366,0,-17449,9,12,12,13,13,8,1,2,3,3,3,3,429,12138,16839,33518,29631,30917,31,7,0,31,20,11,2,0,31,10,0,9,6,89,0,0,3,8,8143,4606,1447,621,219,89,176,324,19,62,336,86,128,15,15,0.5656,0.1777,0.2567,1096,21,0,226,111,0,197,80,274,2005,338,52,252
92014531,0,fistyee,123305,9002,1,114303,1,8,12,13,13,4,1,3,3,3,3,3,1176,7865,21702,59376,98413,123305,123,0,0,38,18,50,0,0,38,18,0,7,6,179,0,0,3,4,7142,3931,347,1002,365,179,264,269,43,149,265,138,162,13,15,0.5504,0.0486,0.401,985,0,0,275,106,0,243,156,170,1935,386,36,66
92014531,1,Tony Thekkedath,9002,123305,0,-114303,0,9,9,9,5,3,2,2,2,2,2,2,3,609,701,1372,14,9002,83,0,0,4,2,31,0,0,4,1,0,8,4,89,11,0,2,3,5225,2388,1277,334,130,89,239,220,17,0,118,232,153,13,15,0.457,0.2444,0.2986,2707,0,0,138,10,0,969,492,118,4434,485,34,177
92015460,0,fistyee,107934,63029,1,44905,1,8,12,13,13,4,1,3,3,3,3,3,943,7432,23523,50724,85336,107934,126,0,0,29,18,49,0,0,29,18,0,5,6,173,0,0,3,4,7142,3961,443,970,338,173,253,261,34,142,271,117,154,11,14,0.5546,0.062,0.3834,1263,0,0,211,107,0,242,171,193,2187,414,31,73
92015460,1,Yaroslav Tanko,63029,107934,0,-44905,8,10,12,12,12,8,1,2,3,3,3,3,462,9646,6447,25679,45223,63029,28,0,0,31,20,8,0,0,30,10,0,6,8,79,0,0,3,8,7318,4330,699,714,214,79,281,294,33,68,170,152,256,14,14,0.5917,0.0955,0.3128,43,0,0,137,113,0,175,165,99,732,112,18,24
92016391,0,fistyee,144215,74383,1,69832,1,8,12,13,13,4,1,3,3,3,3,3,1137,11357,26281,59816,110183,144215,125,0,0,29,18,46,0,0,29,18,0,5,9,172,0,0,3,4,7145,3864,383,918,342,172,304,316,31,149,312,144,181,14,15,0.5408,0.0536,0.4056,1286,0,0,224,108,0,174,243,229,2264,476,26,86
92016391,1,Saurabh Kumar,74383,144215,0,-69832,4,4,11,12,12,0,1,3,3,3,3,3,732,2791,3626,17497,46575,74383,67,0,0,32,31,14,0,0,32,15,0,4,8,130,0,1,3,0,6417,3974,581,573,226,130,226,229,51,0,141,191,35,48,12,0.6193,0.0905,0.2902,788,0,0,124,106,0,101,158,140,1417,173,41,149
92017302,0,YassY_The_AlchemYst,78688,107053,0,-28365,9,12,12,12,12,8,1,3,3,3,3,3,513,9652,17324,40280,61683,78688,21,7,0,33,19,6,2,0,33,10,0,9,6,80,0,0,3,8,8012,4493,1308,596,207,80,242,325,31,60,334,155,151,15,15,0.5608,0.1633,0.276,524,21,0,234,103,0,226,107,274,1489,278,49,252
92017302,1,fistyee,107053,78688,1,28365,1,8,12,13,13,4,1,3,3,3,3,3,1143,9931,22321,56197,85519,107053,125,0,0,32,18,49,0,0,32,18,0,9,3,175,0,0,3,4,7138,3966,382,980,357,175,259,266,36,151,264,116,161,12,13,0.5556,0.0535,0.3909,1106,0,0,249,107,0,252,93,136,1943,402,28,67
92018228,0,takai380,116262,122773,0,-6511,6,12,12,12,12,8,1,3,3,3,3,3,439,2948,21790,51549,88801,116262,34,0,0,44,21,11,0,0,39,11,0,8,6,99,0,0,3,8,7237,3998,473,791,302,99,311,324,36,90,319,367,92,21,14,0.5524,0.0654,0.3822,855,10,0,309,123,12,235,190,271,2005,361,51,324
92018228,1,fistyee,122773,116262,1,6511,1,8,12,13,13,4,1,3,3,3,3,3,1088,12355,29755,59696,98419,122773,125,0,0,29,18,48,0,0,29,18,0,9,6,172,0,0,3,4,7147,3860,402,928,354,172,307,312,32,143,299,140,168,15,15,0.5401,0.0562,0.4037,1413,0,0,224,107,0,223,172,160,2299,443,23,77
92482014,0,jasonstillchasin,151831,54338,1,97493,3,14,9,14,12,10,1,3,3,3,3,3,11,8033,20961,67960,113863,151831,143,0,0,37,19,56,0,0,36,12,0,8,4,199,0,0,3,10,6673,2854,324,1010,390,199,967,290,41,72,296,135,70,12,13,0.4277,0.0486,0.5238,436,0,0,278,102,0,195,131,203,1345,176,59,99
92482014,1,Leonard Yaw Mensah,54338,151831,0,-97493,7,9,10,10,10,10,1,2,3,3,3,3,714,1066,3422,12752,37543,54338,86,0,0,54,0,19,0,0,47,0,0,7,3,140,-1,0,3,10,6897,4378,297,852,188,140,176,178,43,0,168,392,64,10,11,0.6348,0.0431,0.3222,1044,0,0,147,0,0,137,41,162,1531,136,28,99
92482934,0,khusham sheth,17358,81795,0,-64437,8,8,8,8,8,8,2,2,4,4,4,4,460,1007,2697,7297,12122,17358,115,0,0,56,26,27,0,0,21,13,0,5,5,197,0,0,4,8,6163,2964,1179,791,227,197,223,235,17,0,206,82,0,32,10,0.4809,0.1913,0.3278,1395,0,0,43,64,0,89,78,162,1831,426,120,346
92482934,1,jasonstillchasin,81795,17358,1,64437,3,14,9,14,12,10,1,3,3,3,3,3,4,7429,15493,42906,67843,81795,143,0,0,37,19,55,0,0,36,12,0,8,4,199,0,0,3,10,6673,2854,324,1004,390,199,967,290,46,72,296,135,70,13,13,0.4277,0.0486,0.5238,408,0,0,286,102,0,211,128,216,1351,172,59,99
92483869,0,Juwon Kweon,77065,131213,0,-54148,7,3,11,11,11,8,1,2,3,3,3,3,1444,631,6455,25694,56407,77065,30,8,0,46,18,9,7,0,40,18,0,9,8,102,0,11,3,8,6859,3306,1017,906,270,102,286,289,17,78,232,248,73,17,18,0.482,0.1483,0.3697,72,12,0,202,106,0,189,134,357,1072,193,75,115
92483869,1,jasonstillchasin,131213,77065,1,54148,3,14,9,14,12,10,1,3,3,3,3,3,9,8511,24688,65682,99713,131213,143,0,0,37,19,56,0,0,36,12,0,8,4,199,0,0,3,10,6673,2854,324,1010,390,199,967,290,40,72,296,135,70,13,13,0.4277,0.0486,0.5238,429,0,0,286,102,0,215,132,216,1380,175,59,99
92484782,0,Neural,69228,121810,0,-52582,8,10,10,10,10,6,2,3,3,3,3,3,115,331,4469,25037,50716,69228,74,0,0,30,22,16,0,0,29,17,11,4,2,126,0,0,3,6,6690,3634,644,966,331,126,217,228,42,80,244,105,34,17,22,0.5432,0.0963,0.3605,215,0,0,142,80,191,80,36,198,942,107,52,89
92484782,1,jasonstillchasin,121810,69228,1,52582,3,14,9,14,12,10,1,3,3,3,3,3,2,7768,20413,56011,96367,121810,143,0,0,37,19,57,0,0,36,12,0,8,4,199,0,0,3,10,6673,2854,324,1010,390,199,967,290,40,72,296,135,70,13,13,0.4277,0.0486,0.5238,428,0,0,286,102,0,215,132,216,1379,175,59,99
92485704,0,jasonstillchasin,60290,49653,1,10637,3,14,9,14,12,10,1,3,3,3,3,3,18,8718,17512,32551,39410,60290,143,0,0,37,19,56,0,0,36,12,0,8,4,199,0,0,3,10,6673,2854,324,1009,390,199,967,290,42,72,296,135,70,12,13,0.4277,0.0486,0.5238,431,0,0,279,102,0,200,132,207,1351,174,59,99
92485704,1,mayoristaNLP,49653,60290,0,-10637,3,7,13,13,12,8,1,2,3,3,3,3,1063,24,7809,23018,27882,49653,11,1,0,36,25,7,0,0,33,16,0,9,11,73,0,0,3,8,6698,4244,108,602,279,73,414,356,8,63,314,134,41,42,20,0.6336,0.0161,0.3503,108,6,0,265,132,0,338,223,335,1407,223,22,37
92544242,0,zixma13,33674,134503,0,-100829,3,9,9,10,11,0,1,3,3,3,3,3,421,299,1829,8322,17635,33674,94,4,0,28,14,17,3,0,24,8,0,5,3,140,0,0,3,0,5626,3877,138,693,242,140,92,150,28,15,77,108,0,57,9,0.6891,0.0245,0.2863,134,3,0,85,63,0,85,34,62,466,99,34,90
92544242,1,Furious Monk,134503,33674,1,100829,3,14,9,14,12,10,1,3,3,3,3,3,4,9425,22486,62103,102797,134503,143,0,0,37,19,56,0,0,36,12,0,8,4,199,0,0,3,10,6650,2854,301,1010,390,199,966,290,41,72,296,135,70,13,13,0.4292,0.0453,0.5256,428,0,0,286,102,0,215,132,215,1378,170,59,99
92545166,0,Furious Monk,98646,47140,1,51506,3,14,9,14,12,10,1,3,3,3,3,3,5,8292,21897,55167,74806,98646,143,0,0,37,19,57,0,0,36,12,0,8,4,199,0,0,3,10,6673,2854,324,1010,390,199,967,290,40,72,296,135,70,13,13,0.4277,0.0486,0.5238,428,0,0,286,102,0,215,132,215,1378,170,59,99
92545166,1,Shifa Salsabiila,47140,98646,0,-51506,5,8,10,10,10,10,1,2,3,3,3,3,1209,5437,14015,27108,38584,47140,141,0,0,22,31,36,0,0,21,19,0,5,3,194,0,0,3,10,6483,3913,274,1174,241,194,163,191,69,12,161,67,8,8,8,0.6036,0.0423,0.3542,209,0,0,73,130,0,140,49,143,744,98,104,82
92546101,0,Wei Han,39067,93445,0,-54378,7,11,11,10,12,0,1,1,3,3,3,3,707,1809,1374,16154,26158,39067,54,30,7,32,12,27,18,7,31,11,0,3,6,135,0,0,3,0,7143,2996,2592,715,148,135,110,141,25,0,156,37,0,79,9,0.4194,0.3629,0.2177,250,63,26,28,71,0,60,67,156,721,163,90,134
92546101,1,Furious Monk,93445,39067,1,54378,3,14,9,14,12,10,1,3,3,3,3,3,24,8497,20219,52215,73564,93445,143,0,0,37,19,57,0,0,36,12,0,8,4,199,0,0,3,10,6673,2853,324,1010,390,199,967,290,41,72,296,135,70,13,13,0.4275,0.0486,0.5239,438,0,0,278,102,0,197,131,205,1351,171,59,99
92547041,0,Furious Monk,54847,18535,1,36312,3,14,9,14,12,10,1,3,3,3,3,3,19,6885,16125,36250,42154,54847,143,0,0,37,19,57,0,0,36,12,0,8,4,199,0,0,3,10,6673,2854,324,1010,390,199,966,290,41,72,296,135,70,13,13,0.4277,0.0486,0.5238,428,0,0,286,102,0,215,131,215,1377,171,59,99
92547041,1,Yorix.um,18535,54847,0,-36312,6,10,12,12,12,10,1,2,3,3,3,3,534,2159,12209,19785,17679,18535,5,0,0,46,18,4,0,0,41,10,0,8,7,69,0,0,3,10,7072,3740,686,672,270,69,321,329,33,75,320,440,87,15,15,0.5288,0.097,0.3742,832,0,0,292,102,0,220,177,243,1866,350,44,370
92547977,0,Pilkwang Kim,38888,77127,0,-38239,9,12,12,13,12,8,1,2,3,3,3,3,523,8974,18138,33787,37169,38888,26,8,0,35,19,8,4,0,35,10,0,11,4,88,0,0,3,8,8142,4589,1477,659,198,88,145,326,29,66,331,90,114,15,15,0.5636,0.1814,0.255,1094,24,0,238,110,0,187,57,265,1975,327,42,256
92547977,1,Furious Monk,77127,38888,1,38239,3,14,9,14,12,10,1,3,3,3,3,3,22,7030,18275,46346,65101,77127,143,0,0,37,19,57,0,0,36,12,0,8,4,199,0,0,3,10,6673,2854,323,1010,390,199,966,290,42,72,296,135,70,13,13,0.4277,0.0484,0.5239,428,0,0,286,102,0,214,131,215,1376,171,59,99
92569445,0,Aeternum,7007,124244,0,-117237,7,7,7,7,7,7,2,2,4,4,4,4,61,136,258,3139,2912,7007,632,1,1,9,64,8,1,1,7,23,3,8,8,707,0,0,4,7,5308,2690,1,571,483,707,186,187,22,54,176,201,0,19,11,0.5068,0.0002,0.493,46,2,4,21,143,96,78,0,442,832,131,53,121
92569445,1,Mohamed abdelrazik,124244,7007,1,117237,3,14,9,14,12,10,1,3,3,3,3,3,13,9364,20970,56765,90873,124244,142,0,0,37,19,57,0,0,35,12,0,8,4,198,0,0,3,10,6673,2896,282,1007,390,198,955,290,43,72,290,135,89,13,13,0.434,0.0423,0.5238,479,0,0,300,126,0,320,154,300,1679,235,59,99
92570368,0,This cat is called Fumi,37285,154774,0,-117489,5,9,14,14,12,8,1,3,4,4,4,4,1049,506,9079,14952,26478,37285,9,0,0,0,73,7,0,0,0,49,0,8,6,82,0,0,4,8,7334,4668,637,705,148,82,281,290,37,0,304,67,87,14,14,0.6365,0.0869,0.2767,53,0,0,0,270,0,156,135,303,917,160,49,257
92570368,1,Mohamed abdelrazik,154774,37285,1,117489,3,14,9,14,12,10,1,3,3,3,3,3,22,6597,17756,63753,112638,154774,142,0,0,37,19,57,0,0,36,12,0,8,4,198,0,0,3,10,6650,2889,275,1008,390,198,947,290,44,72,288,135,88,13,13,0.4344,0.0414,0.5242,479,0,0,300,126,0,320,154,300,1679,235,59,99
92571290,0,Marc-Luca ,39315,93309,0,-53994,4,9,9,9,9,9,1,2,2,2,2,2,820,307,17126,19919,26225,39315,82,0,0,31,29,15,0,0,20,23,4,3,2,142,0,0,2,9,5886,3478,242,477,510,142,191,191,68,75,191,232,71,9,9,0.5909,0.0411,0.368,789,0,0,56,132,120,96,40,106,1339,155,152,111
92571290,1,Mohamed abdelrazik,93309,39315,1,53994,3,14,9,14,12,10,1,3,3,3,3,3,24,7623,15336,36704,70016,93309,142,0,0,37,19,57,0,0,35,12,0,8,4,198,0,0,3,10,6673,2896,282,1007,390,198,955,290,43,72,290,135,89,13,13,0.434,0.0423,0.5238,479,0,0,300,126,0,320,154,300,1679,235,59,99
92572217,0,Ibad Ur Rahman,122380,142263,0,-19883,9,12,12,12,12,8,1,2,3,3,3,3,526,12814,18113,47982,87166,122380,23,9,0,32,19,8,4,0,32,10,0,14,1,83,0,0,3,8,7993,4445,1452,588,210,83,234,321,24,68,320,99,119,15,15,0.5561,0.1817,0.2622,1083,27,0,239,88,0,289,23,252,2001,215,47,256
92572217,1,Mohamed abdelrazik,142263,122380,1,19883,3,14,9,14,12,10,1,3,3,3,3,3,21,6325,18973,65783,109760,142263,142,0,0,37,19,57,0,0,36,12,0,8,4,198,0,0,3,10,6673,2896,282,1008,390,198,954,290,43,72,290,135,89,13,13,0.434,0.0423,0.5238,479,0,0,300,126,0,320,154,300,1679,235,59,99
92573140,0,Mohamed abdelrazik,74088,37336,1,36752,3,14,9,14,12,10,1,3,3,3,3,3,22,6877,15337,42245,53946,74088,142,0,0,37,19,57,0,0,36,12,0,8,4,198,0,0,3,10,6673,2896,282,1008,390,198,955,290,42,72,290,135,89,13,13,0.434,0.0423,0.5238,479,0,0,300,126,0,320,154,300,1679,235,59,99
92573140,1,Zihao Zeng,37336,74088,0,-36752,7,10,12,12,12,10,1,2,3,3,3,3,540,2594,14125,25755,29561,37336,64,0,0,39,20,11,0,0,36,11,1,5,7,123,0,0,3,10,7339,3987,475,849,310,123,311,322,28,112,317,385,92,14,14,0.5433,0.0647,0.392,865,0,0,236,119,30,165,207,200,1822,320,81,287
92473891,0,RicardoLópez,71962,77692,0,-5730,3,14,9,14,12,10,1,3,3,3,3,3,12,5628,16011,39773,50570,71962,143,0,0,37,19,56,0,0,36,12,0,8,4,199,0,0,3,10,6673,2854,324,1009,390,199,967,290,42,72,296,135,69,13,13,0.4277,0.0486,0.5238,479,0,0,300,126,0,320,154,300,1679,195,59,99
92473891,1,MD. Nazmus Sakib Anik,77692,71962,1,5730,4,11,12,12,11,8,1,2,3,3,3,3,138,15911,25345,50290,62887,77692,130,8,0,34,20,37,4,0,34,20,0,10,4,192,0,0,3,8,6918,3460,683,953,392,192,316,321,24,63,306,127,9,58,14,0.5001,0.0987,0.4011,1253,17,0,251,120,0,278,120,2245,4284,509,113,71
92473954,0,kevin park,63921,62690,1,1231,3,14,9,14,12,10,1,3,3,3,3,3,33,5118,11270,36882,50572,63921,143,0,0,37,19,56,0,0,36,12,0,8,4,199,0,0,3,10,6650,2854,311,1010,390,199,956,290,42,72,296,135,65,17,13,0.4292,0.0468,0.5241,474,0,0,330,126,0,327,165,297,1719,234,59,99
92473954,1,Furious Monk,62690,63921,0,-1231,3,14,9,14,12,10,1,3,3,3,3,3,33,5160,11373,37089,49882,62690,143,0,0,37,19,56,0,0,36,12,0,8,4,199,0,0,3,10,6650,2855,301,1010,390,199,967,290,40,72,296,135,69,13,13,0.4293,0.0453,0.5254,428,0,0,285,102,0,215,131,216,1377,170,59,99
92473972,0,Yusuke Hayashi,104299,99667,1,4632,3,14,9,14,12,10,1,3,3,3,3,3,2,6157,18512,58722,83013,104299,143,0,0,37,19,56,0,0,36,12,0,8,4,199,0,0,3,10,6650,2854,301,1010,390,199,967,290,40,72,296,135,70,13,13,0.4292,0.0453,0.5256,479,0,0,336,210,0,453,174,300,1952,211,59,99
92473972,1,gogogo,99667,104299,0,-4632,3,14,9,14,12,10,1,3,3,3,3,3,2,5083,14101,55419,77714,99667,143,0,0,37,19,56,0,0,36,12,0,8,4,199,0,0,3,10,6650,2855,301,1010,390,199,966,290,41,72,296,135,69,13,13,0.4293,0.0453,0.5254,479,0,0,300,126,0,320,154,302,1681,181,59,99
92473974,0,Khanh,77078,77746,0,-668,3,14,9,14,12,10,1,3,3,3,3,3,33,7449,19941,47056,55588,77078,143,0,0,37,19,56,0,0,36,12,0,8,4,199,0,0,3,10,6650,2855,301,1010,390,199,967,290,40,72,296,135,69,13,13,0.4293,0.0453,0.5254,479,0,0,300,126,0,320,154,300,1679,180,59,99
92473974,1,Freddy,77746,77078,1,668,3,14,9,14,12,10,1,3,3,3,3,3,33,7421,19919,46921,56331,77746,143,0,0,37,19,56,0,0,36,12,0,8,4,199,0,0,3,10,6650,2855,301,1010,390,199,967,290,40,72,296,135,69,13,13,0.4293,0.0453,0.5254,479,0,0,300,126,0,320,154,300,1679,195,59,99
92474818,0,Shadow,83263,86512,0,-3249,3,14,9,14,12,10,1,3,3,3,3,3,982,10135,23873,55364,69955,83263,143,0,0,37,19,57,0,0,36,14,0,9,4,199,0,0,3,10,6631,3152,622,1010,390,199,285,290,41,72,296,135,113,13,13,0.4753,0.0938,0.4309,464,0,0,286,114,0,241,132,235,1472,200,65,140
92474818,1,CoorDi,86512,83263,1,3249,3,14,9,14,12,10,1,3,3,3,3,3,28,8189,20431,54032,66818,86512,143,0,0,37,19,56,0,0,36,12,0,8,4,199,0,0,3,10,6650,2855,300,1010,390,199,967,290,41,72,296,135,69,13,13,0.4293,0.0451,0.5256,479,0,0,300,126,0,320,154,300,1679,213,59,99
92474876,0,Filip Strzałka,138857,144517,0,-5660,3,14,9,14,12,10,1,3,3,3,3,3,33,5088,15163,61717,104721,138857,143,0,0,37,19,56,0,0,36,12,0,8,4,199,0,0,3,10,6650,2854,301,1010,390,199,967,290,41,72,296,135,69,13,13,0.4292,0.0453,0.5256,479,0,0,300,126,0,320,154,300,1679,197,59,99
92474876,1,JALKARNA GAUTAM,144517,138857,1,5660,3,14,9,14,12,10,1,3,3,3,3,3,33,6190,19426,65499,112730,144517,143,0,0,37,19,56,0,0,36,12,0,8,4,199,0,0,3,10,6650,2854,301,1010,390,199,967,290,40,72,296,135,70,13,13,0.4292,0.0453,0.5256,479,0,0,356,210,0,453,202,302,2002,220,59,99
92475813,0,gogogo,77002,75321,1,1681,3,14,9,14,12,10,1,3,3,3,3,3,12,6308,18325,43729,57114,77002,143,0,0,37,19,56,0,0,36,12,0,8,4,199,0,0,3,10,6673,2855,324,1010,390,199,966,290,41,72,296,135,69,13,13,0.4278,0.0486,0.5236,479,0,0,300,126,0,320,154,302,1681,181,59,99
92475813,1,ali dzaki,75321,77002,0,-1681,4,11,12,12,11,8,1,2,3,3,3,3,138,15857,27675,49937,62497,75321,130,8,0,34,20,37,4,0,34,20,0,10,4,192,0,0,3,8,6918,3460,683,952,392,192,316,321,25,63,306,127,9,58,14,0.5001,0.0987,0.4011,2242,1016,999,1250,1119,999,1265,1119,3244,13253,516,113,71
92475830,0,Tagir Analyzes,92925,89545,1,3380,3,14,9,14,12,10,1,3,3,3,3,3,33,5189,14880,47661,72227,92925,143,0,0,37,19,56,0,0,36,12,0,8,4,199,0,0,3,10,6650,2855,301,1010,390,199,966,290,41,72,296,135,69,13,13,0.4293,0.0453,0.5254,479,0,0,300,126,0,320,154,300,1679,195,59,99
92475830,1,gogogo,89545,92925,0,-3380,3,14,9,14,12,10,1,3,3,3,3,3,33,5189,14667,46325,69339,89545,143,0,0,37,19,56,0,0,36,12,0,8,4,199,0,0,3,10,6650,2855,301,1010,390,199,966,290,41,72,296,135,69,13,13,0.4293,0.0453,0.5254,479,0,0,300,126,0,320,154,302,1681,181,59,99
92475831,0,Syed Muhammad Gillani,41242,43791,0,-2549,3,14,9,14,12,10,1,3,3,3,3,3,511,5557,13100,29093,31452,41242,143,0,0,37,19,57,0,0,36,14,0,9,4,199,0,0,3,10,6631,2857,962,1010,390,199,285,290,40,72,296,135,69,13,13,0.4309,0.1451,0.4241,464,0,0,286,114,0,241,132,235,1472,181,65,140
92475831,1,vladee,43791,41242,1,2549,3,14,9,14,12,10,1,3,3,3,3,3,11,5592,12407,29489,33651,43791,143,0,0,37,19,56,0,0,36,12,0,8,4,199,0,0,3,10,6650,2855,304,1010,390,199,958,290,40,72,301,135,70,13,13,0.4293,0.0457,0.525,428,0,0,327,102,0,250,172,217,1496,184,59,99
92476753,0,Yura,117146,118554,0,-1408,3,14,9,14,12,10,1,3,3,3,3,3,515,6495,16878,55737,88604,117146,138,0,0,37,18,54,0,0,35,13,0,10,4,193,0,0,3,10,6716,2883,1021,1017,386,193,285,290,47,72,301,138,51,18,14,0.4293,0.152,0.4187,462,0,0,294,114,0,250,168,242,1530,208,63,156
92476753,1,Khanh,118554,117146,1,1408,3,13,9,14,12,10,1,3,3,3,3,3,1,3398,11880,52425,87712,118554,143,0,0,37,18,56,0,0,36,11,0,8,4,198,0,0,3,10,6651,2844,322,1008,389,198,963,290,40,72,296,135,68,13,13,0.4276,0.0484,0.524,479,0,0,300,126,0,320,154,300,1679,180,59,99
91112137,0,Jia Chen,27828,9650,1,18178,5,5,5,5,5,5,1,1,1,1,1,1,76,541,7123,12148,21187,27828,90,0,0,9,0,8,0,0,9,0,0,5,0,99,-1,0,1,5,3880,1766,1347,266,124,99,74,74,0,0,70,41,0,11,8,0.4552,0.3472,0.1977,1,0,0,20,0,0,75,0,67,163,47,14,0
91112137,1,Harshith revuru,9650,27828,0,-18178,6,7,0,8,7,6,2,2,3,3,3,3,523,441,1196,553,1979,9650,16,43,3,26,13,5,16,3,15,8,0,1,0,101,0,12,3,6,4440,1587,1743,507,232,101,8,2,47,0,5,199,0,3,6,0.3574,0.3926,0.25,123,77,8,37,10,0,0,0,5,260,57,76,15
91113043,0,fatariq,24678,14810,1,9868,0,0,6,6,6,6,1,1,2,2,2,2,0,0,13188,12768,12668,24678,0,0,0,0,61,0,0,0,0,36,0,0,0,61,0,-1,2,6,3336,1289,1322,601,48,61,0,0,15,0,0,0,0,0,0,0.3864,0.3963,0.2173,0,0,0,0,280,0,0,0,0,280,6,44,0
91113043,1,Harshith revuru,14810,24678,0,-9868,6,7,8,8,7,7,2,2,3,4,4,4,1111,533,1931,2594,10680,14810,13,75,3,18,3,5,18,3,18,2,0,2,0,112,0,8,4,7,5244,1704,2455,559,186,112,12,5,26,0,10,166,0,2,7,0.3249,0.4682,0.2069,112,138,12,72,15,0,0,0,10,359,71,71,11
91120915,0,Harshith revuru,23077,8908,1,14169,6,0,0,7,7,6,2,2,2,2,2,2,479,194,1082,2463,16409,23077,11,39,5,24,9,5,16,5,14,5,0,3,1,88,0,13,2,6,4417,1526,1699,448,144,88,23,11,39,0,19,410,0,4,6,0.3455,0.3847,0.2699,140,67,17,38,34,0,10,0,19,325,71,47,18
91120915,1,Universal Entropy,8908,23077,0,-14169,8,8,8,10,10,10,2,2,2,3,3,3,2079,1329,3930,2873,3556,8908,99,0,0,0,0,22,0,0,0,0,9,4,0,99,-1,7,3,10,6229,4780,2,195,162,99,83,161,35,0,88,465,133,13,13,0.7674,0.0003,0.2323,102,0,0,0,0,158,12,0,84,356,121,68,103
91124245,0,Harshith revuru,29900,6214,1,23686,6,7,8,8,7,8,2,2,3,3,3,3,824,356,1485,10650,25014,29900,2,70,3,18,11,2,17,3,18,8,0,1,0,104,0,8,3,8,5220,2014,2193,559,208,104,6,2,25,0,5,97,0,1,6,0.3858,0.4201,0.1941,96,127,10,68,53,0,0,0,5,359,66,53,14
91124245,1,Hyezir4,6214,29900,0,-23686,3,3,3,3,3,3,1,1,1,1,1,1,3130,3736,4427,4995,5686,6214,475,0,0,0,0,11,0,0,0,0,0,0,0,475,-1,-1,1,3,2787,804,2,1100,406,475,0,0,0,0,0,0,0,0,0,0.2885,0.0007,0.7108,218,0,0,0,0,0,0,0,0,218,27,112,0
91130530,0,Ronel maamoc,7920,712,1,7208,0,0,0,3,0,0,1,1,1,1,1,1,1625,1625,2701,2412,5017,7920,25,0,3,0,6,7,0,0,0,3,0,0,0,34,0,-1,1,0,1292,367,1,67,807,34,0,0,8,3,0,4,1,0,0,0.2841,0.0008,0.7152,31,0,0,0,21,0,0,0,6,58,13,18,7
91130530,1,Harshith revuru,712,7920,0,-7208,6,0,0,0,0,7,2,2,2,2,2,2,724,152,88,88,177,712,10,28,1,21,10,3,16,1,12,5,0,2,0,70,0,8,2,7,2277,752,971,228,34,70,4,2,40,0,1,166,0,3,6,0.3303,0.4264,0.2433,90,46,2,1,8,0,0,0,1,148,27,39,12
92476754,0,Cultuurstelsel,117249,119271,0,-2022,3,14,9,14,12,10,1,3,3,3,3,3,2,5309,16565,60715,94627,117249,143,0,0,37,19,56,0,0,36,12,0,8,4,199,0,0,3,10,6650,2855,301,1010,390,199,966,290,41,72,296,135,69,13,13,0.4293,0.0453,0.5254,479,0,0,300,126,0,320,154,300,1679,180,59,99
92476754,1,Hamed Seyed-allaei,119271,117249,1,2022,3,14,9,14,12,10,1,3,3,3,3,3,2,5309,16638,61161,96304,119271,143,0,0,37,19,56,0,0,36,12,0,8,4,199,0,0,3,10,6650,2854,301,1010,390,199,965,290,43,72,296,135,69,13,13,0.4292,0.0453,0.5256,479,0,0,300,126,0,320,154,302,1681,198,59,99
92478569,0,m0chi1216,89303,86091,1,3212,3,14,9,14,12,10,1,3,3,3,3,3,5,8395,21667,56896,68333,89303,143,0,0,37,19,56,0,0,36,12,0,8,4,199,0,0,3,10,6650,2855,300,1010,390,199,967,290,41,72,296,135,69,13,13,0.4293,0.0451,0.5256,479,0,0,300,126,0,320,154,300,1679,200,59,99
92478569,1,MD Concepcion,86091,89303,0,-3212,3,14,9,14,12,10,1,3,3,3,3,3,347,8558,21422,56011,66481,86091,143,0,0,37,19,57,0,0,35,12,0,8,4,199,0,0,3,10,6650,2852,400,1021,390,199,857,291,42,72,295,134,69,15,13,0.4289,0.0602,0.511,433,0,0,278,102,0,215,132,216,1376,165,60,111
92478571,0,Nkosi Ndwandwe,60092,59387,1,705,3,14,9,14,12,10,1,3,3,3,3,3,33,5112,14178,41388,48722,60092,143,0,0,37,19,56,0,0,35,12,0,8,4,199,0,0,3,10,6650,2855,301,1009,390,199,967,290,41,72,296,135,69,13,13,0.4293,0.0453,0.5254,479,0,0,300,126,0,320,154,300,1679,196,59,99
92478571,1,Dandan Li,59387,60092,0,-705,3,14,9,14,12,10,1,3,3,3,3,3,33,5148,13914,42942,50129,59387,143,0,0,37,17,56,0,0,36,12,0,8,4,197,0,0,3,10,6650,2851,315,1010,390,197,954,290,43,72,296,135,60,24,13,0.4287,0.0474,0.5239,529,0,0,300,126,0,320,154,297,1726,219,59,99
92478572,0,Sergey Kutepov,116634,116826,0,-192,3,14,9,14,12,10,1,3,3,3,3,3,33,5260,19133,60218,80902,116634,143,0,0,37,19,56,0,0,36,12,0,8,4,199,0,0,3,10,6650,2855,301,1010,390,199,967,290,40,72,296,135,69,13,13,0.4293,0.0453,0.5254,479,0,0,300,126,0,320,154,300,1679,195,59,99
92478572,1,Khanh,116826,116634,1,192,3,14,9,14,12,10,1,3,3,3,3,3,33,5278,19287,60620,80711,116826,143,0,0,37,19,56,0,0,36,12,0,8,4,199,0,0,3,10,6650,2855,301,1010,390,199,967,290,40,72,296,135,69,13,13,0.4293,0.0453,0.5254,479,0,0,300,126,0,320,154,300,1679,180,59,99
92478573,0,Freddy,132639,121890,1,10749,3,14,9,14,12,10,1,3,3,3,3,3,33,6042,19946,65335,99112,132639,143,0,0,37,19,56,0,0,36,12,0,8,4,199,0,0,3,10,6650,2855,301,1010,390,199,967,290,40,72,296,135,69,13,13,0.4293,0.0453,0.5254,479,0,0,300,126,0,320,154,300,1679,195,59,99
92478573,1,jasonstillchasin,121890,132639,0,-10749,3,14,9,14,12,10,1,3,3,3,3,3,33,5651,17584,60214,90940,121890,143,0,0,36,19,55,0,0,35,12,0,8,4,198,0,0,3,10,6650,2855,301,1004,390,198,967,290,47,72,296,135,69,13,13,0.4293,0.0453,0.5254,423,0,0,276,102,0,186,127,200,1314,160,59,99
92478575,0,gogogo,77216,79995,0,-2779,3,14,9,14,12,10,1,3,3,3,3,3,33,5935,16650,47998,59547,77216,143,0,0,37,19,56,0,0,36,12,0,8,4,199,0,0,3,10,6650,2855,301,1010,390,199,966,290,41,72,296,135,69,13,13,0.4293,0.0453,0.5254,479,0,0,300,126,0,320,154,302,1681,181,59,99
92478575,1,Kers Aoyagi,79995,77216,1,2779,3,14,9,14,12,10,1,3,3,3,3,3,33,5950,16862,48472,61178,79995,143,0,0,37,19,56,0,0,36,12,0,8,4,199,0,0,3,10,6650,2855,301,1010,390,199,967,290,40,72,296,135,69,13,13,0.4293,0.0453,0.5254,479,0,0,321,126,0,327,154,302,1709,197,59,99
92478595,0,Lợi Trần Bảo,137234,135533,1,1701,3,14,9,14,12,10,1,3,3,3,3,3,5,5290,16601,62260,102270,137234,143,0,0,37,19,56,0,0,36,12,0,8,4,199,0,0,3,10,6650,2855,301,1010,390,199,964,290,43,72,296,135,69,13,13,0.4293,0.0453,0.5254,479,0,0,300,126,0,320,154,300,1679,223,59,100
92478595,1,Arda Ceylan,135533,137234,0,-1701,3,14,9,14,12,10,1,3,3,3,3,3,31,5269,16526,61911,100973,135533,143,0,0,37,19,56,0,0,36,12,0,8,4,199,0,0,3,10,6650,2855,301,1010,390,199,967,290,40,72,296,135,69,13,13,0.4293,0.0453,0.5254,479,0,0,300,126,0,320,154,300,1679,233,59,99
92479549,0,Nikita Lugovoy,149612,145022,1,4590,3,14,9,14,12,10,1,3,3,3,3,3,2,5243,16321,62884,111459,149612,143,0,0,37,19,56,0,0,36,12,0,8,4,199,0,0,3,10,6650,2855,301,1010,390,199,967,290,40,72,296,135,69,13,13,0.4293,0.0453,0.5254,479,0,0,300,126,0,320,154,300,1679,180,59,99
92479549,1,syouya tobita,145022,149612,0,-4590,3,14,9,14,12,10,1,3,3,3,3,3,2,5243,16242,61429,109615,145022,143,0,0,37,17,56,0,0,35,12,0,8,4,197,0,0,3,10,6650,2855,303,1009,390,197,967,290,41,72,296,135,69,13,13,0.4293,0.0456,0.5251,479,0,0,300,126,0,320,154,300,1679,180,59,99
92480426,0,CoorDi,52303,51627,1,676,3,13,9,14,12,10,1,3,3,3,3,3,10,3421,10635,36114,40980,52303,143,0,0,37,18,56,0,0,36,11,0,8,4,198,0,0,3,10,6628,2844,299,1008,389,198,961,290,42,72,296,135,68,13,13,0.4291,0.0451,0.5258,479,0,0,300,126,0,320,154,300,1679,213,59,99
92480426,1,TIM,51627,52303,0,-676,3,14,9,14,12,10,1,3,3,3,3,3,458,6263,15372,37696,41480,51627,138,0,0,37,18,54,0,0,34,13,0,10,4,193,0,0,3,10,6716,2870,1037,1016,385,193,285,290,47,72,301,138,50,18,14,0.4273,0.1544,0.4183,465,0,0,299,114,0,218,148,247,1491,176,65,156
92480434,0,カワシギ,149647,139593,1,10054,4,11,12,12,11,8,1,2,3,3,3,3,43,16172,26856,60394,107895,149647,131,7,0,34,20,36,4,0,34,20,0,10,4,192,0,0,3,8,6917,3437,725,932,390,192,318,321,24,63,305,136,8,52,14,0.4969,0.1048,0.3983,1037,15,0,242,120,0,279,120,1786,3599,431,110,70
92480434,1,Filip Strzałka,139593,149647,0,-10054,3,14,9,14,12,10,1,3,3,3,3,3,17,5701,17006,55143,103468,139593,143,0,0,37,19,56,0,0,36,12,0,8,4,199,0,0,3,10,6673,2855,324,1010,390,199,967,290,40,72,296,135,69,13,13,0.4278,0.0486,0.5236,479,0,0,300,126,0,320,154,300,1679,196,59,99
92480435,0,researchstudio.site,57984,55280,1,2704,1,8,12,13,13,4,1,3,3,3,3,3,1154,11442,15304,39846,48680,57984,126,0,0,40,18,51,0,0,40,18,0,5,3,184,0,0,3,4,7134,3984,466,1162,370,184,193,200,43,112,206,88,109,8,9,0.5585,0.0653,0.3762,1287,0,0,262,106,0,246,93,163,2157,340,27,72
92480435,1,Yusuke Hayashi,55280,57984,0,-2704,3,14,9,14,12,10,1,3,3,3,3,3,4,5899,11523,30025,42466,55280,143,0,0,37,19,56,0,0,35,12,0,8,4,199,0,0,3,10,6673,2854,324,1008,390,199,967,290,42,72,296,135,70,13,13,0.4277,0.0486,0.5238,479,0,0,343,180,0,350,174,300,1826,201,59,99
92481357,0,MD. Nazmus Sakib Anik,107060,95000,1,12060,4,11,12,12,11,8,1,2,3,3,3,3,120,16001,26053,56881,77562,107060,130,8,0,34,20,37,4,0,34,20,0,10,4,192,0,0,3,8,6918,3460,683,953,392,192,316,321,24,63,306,127,9,58,14,0.5001,0.0987,0.4011,1253,17,0,251,120,0,278,120,2245,4284,509,113,71
92481357,1,Syed Muhammad Gillani,95000,107060,0,-12060,3,14,9,14,12,10,1,3,3,3,3,3,524,6336,19046,49700,68597,95000,143,0,0,37,19,57,0,0,35,14,0,9,4,199,0,0,3,10,6631,2857,962,1010,390,199,285,290,40,72,296,135,69,13,13,0.4309,0.1451,0.4241,464,0,0,286,114,0,241,132,235,1472,181,65,140
92481396,0,kevin park,71217,71324,0,-107,3,14,9,14,12,10,1,3,3,3,3,3,2,6064,19055,46785,55262,71217,143,0,0,37,19,55,0,0,35,12,0,8,4,199,0,0,3,10,6650,2854,311,1004,390,199,956,290,49,72,296,135,65,16,13,0.4292,0.0468,0.5241,474,0,0,330,126,0,327,165,297,1719,230,59,99
92481396,1,jasonstillchasin,71324,71217,1,107,3,14,9,14,12,10,1,3,3,3,3,3,2,6064,18934,46954,54113,71324,143,0,0,36,19,56,0,0,35,12,0,8,4,198,0,0,3,10,6650,2855,301,1010,390,198,967,290,41,72,296,135,69,13,13,0.4293,0.0453,0.5254,428,0,0,278,102,0,215,132,218,1373,166,59,99
92481398,0,Nikita Lugovoy,105663,107726,0,-2063,3,14,9,14,12,10,1,3,3,3,3,3,33,5165,15018,53042,85832,105663,143,0,0,37,19,56,0,0,36,12,0,8,4,199,0,0,3,10,6650,2855,301,1010,390,199,967,290,40,72,296,135,69,13,13,0.4293,0.0453,0.5254,479,0,0,300,126,0,320,154,300,1679,180,59,99
92481398,1,Furious Monk,107726,105663,1,2063,3,14,9,14,12,10,1,3,3,3,3,3,33,5206,15416,54096,87624,107726,143,0,0,37,19,56,0,0,36,12,0,8,4,199,0,0,3,10,6650,2855,301,1010,390,199,967,290,40,72,296,135,69,13,13,0.4293,0.0453,0.5254,428,0,0,285,102,0,215,131,216,1377,170,59,99
92482309,0,JALKARNA GAUTAM,94002,91083,1,2919,3,14,9,14,12,10,1,3,3,3,3,3,33,5882,13333,41544,73588,94002,143,0,0,37,19,56,0,0,36,12,0,8,4,199,0,0,3,10,6650,2854,301,1010,390,199,967,290,40,72,296,135,70,13,13,0.4292,0.0453,0.5256,479,0,0,356,210,0,374,174,302,1895,209,59,99
92482309,1,Sergey Kutepov,91083,94002,0,-2919,3,14,9,14,12,10,1,3,3,3,3,3,33,4891,9910,39531,70915,91083,143,0,0,37,19,56,0,0,36,12,0,8,4,199,0,0,3,10,6650,2855,301,1010,390,199,967,290,40,72,296,135,69,13,13,0.4293,0.0453,0.5254,479,0,0,300,126,0,320,154,300,1679,196,59,99
92483123,0,Ali,86266,82723,1,3543,3,14,9,14,12,10,1,3,3,3,3,3,5,7253,20845,56335,67872,86266,143,0,0,37,19,56,0,0,36,12,0,8,4,199,0,0,3,10,6650,2855,300,1010,390,199,967,290,41,72,296,135,69,13,13,0.4293,0.0451,0.5256,1000472,1000000,1000000,1000300,1000126,1000000,1000320,1000154,1000295,9001667,204,59,99
92483123,1,MD Concepcion,82723,86266,0,-3543,3,14,9,14,12,10,1,3,3,3,3,3,247,8011,20825,55180,65792,82723,143,0,0,37,19,57,0,0,34,12,0,8,4,199,0,0,3,10,6650,2852,400,1019,390,199,857,291,44,72,295,134,69,15,13,0.4289,0.0602,0.511,433,0,0,278,102,0,215,132,217,1377,165,61,111
92483266,0,vladee,81948,87388,0,-5440,3,14,9,14,12,10,1,3,3,3,3,3,33,5683,15977,46592,64848,81948,143,0,0,37,19,56,0,0,35,12,0,8,4,199,0,0,3,10,6650,2855,304,1010,390,199,958,290,40,72,301,135,70,13,13,0.4293,0.0457,0.525,428,0,0,377,102,0,269,168,219,1563,188,59,99
92483266,1,Hamed Seyed-allaei,87388,81948,1,5440,3,14,9,14,12,10,1,3,3,3,3,3,33,5093,16173,48512,67612,87388,143,0,0,37,19,56,0,0,36,12,0,8,4,199,0,0,3,10,6650,2855,301,1010,390,199,963,290,44,72,296,135,69,13,13,0.4293,0.0453,0.5254,479,0,0,300,126,0,320,154,302,1681,198,59,99
92484997,0,Freddy,72167,73604,0,-1437,3,14,9,14,12,10,1,3,3,3,3,3,2,8487,21687,46045,53715,72167,143,0,0,37,19,56,0,0,36,12,0,8,4,199,0,0,3,10,6650,2855,301,1010,390,199,967,290,40,72,296,135,69,13,13,0.4293,0.0453,0.5254,479,0,0,300,126,0,320,154,300,1679,195,59,99
92484997,1,Ali,73604,72167,1,1437,3,14,9,14,12,10,1,3,3,3,3,3,2,8495,22044,46009,53942,73604,143,0,0,37,19,56,0,0,36,12,0,8,4,199,0,0,3,10,6650,2855,300,1010,390,199,967,290,41,72,296,135,69,13,13,0.4293,0.0451,0.5256,1000472,1000000,1000000,1000300,1000126,1000000,1000320,1000154,1000295,9001667,204,59,99
92485036,0,Yura,100953,100841,1,112,3,14,9,14,12,10,1,3,3,3,3,3,515,6513,16546,48493,77430,100953,138,0,0,37,18,54,0,0,35,13,0,10,4,193,0,0,3,10,6716,2877,1029,1017,386,193,285,290,46,72,301,138,50,18,14,0.4284,0.1532,0.4184,462,0,0,304,114,0,236,160,242,1518,207,63,156
92485036,1,Ali,100841,100953,0,-112,3,13,9,14,12,10,1,3,3,3,3,3,6,3410,11460,44796,78224,100841,143,0,0,37,18,56,0,0,36,12,0,8,4,198,0,0,3,10,6628,2844,297,1008,389,198,962,290,43,72,296,135,68,13,13,0.4291,0.0448,0.5261,1000472,1000000,1000000,1000300,1000126,1000000,1000320,1000154,1000295,9001667,204,59,99
92485120,0,Tagir Analyzes,64743,67737,0,-2994,3,14,9,14,12,10,1,3,3,3,3,3,0,8609,19670,41360,48309,64743,142,0,0,37,19,57,0,0,36,12,0,8,4,198,0,0,3,10,6650,2855,301,1010,390,198,967,290,41,72,296,135,69,13,13,0.4293,0.0453,0.5254,479,0,0,300,126,0,320,154,300,1679,195,59,99
92485120,1,Steve421471,67737,64743,1,2994,3,14,9,14,12,10,1,3,3,3,3,3,2,8437,19963,42218,49958,67737,143,0,0,37,19,57,0,0,36,12,0,8,4,199,0,0,3,10,6654,2855,305,1010,390,199,967,290,40,72,296,135,69,13,13,0.4291,0.0458,0.5251,479,0,0,300,126,0,320,154,300,1679,217,59,99
92485136,0,Aqib Raza,84439,82119,1,2320,3,14,9,14,12,10,1,3,3,3,3,3,33,5665,13022,41652,66667,84439,143,0,0,37,19,56,0,0,36,12,0,8,4,199,0,0,3,10,6650,2855,304,1010,390,199,957,290,41,72,301,135,70,13,13,0.4293,0.0457,0.525,472,0,0,426,126,0,425,230,302,1981,237,59,99
92485136,1,Nikita Lugovoy,82119,84439,0,-2320,3,14,9,14,12,10,1,3,3,3,3,3,33,5088,12359,41265,63329,82119,143,0,0,37,19,56,0,0,36,12,0,8,4,199,0,0,3,10,6650,2855,301,1010,390,199,967,290,40,72,296,135,69,13,13,0.4293,0.0453,0.5254,479,0,0,300,126,0,320,154,300,1679,180,59,99
92486844,0,syouya tobita,93147,97588,0,-4441,3,14,9,14,12,10,1,3,3,3,3,3,2,7653,16374,48006,70298,93147,143,0,0,37,17,55,0,0,35,12,0,8,4,197,0,0,3,10,6650,2855,303,1009,390,197,967,290,41,72,296,135,69,13,13,0.4293,0.0456,0.5251,479,0,0,300,126,0,320,154,300,1679,180,59,99
92486844,1,gogogo,97588,93147,1,4441,3,14,9,14,12,10,1,3,3,3,3,3,2,8449,18528,51523,74335,97588,143,0,0,37,19,56,0,0,36,12,0,8,4,199,0,0,3,10,6650,2855,301,1010,390,199,966,290,41,72,296,135,69,13,13,0.4293,0.0453,0.5254,479,0,0,300,126,0,320,154,302,1681,181,59,99
92486847,0,syouya tobita,75619,76212,0,-593,3,14,9,14,12,10,1,3,3,3,3,3,2,8424,18150,47595,57670,75619,142,0,0,37,17,56,0,0,35,12,0,8,4,196,0,0,3,10,6650,2855,304,1009,390,196,967,290,41,72,296,135,69,13,13,0.4293,0.0457,0.525,479,0,0,300,126,0,320,154,300,1679,180,59,99
92486847,1,Khanh,76212,75619,1,593,3,14,9,14,12,10,1,3,3,3,3,3,2,8464,18375,48327,57779,76212,143,0,0,37,19,57,0,0,36,12,0,8,4,199,0,0,3,10,6650,2855,301,1010,390,199,967,290,40,72,296,135,69,13,13,0.4293,0.0453,0.5254,479,0,0,300,126,0,320,154,300,1679,180,59,99
92486852,0,Nkosi Ndwandwe,49314,47069,1,2245,3,14,9,14,12,10,1,3,3,3,3,3,2,5129,11583,31925,36495,49314,143,0,0,37,19,56,0,0,36,12,0,8,4,199,0,0,3,10,6650,2855,301,1010,390,199,967,290,40,72,296,135,69,13,13,0.4293,0.0453,0.5254,479,0,0,300,126,0,320,154,300,1679,196,59,99
92486852,1,Hamed Seyed-allaei,47069,49314,0,-2245,3,14,9,14,12,10,1,3,3,3,3,3,2,5114,11042,31892,36182,47069,143,0,0,37,19,56,0,0,36,12,0,8,4,199,0,0,3,10,6650,2855,301,1010,390,199,965,290,42,72,296,135,69,13,13,0.4293,0.0453,0.5254,479,0,0,300,126,0,320,154,302,1681,195,59,99
92486860,0,Steve421471,118970,117917,1,1053,3,14,9,14,12,10,1,3,3,3,3,3,31,4992,15045,57029,92822,118970,143,0,0,37,19,57,0,0,36,12,0,8,4,199,0,0,3,10,6654,2855,305,1010,390,199,967,290,40,72,296,135,69,13,13,0.4291,0.0458,0.5251,479,0,0,300,126,0,320,154,300,1679,217,59,99
92486860,1,Lợi Trần Bảo,117917,118970,0,-1053,3,14,9,14,12,10,1,3,3,3,3,3,33,5242,15187,56827,92493,117917,143,0,0,37,19,56,0,0,36,12,0,8,4,199,0,0,3,10,6650,2855,301,1010,390,199,965,290,42,72,296,135,69,13,13,0.4293,0.0453,0.5254,479,0,0,300,126,0,320,154,300,1679,223,59,100
92486861,0,Arda Ceylan,100508,99243,1,1265,3,14,9,14,12,10,1,3,3,3,3,3,33,6006,19457,59962,75864,100508,143,0,0,37,19,56,0,0,36,12,0,8,4,199,0,0,3,10,6650,2855,301,1010,390,199,967,290,40,72,296,135,69,13,13,0.4293,0.0453,0.5254,479,0,0,300,126,0,320,154,300,1679,233,59,99
92486861,1,Pengyi Peng1,99243,100508,0,-1265,3,14,9,14,12,10,1,3,3,3,3,3,33,5971,19331,59642,75114,99243,143,0,0,37,19,56,0,0,36,12,0,8,4,199,0,0,3,10,6650,2855,301,1010,390,199,966,290,41,72,296,135,69,13,13,0.4293,0.0453,0.5254,479,0,0,300,126,0,320,154,300,1679,195,59,99
92486947,0,Tagir Analyzes,109032,110457,0,-1425,3,14,9,14,12,10,1,3,3,3,3,3,33,5196,15861,58327,82807,109032,143,0,0,37,19,56,0,0,36,12,0,8,4,199,0,0,3,10,6650,2855,301,1010,390,199,967,290,40,72,296,135,69,13,13,0.4293,0.0453,0.5254,479,0,0,300,126,0,320,154,300,1679,196,59,99
92486947,1,Ali,110457,109032,1,1425,3,14,9,14,12,10,1,3,3,3,3,3,33,5198,16374,58384,83133,110457,143,0,0,37,19,56,0,0,36,12,0,8,4,199,0,0,3,10,6650,2855,300,1010,390,199,967,290,41,72,296,135,69,13,13,0.4293,0.0451,0.5256,1000472,1000000,1000000,1000300,1000126,1000000,1000320,1000154,1000295,9001667,204,59,99
92487008,0,Blue Rain,81627,73905,1,7722,3,14,9,14,12,10,1,3,3,3,3,3,7,5128,16717,48866,62105,81627,143,0,0,37,19,56,0,0,36,12,0,8,4,199,0,0,3,10,6650,2855,300,1010,390,199,967,290,41,72,296,135,69,13,13,0.4293,0.0451,0.5256,479,0,0,300,126,0,320,154,300,1679,195,59,99
92487008,1,Syed Muhammad Gillani,73905,81627,0,-7722,3,14,9,14,12,10,1,3,3,3,3,3,517,5669,17344,46796,59851,73905,143,0,0,37,19,57,0,0,36,14,0,9,4,199,0,0,3,10,6631,2857,962,1010,390,199,285,290,40,72,296,135,69,13,13,0.4309,0.1451,0.4241,464,0,0,286,114,0,241,132,235,1472,181,65,140
92487843,0,Yura,96048,101478,0,-5430,3,14,9,14,12,10,1,3,3,3,3,3,511,5874,16270,48974,75794,96048,138,0,0,37,18,54,0,0,34,12,0,10,4,193,0,0,3,10,6716,2877,1029,1017,386,193,285,290,46,72,301,138,50,18,14,0.4284,0.1532,0.4184,463,0,0,306,168,0,247,160,242,1586,207,63,156
92487843,1,Lebxgue.,101478,96048,1,5430,3,14,9,14,12,10,1,3,3,3,3,3,341,5430,15083,49639,81197,101478,143,0,0,37,19,57,0,0,35,12,0,8,4,199,0,0,3,10,6673,2852,423,1021,390,199,857,291,42,72,295,134,69,15,13,0.4274,0.0634,0.5092,3810,0,0,278,102,0,215,132,216,4753,268,60,162
92488774,0,Yusuke Hayashi,67931,68518,0,-587,3,14,9,14,12,10,1,3,3,3,3,3,2,8940,21409,41974,53104,67931,143,0,0,37,19,56,0,0,36,12,0,8,4,199,0,0,3,10,6650,2853,301,1010,390,199,967,290,41,72,296,135,70,13,13,0.429,0.0453,0.5257,479,0,0,318,210,0,368,246,300,1921,207,59,99
92488774,1,Filip Strzałka,68518,67931,1,587,3,14,9,14,12,10,1,3,3,3,3,3,2,8436,18786,42619,49787,68518,143,0,0,37,19,56,0,0,36,12,0,8,4,199,0,0,3,10,6650,2855,301,1010,390,199,967,290,40,72,296,135,69,13,13,0.4293,0.0453,0.5254,479,0,0,300,126,0,320,154,300,1679,196,59,99
92488780,0,Ali,64938,63415,1,1523,3,14,9,14,12,10,1,3,3,3,3,3,2,5097,12933,39796,51997,64938,143,0,0,37,19,56,0,0,36,12,0,8,4,199,0,0,3,10,6650,2855,299,1010,390,199,967,290,42,72,296,135,69,13,13,0.4293,0.045,0.5257,1000472,1000000,1000000,1000300,1000126,1000000,1000320,1000154,1000295,9001667,204,59,99
92488780,1,CoorDi,63415,64938,0,-1523,3,14,9,14,12,10,1,3,3,3,3,3,2,5141,12508,40019,51407,63415,143,0,0,37,19,56,0,0,36,12,0,8,4,199,0,0,3,10,6650,2855,301,1010,390,199,967,290,40,72,296,135,69,13,13,0.4293,0.0453,0.5254,479,0,0,300,126,0,320,154,300,1679,214,59,99
92488784,0,Filip Strzałka,91326,94740,0,-3414,3,14,9,14,12,10,1,3,3,3,3,3,2,5071,14678,50178,65598,91326,143,0,0,37,19,56,0,0,36,12,0,8,4,199,0,0,3,10,6650,2855,301,1010,390,199,967,290,40,72,296,135,69,13,13,0.4293,0.0453,0.5254,479,0,0,300,126,0,320,154,300,1679,197,59,99
92488784,1,Yusuke Hayashi,94740,91326,1,3414,3,14,9,14,12,10,1,3,3,3,3,3,2,6148,18589,53627,70653,94740,143,0,0,37,19,56,0,0,36,12,0,8,4,199,0,0,3,10,6650,2854,301,1010,390,199,967,290,40,72,296,135,70,13,13,0.4292,0.0453,0.5256,479,0,0,332,210,0,453,174,300,1948,211,59,99
92488785,0,カワシギ,80864,74751,1,6113,4,11,12,12,11,8,1,2,4,4,4,4,291,15655,17432,40108,61696,80864,132,6,0,42,12,41,3,0,42,12,0,6,11,192,0,0,4,8,6915,3549,469,917,403,192,356,359,32,63,335,160,9,53,18,0.5132,0.0678,0.4189,1404,12,0,271,72,0,189,258,2623,4829,516,97,85
92488785,1,researchstudio.site,74751,80864,0,-6113,1,8,12,13,13,4,1,3,3,3,3,3,1114,11329,23151,42519,57729,74751,126,0,0,29,18,48,0,0,29,18,0,5,9,173,0,0,3,4,7128,3839,436,968,357,173,294,306,31,146,311,131,107,14,15,0.5386,0.0612,0.4003,1430,0,0,212,107,0,227,220,200,2396,420,30,75
92488789,0,Filip Strzałka,38229,40038,0,-1809,3,14,9,14,12,10,1,3,3,3,3,3,4,5631,10599,22730,26438,38229,143,0,0,37,19,56,0,0,36,12,0,8,4,199,0,0,3,10,6673,2855,324,1010,390,199,967,290,40,72,296,135,69,13,13,0.4278,0.0486,0.5236,479,0,0,300,126,0,320,154,300,1679,196,59,99
92488789,1,researchstudio.site,40038,38229,1,1809,1,8,12,13,13,4,1,3,3,3,3,3,1154,8841,16228,32332,31898,40038,126,0,0,34,18,49,0,0,34,18,0,5,3,178,0,0,3,4,7131,3926,565,1162,349,178,193,200,34,110,206,94,96,8,10,0.5506,0.0792,0.3702,1511,0,0,237,105,0,249,93,146,2341,359,24,83
92489730,0,Furious Monk,96989,97963,0,-974,3,14,9,14,12,10,1,3,3,3,3,3,17,5661,15672,43555,77007,96989,143,0,0,37,19,56,0,0,36,12,0,8,4,199,0,0,3,10,6673,2854,324,1010,390,199,965,290,43,72,296,135,69,13,13,0.4277,0.0486,0.5238,428,0,0,279,102,0,215,132,217,1373,169,59,99
92489730,1,MD. Nazmus Sakib Anik,97963,96989,1,974,4,11,12,12,11,8,1,2,3,3,3,3,123,15978,24593,45887,77519,97963,130,8,0,34,20,37,4,0,34,20,0,10,4,192,0,0,3,8,6918,3460,682,952,392,192,316,321,26,63,306,127,9,58,14,0.5001,0.0986,0.4013,1253,17,0,251,120,0,278,120,2245,4284,509,113,71
92489752,0,Furious Monk,86399,80040,1,6359,3,14,9,14,12,10,1,3,3,3,3,3,7,5122,14370,46650,65707,86399,143,0,0,37,19,56,0,0,36,12,0,8,4,199,0,0,3,10,6650,2855,301,1010,390,199,967,290,40,72,296,135,69,13,13,0.4293,0.0453,0.5254,424,0,0,285,102,0,215,132,216,1374,169,59,99
92489752,1,TIM,80040,86399,0,-6359,3,14,9,14,12,10,1,3,3,3,3,3,462,6875,16426,46003,66605,80040,138,0,0,37,18,54,0,0,35,13,0,10,4,193,0,0,3,10,6716,2870,1037,1017,385,193,285,290,46,72,301,138,50,18,14,0.4273,0.1544,0.4183,465,0,0,299,114,0,218,160,248,1504,176,65,156
92490696,0,Syed Muhammad Gillani,53774,55466,0,-1692,3,14,9,14,12,10,1,3,3,3,3,3,517,5770,16779,40000,44208,53774,143,0,0,37,19,57,0,0,36,14,0,9,4,199,0,0,3,10,6631,2857,962,1010,390,199,285,290,40,72,296,135,69,13,13,0.4309,0.1451,0.4241,464,0,0,286,114,0,241,132,235,1472,181,65,140
92490696,1,Sergey Kutepov,55466,53774,1,1692,3,14,9,14,12,10,1,3,3,3,3,3,7,5206,15634,39553,45282,55466,143,0,0,37,19,56,0,0,36,12,0,8,4,199,0,0,3,10,6650,2855,301,1010,390,199,967,290,40,72,296,135,69,13,13,0.4293,0.0453,0.5254,479,0,0,300,126,0,320,154,300,1679,196,59,99
92490698,0,JALKARNA GAUTAM,71282,53723,1,17559,3,14,9,14,12,10,1,3,3,3,3,3,12,5878,14696,34535,57966,71282,143,0,0,37,19,56,0,0,36,12,0,8,4,199,0,0,3,10,6673,2854,324,1010,390,199,967,290,40,72,296,135,70,13,13,0.4277,0.0486,0.5238,479,0,0,356,180,0,374,186,302,1877,210,59,99
92490698,1,MD. Nazmus Sakib Anik,53723,71282,0,-17559,4,11,12,12,11,8,1,2,3,3,3,3,138,15456,21346,33022,45491,53723,130,8,0,34,20,34,4,0,34,20,0,10,4,192,0,0,3,8,6918,3457,682,946,392,192,316,321,35,63,306,127,9,58,14,0.4997,0.0986,0.4017,1253,17,0,251,120,0,278,120,2245,4284,509,113,71
92491608,0,MD Concepcion,143667,138800,1,4867,3,14,9,14,12,10,1,3,3,3,3,3,351,6384,17638,64500,107071,143667,143,0,0,37,19,57,0,0,35,12,0,8,4,199,0,0,3,10,6650,2852,400,1019,390,199,857,291,44,72,295,134,69,15,13,0.4289,0.0602,0.511,433,0,0,278,102,0,215,132,218,1378,165,61,111
92491608,1,Tagir Analyzes,138800,143667,0,-4867,3,13,9,14,12,10,1,3,3,3,3,3,2,3391,13202,59754,103974,138800,143,0,0,37,18,56,0,0,36,13,0,8,4,198,0,0,3,10,6628,2844,299,1008,389,198,962,290,41,72,296,135,68,13,13,0.4291,0.0451,0.5258,479,0,0,300,126,0,320,154,300,1679,196,59,99
92491658,0,cf696666,88419,89478,0,-1059,3,14,9,14,12,10,1,3,3,3,3,3,33,5126,13565,43635,71569,88419,143,0,0,37,19,56,0,0,36,12,0,8,4,199,0,0,3,10,6650,2855,301,1010,390,199,966,290,41,72,296,135,69,13,13,0.4293,0.0453,0.5254,479,0,0,300,126,0,320,154,300,1679,219,59,99
92491658,1,vladee,89478,88419,1,1059,3,14,9,14,12,10,1,3,3,3,3,3,33,5715,13886,44061,73070,89478,143,0,0,37,19,56,0,0,36,12,0,8,4,199,0,0,3,10,6650,2855,304,1010,390,199,958,290,40,72,301,135,70,13,13,0.4293,0.0457,0.525,428,0,0,412,102,0,320,200,217,1679,211,59,99
92492462,0,Sergey Kutepov,88874,90651,0,-1777,3,14,9,14,12,10,1,3,3,3,3,3,33,7713,21505,58896,70432,88874,143,0,0,37,19,56,0,0,36,12,0,8,4,199,0,0,3,10,6650,2855,301,1010,390,199,967,290,40,72,296,135,69,13,13,0.4293,0.0453,0.5254,479,0,0,300,126,0,320,154,300,1679,195,59,99
92492462,1,Dmitry Larko,90651,88874,1,1777,3,14,9,14,12,10,1,3,3,3,3,3,33,7715,21967,59172,71076,90651,143,0,0,37,19,56,0,0,36,12,0,8,4,199,0,0,3,10,6650,2855,301,1010,390,199,966,290,41,72,296,135,69,13,13,0.4293,0.0453,0.5254,479,0,0,300,126,0,320,154,300,1679,200,59,99
92493494,0,Freddy,73881,73881,0,0,3,14,9,14,12,10,1,3,3,3,3,3,33,5189,14665,45070,60295,73881,143,0,0,37,19,56,0,0,36,12,0,8,4,199,0,0,3,10,6650,2855,301,1010,390,199,966,290,41,72,296,135,69,13,13,0.4293,0.0453,0.5254,479,0,0,300,126,0,320,154,300,1679,196,59,99
92493494,1,Sergey Kutepov,73881,73881,0,0,3,14,9,14,12,10,1,3,3,3,3,3,33,5189,14665,45070,60295,73881,143,0,0,37,19,56,0,0,36,12,0,8,4,199,0,0,3,10,6650,2855,301,1010,390,199,967,290,40,72,296,135,69,13,13,0.4293,0.0453,0.5254,479,0,0,300,126,0,320,154,300,1679,196,59,99
92494381,0,Aqib Raza,62446,60860,1,1586,3,14,9,14,12,10,1,3,3,3,3,3,33,5789,17003,38045,46149,62446,143,0,0,37,19,56,0,0,36,12,0,8,4,199,0,0,3,10,6650,2855,304,1010,390,199,957,290,41,72,301,135,70,13,13,0.4293,0.0457,0.525,472,0,0,394,126,0,382,198,302,1874,213,59,99
92494381,1,vladee,60860,62446,0,-1586,3,14,9,14,12,10,1,3,3,3,3,3,33,5767,17342,38361,45893,60860,143,0,0,37,19,56,0,0,35,12,0,8,4,199,0,0,3,10,6650,2855,304,1010,390,199,958,290,40,72,301,135,70,13,13,0.4293,0.0457,0.525,428,0,0,375,102,0,271,168,219,1563,188,59,99
92495258,0,Dmitry Larko,77644,76274,1,1370,3,14,9,14,12,10,1,3,3,3,3,3,2,8455,21275,47834,56339,77644,143,0,0,37,19,56,0,0,36,12,0,8,4,199,0,0,3,10,6650,2855,301,1010,390,199,967,290,40,72,296,135,69,13,13,0.4293,0.0453,0.5254,479,0,0,300,126,0,320,154,300,1679,200,59,99
92495258,1,Arda Ceylan,76274,77644,0,-1370,3,14,9,14,12,10,1,3,3,3,3,3,2,8486,20950,47469,56073,76274,143,0,0,37,19,56,0,0,36,12,0,8,4,199,0,0,3,10,6650,2854,301,1010,390,199,966,290,42,72,296,135,69,13,13,0.4292,0.0453,0.5256,479,0,0,300,126,0,320,154,300,1679,234,59,99
92496238,0,gogogo,112826,113172,0,-346,3,13,9,14,12,10,1,3,3,3,3,3,1,3396,14421,60055,91945,112826,143,0,0,37,18,56,0,0,36,13,0,8,4,198,0,0,3,10,6651,2844,322,1008,389,198,961,290,42,72,296,135,68,13,13,0.4276,0.0484,0.524,479,0,0,300,126,0,320,154,302,1681,181,59,99
92496238,1,chungkuangwen,113172,112826,1,346,3,14,9,14,12,9,1,3,3,3,3,3,515,5788,19390,60926,95424,113172,142,0,0,37,19,54,0,0,35,14,0,9,5,198,0,0,3,9,6563,2803,970,977,382,198,292,299,42,69,309,141,50,16,15,0.4271,0.1478,0.4251,442,0,0,276,114,0,225,154,239,1450,168,62,160
92496242,0,Khanh,68713,72796,0,-4083,3,13,9,14,12,10,1,3,3,3,3,3,2,3375,10924,42684,55977,68713,143,0,0,37,18,56,0,0,35,11,0,8,4,198,0,0,3,10,6628,2844,299,1008,389,198,963,290,40,72,296,135,68,13,13,0.4291,0.0451,0.5258,479,0,0,300,126,0,320,154,300,1679,180,59,99
92496242,1,Lebxgue.,72796,68713,1,4083,3,14,9,14,12,10,1,3,3,3,3,3,351,6069,14678,46682,60426,72796,143,0,0,37,19,57,0,0,35,12,0,8,4,199,0,0,3,10,6650,2852,400,1021,390,199,857,291,42,72,295,134,69,15,13,0.4289,0.0602,0.511,440,0,0,278,102,0,215,132,216,1383,166,60,111
92496245,0,Hamed Seyed-allaei,48517,58783,0,-10266,3,14,9,14,12,10,1,3,3,3,3,3,10,7607,17126,33431,38877,48517,143,0,0,37,19,56,0,0,36,12,0,8,4,199,0,0,3,10,6650,2855,301,1010,390,199,965,290,42,72,296,135,69,13,13,0.4293,0.0453,0.5254,479,0,0,300,126,0,320,154,302,1681,181,59,99
92496245,1,TIM,58783,48517,1,10266,3,14,12,14,13,10,1,3,3,3,3,3,458,7259,22041,42021,51011,58783,138,0,0,31,22,54,0,0,31,14,0,5,11,191,0,0,3,10,7172,3057,1145,961,378,191,341,350,40,62,362,176,75,17,17,0.4262,0.1596,0.4141,453,0,0,236,132,0,170,262,298,1551,207,70,163
92496249,0,Steve421471,78395,74792,1,3603,3,14,9,14,12,10,1,3,3,3,3,3,2,8274,19666,46650,55994,78395,143,0,0,37,19,57,0,0,36,12,0,8,4,199,0,0,3,10,6654,2855,304,1010,390,199,967,290,41,72,296,135,69,13,13,0.4291,0.0457,0.5252,479,0,0,300,126,0,320,154,300,1679,217,59,99
92496249,1,Pengyi Peng1,74792,78395,0,-3603,3,14,9,14,12,10,1,3,3,3,3,3,0,8446,19519,46082,54270,74792,143,0,0,37,19,56,0,0,36,12,0,8,4,199,0,0,3,10,6650,2855,301,1010,390,199,967,290,40,72,296,135,69,13,13,0.4293,0.0453,0.5254,479,0,0,300,126,0,320,154,300,1679,195,59,99
92496293,0,Blue Rain,85548,86288,0,-740,3,14,9,14,12,10,1,3,3,3,3,3,2,7727,21415,57236,66950,85548,143,0,0,37,19,56,0,0,36,12,0,8,4,199,0,0,3,10,6650,2855,301,1010,390,199,966,290,41,72,296,135,69,13,13,0.4293,0.0453,0.5254,479,0,0,300,126,0,320,154,300,1679,195,59,99
92496293,1,Kers Aoyagi,86288,85548,1,740,3,14,9,14,12,10,1,3,3,3,3,3,2,7727,21415,57236,66950,86288,143,0,0,37,19,56,0,0,36,12,0,8,4,199,0,0,3,10,6650,2855,301,1010,390,199,967,290,40,72,296,135,69,13,13,0.4293,0.0453,0.5254,479,0,0,321,126,0,327,154,302,1709,197,59,99
92497233,0,Dmitry Larko,150332,149955,1,377,3,14,9,14,12,10,1,3,3,3,3,3,2,5298,17371,64540,112923,150332,143,0,0,37,19,56,0,0,36,12,0,8,4,199,0,0,3,10,6650,2855,301,1010,390,199,967,290,40,72,296,135,69,13,13,0.4293,0.0453,0.5254,479,0,0,300,126,0,320,154,300,1679,200,59,99
92497233,1,Nikita Lugovoy,149955,150332,0,-377,3,14,9,14,12,10,1,3,3,3,3,3,2,5303,16821,64507,112671,149955,143,0,0,37,19,56,0,0,36,12,0,8,4,199,0,0,3,10,6650,2855,301,1010,390,199,966,290,41,72,296,135,69,13,13,0.4293,0.0453,0.5254,479,0,0,300,126,0,320,154,300,1679,180,59,99
92138670,0,Steve421471,55445,50679,1,4766,3,14,9,14,12,9,1,3,3,3,3,3,489,5361,16405,41285,43830,55445,139,0,0,36,19,54,0,0,36,13,0,9,5,194,0,0,3,9,6567,2833,932,986,386,194,292,299,47,71,307,142,49,14,15,0.4314,0.1419,0.4267,456,0,0,497,138,0,343,213,294,1941,215,63,159
92138670,1,maxout,50679,55445,0,-4766,3,14,9,14,12,9,1,3,3,3,3,3,598,4079,14872,39084,41267,50679,139,0,0,36,19,54,0,0,36,14,0,9,5,194,0,0,3,9,6563,2827,936,986,386,194,292,299,45,71,307,142,49,14,15,0.4307,0.1426,0.4266,456,0,0,497,138,0,343,213,294,1941,175,63,159
92138703,0,bhavya shah,84959,86051,0,-1092,3,14,9,14,12,10,1,3,3,3,3,3,517,6380,18587,47411,67473,84959,143,0,0,37,19,57,0,0,35,14,0,9,4,199,0,0,3,10,6631,2857,962,1009,390,199,285,290,41,72,296,135,69,13,13,0.4309,0.1451,0.4241,464,0,0,286,114,0,241,132,235,1472,181,65,140
92138703,1,Suda,86051,84959,1,1092,3,14,9,14,12,9,1,3,3,3,3,3,819,6629,18385,48136,68366,86051,137,0,0,36,21,54,0,0,35,16,0,9,5,194,0,0,3,9,6563,2927,698,1015,391,194,292,299,46,71,384,142,75,14,15,0.446,0.1064,0.4477,450,0,0,497,150,0,364,237,299,1997,213,65,155
92139669,0,Steve421471,52325,51559,1,766,3,14,9,14,12,9,1,3,3,3,3,3,486,5331,16237,37845,41234,52325,139,0,0,36,19,54,0,0,36,13,0,9,5,194,0,0,3,9,6567,2833,932,986,386,194,292,299,47,71,307,142,49,14,15,0.4314,0.1419,0.4267,456,0,0,497,138,0,343,213,294,1941,215,63,159
92139669,1,Nikita Lugovoy,51559,52325,0,-766,3,14,9,14,12,10,1,3,3,3,3,3,510,5752,16416,38669,41229,51559,143,0,0,37,19,57,0,0,36,13,0,9,4,199,0,0,3,10,6631,2857,961,1010,390,199,285,290,41,72,296,135,69,13,13,0.4309,0.1449,0.4242,464,0,0,286,114,0,241,132,235,1472,181,65,140
92139769,0,Lev Neganov,73648,82521,0,-8873,3,14,9,14,12,10,1,3,3,3,3,3,522,5664,12151,33941,58448,73648,138,0,0,37,18,54,0,0,35,13,0,10,4,193,0,0,3,10,6716,2903,992,1016,386,193,284,290,47,72,300,138,50,31,14,0.4323,0.1477,0.42,459,0,0,311,114,0,265,160,255,1564,196,63,156
92139769,1,researchstudio.site,82521,73648,1,8873,1,8,12,13,13,4,1,3,3,3,3,3,1143,11973,15696,39297,64147,82521,126,0,0,34,18,48,0,0,34,18,0,5,9,178,0,0,3,4,7137,4000,428,996,355,178,244,254,41,135,253,106,118,14,15,0.5605,0.06,0.3796,1461,0,0,249,107,0,241,153,170,2381,416,22,93
92139823,0,Lev Neganov,67817,67723,1,94,3,14,9,14,12,10,1,3,3,3,3,3,518,6363,16177,43761,55712,67817,138,0,0,37,18,54,0,0,35,13,0,10,4,193,0,0,3,10,6716,2903,993,1017,386,193,285,290,45,72,299,138,50,31,14,0.4323,0.1479,0.4199,459,0,0,311,114,0,265,160,255,1564,196,63,156
92139823,1,An V1,67723,67817,0,-94,3,12,9,14,12,10,1,3,3,3,3,3,519,4360,14657,41514,55197,67723,143,0,0,37,19,56,0,0,35,10,0,9,4,199,0,0,3,10,6631,2857,962,1009,390,199,285,290,41,72,296,135,69,13,13,0.4309,0.1451,0.4241,464,0,0,286,114,0,241,132,235,1472,179,65,140
92139825,0,GURU Prasaatha S,60953,60304,1,649,3,14,9,14,12,10,1,3,3,3,3,3,519,7886,19691,37054,46582,60953,143,0,0,37,19,57,0,0,36,14,0,9,4,199,0,0,3,10,6631,2857,962,1010,390,199,285,290,40,72,296,135,69,13,13,0.4309,0.1451,0.4241,464,0,0,286,114,0,238,132,235,1469,180,65,140
92139825,1,JALKARNA GAUTAM,60304,60953,0,-649,3,14,9,14,12,10,1,3,3,3,3,3,513,7093,18774,36613,46225,60304,143,0,0,37,19,57,0,0,36,14,0,9,4,199,0,0,3,10,6654,2835,1017,1010,390,199,285,290,41,72,296,135,58,13,13,0.4261,0.1528,0.4211,455,0,0,300,198,0,256,180,235,1624,171,63,140
92140644,0,Syed Muhammad Gillani,75329,77355,0,-2026,3,14,9,14,12,10,1,3,3,3,3,3,510,8996,25183,51219,61498,75329,143,0,0,37,19,57,0,0,36,14,0,9,4,199,0,0,3,10,6631,2857,961,1010,390,199,285,290,41,72,296,135,69,13,13,0.4309,0.1449,0.4242,464,0,0,286,114,0,241,132,235,1472,181,65,140
92140644,1,Steve421471,77355,75329,1,2026,3,14,9,14,12,9,1,3,3,3,3,3,486,8439,24928,50302,60387,77355,139,0,0,36,19,54,0,0,36,14,0,9,5,194,0,0,3,9,6567,2833,932,986,386,194,292,299,47,71,307,142,49,14,15,0.4314,0.1419,0.4267,456,0,0,497,138,0,343,213,294,1941,215,63,159
92141602,0,Steve421471,65791,78463,0,-12672,3,14,9,14,12,9,1,3,3,3,3,3,484,5330,15586,31835,42733,65791,139,0,0,36,19,54,0,0,35,5,0,8,5,194,0,0,3,9,6567,2833,931,985,386,194,292,299,50,71,307,141,49,14,15,0.4314,0.1418,0.4268,456,0,0,497,138,0,343,213,294,1941,215,63,159
92141602,1,Lev Neganov,78463,65791,1,12672,3,14,9,14,12,10,1,3,3,3,3,3,511,6183,15699,42575,56623,78463,138,0,0,37,18,54,0,0,35,13,0,10,4,193,0,0,3,10,6716,2903,996,1017,386,193,285,290,45,72,296,138,50,31,14,0.4323,0.1483,0.4194,459,0,0,311,114,0,265,160,255,1564,196,63,156
92141666,0,Jince,52110,57121,0,-5011,3,14,9,14,12,10,1,3,3,3,3,3,375,5825,15189,39602,44353,52110,143,0,0,37,19,57,0,0,35,12,0,9,4,199,0,0,3,10,6608,2851,948,1010,390,199,283,290,41,72,294,135,69,13,13,0.4314,0.1435,0.4251,461,0,0,286,114,0,241,132,235,1469,188,65,140
92141666,1,Nikita Lugovoy,57121,52110,1,5011,3,14,9,14,12,10,1,3,3,3,3,3,15,5199,13955,40307,47017,57121,143,0,0,37,19,56,0,0,36,12,0,8,4,199,0,0,3,10,6650,2855,301,1009,390,199,967,290,41,72,296,135,69,13,13,0.4293,0.0453,0.5254,479,0,0,300,126,0,320,154,300,1679,180,59,99
92141677,0,Steve421471,99241,103646,0,-4405,3,14,9,14,12,9,1,3,3,3,3,3,485,8490,25216,64252,82362,99241,139,0,0,36,19,54,0,0,36,14,0,9,5,194,0,0,3,9,6567,2833,932,986,386,194,291,299,48,71,307,142,49,14,15,0.4314,0.1419,0.4267,456,0,0,497,138,0,343,213,294,1941,215,63,159
92141677,1,Raoul Biagioni,103646,99241,1,4405,3,14,12,14,13,10,1,3,3,3,3,3,593,6583,24675,65435,87448,103646,138,0,0,31,22,54,0,0,31,14,0,6,11,191,0,0,3,10,7172,3055,1146,961,378,191,341,350,41,62,362,176,75,17,17,0.426,0.1598,0.4142,449,0,0,236,132,0,170,262,309,1558,208,69,163
92141678,0,Nikita Lugovoy,70770,71567,0,-797,3,14,9,14,12,10,1,3,3,3,3,3,492,9011,24674,45171,55143,70770,143,0,0,37,19,57,0,0,36,14,0,9,4,199,0,0,3,10,6631,2857,962,1010,390,199,285,290,40,72,296,135,69,13,13,0.4309,0.1451,0.4241,464,0,0,286,114,0,241,132,235,1472,181,65,140
92141678,1,Erfan Eshratifar,71567,70770,1,797,3,14,9,14,12,9,1,3,3,3,3,3,528,8996,24045,44098,54904,71567,142,0,0,37,19,54,0,0,36,14,0,9,5,198,0,0,3,9,6563,2847,585,1150,398,198,372,295,43,71,355,141,79,14,15,0.4338,0.0891,0.4771,457,0,0,278,114,0,225,138,241,1453,209,58,159
92141679,0,THUNDER THUNDER,107251,93282,1,13969,3,14,11,14,13,10,1,3,3,3,3,3,501,7118,26115,67995,88599,107251,144,0,0,31,19,58,0,0,31,14,0,8,10,194,0,0,3,10,7003,2915,1056,968,390,194,356,364,39,62,382,180,62,18,17,0.4163,0.1508,0.433,418,0,0,248,114,0,199,236,320,1535,179,63,162
92141679,1,Trex,93282,107251,0,-13969,3,14,9,14,12,9,1,3,3,3,3,3,519,9001,25362,64590,79567,93282,142,0,0,37,19,54,0,0,36,14,0,9,5,198,0,0,3,9,6563,2847,585,1150,398,198,372,295,43,71,355,141,79,14,15,0.4338,0.0891,0.4771,457,0,0,278,114,0,225,138,241,1453,219,58,159
92141680,0,Kaito Fukami,73003,73276,0,-273,3,14,9,14,12,10,1,3,3,3,3,3,540,5992,16669,39845,59026,73003,138,0,0,37,18,54,0,0,35,13,0,10,4,193,0,0,3,10,6716,2870,1036,1017,385,193,285,290,47,72,301,138,50,18,14,0.4273,0.1543,0.4184,468,0,0,299,114,0,218,160,242,1501,176,65,156
92141680,1,カワシギ,73276,73003,1,273,4,11,12,12,11,8,1,2,3,3,3,3,33,15758,25198,45876,61647,73276,120,7,0,34,20,33,4,0,34,20,0,10,4,181,0,0,3,8,6898,3450,738,925,383,181,316,319,18,58,305,129,8,54,14,0.5001,0.107,0.3929,1275,15,0,230,120,0,279,120,1977,4016,502,101,83
92142541,0,ra5anchor,98400,114925,0,-16525,3,14,9,14,12,10,1,3,3,3,3,3,512,8858,24331,58699,78928,98400,143,0,0,37,19,57,0,0,36,14,0,7,6,199,0,0,3,10,6587,2675,1104,1014,390,199,285,290,40,77,296,135,56,13,13,0.4061,0.1676,0.4263,457,0,0,286,114,0,241,152,234,1484,173,64,140
92142541,1,Lev Neganov,114925,98400,1,16525,3,14,12,14,13,10,1,3,3,3,3,3,512,7973,26150,65932,89859,114925,138,0,0,31,22,54,0,0,31,14,0,6,11,191,0,0,3,10,7172,3064,1140,961,378,191,341,350,39,62,366,176,70,17,17,0.4272,0.159,0.4138,422,0,0,236,132,0,167,256,304,1517,199,68,163
92143532,0,Erfan Eshratifar,87913,89272,0,-1359,3,14,9,14,12,9,1,3,3,3,3,3,526,9046,25023,60140,73374,87913,142,0,0,37,19,54,0,0,36,14,0,9,5,198,0,0,3,9,6563,2847,585,1150,398,198,372,295,43,71,355,141,79,14,15,0.4338,0.0891,0.4771,457,0,0,278,114,0,225,138,241,1453,219,58,159
92143532,1,Steve421471,89272,87913,1,1359,3,14,9,14,12,9,1,3,3,3,3,3,466,8475,25330,60527,72477,89272,139,0,0,36,19,54,0,0,36,14,0,9,5,194,0,0,3,9,6567,2833,931,986,386,194,292,299,48,71,307,142,49,14,15,0.4314,0.1418,0.4268,456,0,0,497,138,0,343,213,294,1941,215,63,159
92143598,0,カワシギ,115980,122247,0,-6267,4,11,12,12,11,8,1,2,4,4,4,4,36,16397,22330,63100,93600,115980,141,8,0,34,20,41,2,0,33,20,0,6,12,203,0,0,4,8,6912,3467,501,956,401,203,366,370,20,45,346,161,9,49,18,0.5016,0.0725,0.4259,1347,14,0,198,120,0,189,267,1595,3730,449,116,87
92143598,1,Efe Can Celiksoy,122247,115980,1,6267,3,14,9,14,12,10,1,3,3,3,3,3,536,7139,24561,61510,94476,122247,143,0,0,37,19,57,0,0,35,14,0,9,4,199,0,0,3,10,6631,2836,995,1009,390,199,285,290,41,72,296,135,57,13,13,0.4277,0.1501,0.4223,455,0,0,286,114,0,241,132,235,1463,168,63,140
92143600,0,Erfan Eshratifar,103879,105487,0,-1608,3,14,9,14,12,9,1,3,3,3,3,3,533,5663,15668,49799,80889,103879,142,0,0,37,19,54,0,0,36,14,0,9,5,198,0,0,3,9,6563,2847,585,1150,398,198,372,295,43,71,355,141,79,14,15,0.4338,0.0891,0.4771,457,0,0,278,114,0,225,138,241,1453,208,58,159
92143600,1,Syed Muhammad Gillani,105487,103879,1,1608,3,14,9,14,12,10,1,3,3,3,3,3,499,5748,16292,49473,81459,105487,143,0,0,37,19,57,0,0,35,14,0,9,4,199,0,0,3,10,6631,2857,961,1010,390,199,285,290,41,72,296,135,69,13,13,0.4309,0.1449,0.4242,464,0,0,286,114,0,241,132,235,1472,181,65,140
92144423,0,Lev Neganov,96540,99500,0,-2960,3,14,9,14,12,10,1,3,3,3,3,3,518,7069,19648,55524,82217,96540,138,0,0,36,18,54,0,0,34,13,0,10,4,192,0,0,3,10,6716,2903,993,1017,386,192,285,290,46,72,299,138,50,31,14,0.4323,0.1479,0.4199,459,0,0,311,114,0,265,160,255,1564,196,63,156
92144423,1,vladee,99500,96540,1,2960,3,14,9,14,12,10,1,3,3,3,3,3,519,6543,21083,56758,84305,99500,143,0,0,37,19,57,0,0,35,14,0,9,4,199,0,0,3,10,6631,2860,952,1010,390,199,285,290,41,72,300,135,71,13,13,0.4313,0.1436,0.4251,466,0,0,286,114,0,244,132,239,1481,184,65,140
92144459,0,Nikita Lugovoy,102245,98182,1,4063,3,14,9,14,12,10,1,3,3,3,3,3,11,5244,16061,57036,81026,102245,143,0,0,37,19,56,0,0,36,12,0,8,4,199,0,0,3,10,6650,2855,301,1010,390,199,967,290,40,72,296,135,69,13,13,0.4293,0.0453,0.5254,479,0,0,300,126,0,320,154,300,1679,180,59,99
92144459,1,Umataro Tenma,98182,102245,0,-4063,3,14,9,14,12,10,1,3,3,3,3,3,511,4849,17370,56950,79346,98182,143,0,0,37,19,57,0,0,36,13,0,9,4,199,0,0,3,10,6631,2836,995,1010,390,199,285,290,40,72,296,135,57,13,13,0.4277,0.1501,0.4223,464,0,0,286,114,0,241,132,245,1482,172,65,140
92144512,0,Tom3,41172,42586,0,-1414,3,14,9,14,12,9,1,3,3,3,3,3,433,4122,12667,26717,29154,41172,137,0,0,36,21,54,0,0,36,16,0,9,5,194,0,0,3,9,6563,2927,699,1015,391,194,292,299,45,71,384,142,75,14,15,0.446,0.1065,0.4475,450,0,0,497,150,0,364,237,299,1997,187,65,155
92144512,1,Steve421471,42586,41172,1,1414,3,14,9,14,12,9,1,3,3,3,3,3,485,5374,14527,27687,29636,42586,139,0,0,36,19,54,0,0,36,11,0,9,5,194,0,0,3,9,6567,2833,932,986,386,194,292,299,47,71,307,142,49,14,15,0.4314,0.1419,0.4267,456,0,0,497,138,0,343,213,294,1941,215,63,159
92145463,0,Syed Muhammad Gillani,78765,83419,0,-4654,3,14,9,14,12,10,1,3,3,3,3,3,515,5748,13823,41474,64714,78765,143,0,0,37,19,57,0,0,36,11,0,9,4,199,0,0,3,10,6631,2857,962,1010,390,199,285,290,40,72,296,135,69,13,13,0.4309,0.1451,0.4241,464,0,0,286,114,0,241,132,235,1472,181,65,140
92145463,1,Steve421471,83419,78765,1,4654,3,14,9,14,12,9,1,3,3,3,3,3,490,5310,13507,42040,64455,83419,139,0,0,36,19,54,0,0,36,10,0,9,5,194,0,0,3,9,6567,2833,932,986,386,194,292,299,47,71,307,142,49,14,15,0.4314,0.1419,0.4267,456,0,0,497,138,0,343,213,294,1941,215,63,159
92145545,0,Tom3,65637,63394,1,2243,3,14,9,14,12,9,1,3,3,3,3,3,433,6409,19389,41281,51848,65637,137,0,0,36,21,54,0,0,36,16,0,9,5,194,0,0,3,9,6563,2919,710,1015,391,194,292,299,45,71,385,142,71,14,15,0.4448,0.1082,0.4471,450,0,0,497,150,0,364,237,298,1996,186,65,155
92145545,1,JALKARNA GAUTAM,63394,65637,0,-2243,3,14,9,14,12,10,1,3,3,3,3,3,507,7253,20393,41891,51442,63394,143,0,0,37,19,57,0,0,36,14,0,9,4,199,0,0,3,10,6654,2835,1018,1010,390,199,285,290,40,72,296,135,58,13,13,0.4261,0.153,0.4209,455,0,0,300,192,0,309,180,235,1671,171,63,140
92146397,0,vladee,106611,110991,0,-4380,3,14,9,14,12,10,1,3,3,3,3,3,510,6550,18506,59640,79840,106611,143,0,0,37,19,57,0,0,36,14,0,9,4,199,0,0,3,10,6631,2862,948,1010,390,199,285,290,41,72,300,135,73,13,13,0.4316,0.143,0.4254,466,0,0,286,114,0,250,132,239,1487,186,65,140
92146397,1,Steve421471,110991,106611,1,4380,3,14,9,14,12,9,1,3,3,3,3,3,486,5377,18392,57617,78976,110991,139,0,0,36,19,54,0,0,36,14,0,9,5,194,0,0,3,9,6567,2833,931,986,386,194,292,299,48,71,307,142,49,14,15,0.4314,0.1418,0.4268,456,0,0,497,138,0,343,213,294,1941,215,63,159
92146487,0,Erfan Eshratifar,60890,61808,0,-918,3,14,9,14,12,9,1,3,3,3,3,3,533,5752,16062,42629,47897,60890,142,0,0,37,19,54,0,0,36,14,0,9,5,198,0,0,3,9,6563,2845,585,1150,398,198,372,295,45,71,355,141,79,14,15,0.4335,0.0891,0.4774,457,0,0,278,114,0,225,138,241,1453,208,58,159
92146487,1,bhavya shah,61808,60890,1,918,3,14,9,14,12,10,1,3,3,3,3,3,499,5830,16663,43618,47792,61808,143,0,0,37,19,57,0,0,35,14,0,9,4,199,0,0,3,10,6631,2857,962,1010,390,199,285,290,40,72,296,135,69,13,13,0.4309,0.1451,0.4241,464,0,0,286,114,0,241,132,235,1472,181,65,140
92147254,0,Lev Neganov,95209,83409,1,11800,3,14,12,14,13,10,1,3,3,3,3,3,512,7899,24295,56936,75263,95209,137,0,0,31,22,54,0,0,31,14,0,6,11,190,0,0,3,10,7172,3064,1140,961,378,190,341,350,40,62,366,176,70,17,17,0.4272,0.159,0.4138,422,0,0,236,132,0,167,256,304,1517,199,68,163
92147254,1,vladee,83409,95209,0,-11800,3,14,9,14,12,10,1,3,3,3,3,3,513,9112,22803,52019,68250,83409,143,0,0,37,19,57,0,0,36,14,0,9,4,199,0,0,3,10,6631,2859,954,1010,390,199,285,290,41,72,300,135,70,13,13,0.4312,0.1439,0.425,466,0,0,286,114,0,241,132,239,1478,183,65,140
92147333,0,Steve421471,130849,129199,1,1650,3,14,9,14,12,9,1,3,3,3,3,3,484,8458,25990,68549,97063,130849,139,0,0,36,19,54,0,0,36,14,0,9,5,194,0,0,3,9,6567,2833,931,986,386,194,292,299,48,71,307,142,49,14,15,0.4314,0.1418,0.4268,456,0,0,497,138,0,343,213,294,1941,215,63,159
92147333,1,Lev Neganov,129199,130849,0,-1650,3,14,12,14,13,10,1,3,3,3,3,3,511,7920,26516,71147,100336,129199,138,0,0,31,22,54,0,0,31,14,0,6,11,191,0,0,3,10,7172,3064,1140,961,378,191,341,350,39,62,366,176,70,17,17,0.4272,0.159,0.4138,422,0,0,236,132,0,167,256,304,1517,199,68,163
92148263,0,Steve421471,58375,57811,1,564,3,14,9,14,12,9,1,3,3,3,3,3,480,5333,13336,37798,45195,58375,139,0,0,36,19,54,0,0,36,10,0,9,5,194,0,0,3,9,6567,2833,932,986,386,194,292,299,47,71,307,142,49,14,15,0.4314,0.1419,0.4267,456,0,0,497,138,0,343,213,294,1941,215,63,159
92148263,1,Lazarus Ogero,57811,58375,0,-564,3,14,9,14,12,10,1,3,3,3,3,3,513,5547,13401,38366,46889,57811,143,0,0,37,19,57,0,0,36,14,0,9,4,199,0,0,3,10,6631,2857,962,1010,390,199,285,290,40,72,296,135,69,13,13,0.4309,0.1451,0.4241,464,0,0,286,114,0,241,132,235,1472,189,65,140
92148295,0,researchstudio.site,112993,119444,0,-6451,1,8,12,13,13,4,1,3,3,3,3,3,1143,10461,20308,55183,87847,112993,124,0,0,38,18,52,0,0,38,18,0,10,5,180,0,0,3,4,7138,3831,410,1007,380,180,282,294,42,145,272,129,136,15,15,0.5367,0.0574,0.4059,946,0,0,259,106,0,268,97,165,1841,368,29,61
92148295,1,Steve421471,119444,112993,1,6451,3,14,9,14,12,9,1,3,3,3,3,3,493,5798,17874,53148,85670,119444,139,0,0,36,19,54,0,0,36,14,0,9,5,194,0,0,3,9,6567,2833,932,986,386,194,292,299,47,71,307,142,49,14,15,0.4314,0.1419,0.4267,456,0,0,497,138,0,343,213,294,1941,215,63,159
92149076,0,Suda,125419,133477,0,-8058,3,14,9,14,12,9,1,3,3,3,3,3,819,6359,15917,53348,95020,125419,137,0,0,36,21,54,0,0,35,16,0,8,5,194,0,0,3,9,6563,2927,697,1014,391,194,292,299,48,71,384,142,75,14,15,0.446,0.1062,0.4478,450,0,0,497,150,0,364,237,299,1997,213,65,155
92149076,1,Goldian,133477,125419,1,8058,3,14,9,14,12,10,1,3,3,3,3,3,517,5789,18159,60622,101391,133477,143,0,0,37,19,57,0,0,36,14,0,9,4,199,0,0,3,10,6631,2857,962,1010,390,199,285,290,40,72,296,135,69,13,13,0.4309,0.1451,0.4241,464,0,0,286,114,0,241,132,235,1472,181,65,140
92149297,0,Bharath Varma,83806,83470,1,336,3,14,9,14,12,10,1,3,3,3,3,3,519,5762,17434,51011,65353,83806,143,0,0,37,19,57,0,0,36,11,0,9,4,199,0,0,3,10,6631,2857,962,1010,390,199,285,290,40,72,296,135,69,13,13,0.4309,0.1451,0.4241,464,0,0,286,114,0,241,132,235,1472,181,65,140
92149297,1,JALKARNA GAUTAM,83470,83806,0,-336,3,14,9,14,12,10,1,3,3,3,3,3,513,4979,16920,51490,65656,83470,143,0,0,37,19,57,0,0,36,14,0,9,4,199,0,0,3,10,6654,2835,1018,1010,390,199,285,290,40,72,296,135,58,13,13,0.4261,0.153,0.4209,455,0,0,334,198,0,347,176,235,1745,171,63,140
92150008,0,An V1,76342,78170,0,-1828,3,14,9,14,12,10,1,3,3,3,3,3,520,5732,17477,54509,65361,76342,143,0,0,37,19,56,0,0,36,13,0,9,4,199,0,0,3,10,6631,2857,962,1009,390,199,285,290,41,72,296,135,69,13,13,0.4309,0.1451,0.4241,464,0,0,286,114,0,241,132,235,1472,179,65,140
92150008,1,Goldian,78170,76342,1,1828,3,14,9,14,12,10,1,3,3,3,3,3,520,5732,17477,54597,66819,78170,143,0,0,37,19,57,0,0,36,14,0,9,4,199,0,0,3,10,6631,2857,962,1010,390,199,285,290,40,72,296,135,69,13,13,0.4309,0.1451,0.4241,464,0,0,286,114,0,241,132,235,1472,181,65,140
92150053,0,JALKARNA GAUTAM,131774,133342,0,-1568,3,14,9,14,12,10,1,3,3,3,3,3,513,4901,16746,58953,102501,131774,143,0,0,37,19,57,0,0,36,14,0,9,4,199,0,0,3,10,6654,2835,1018,1010,390,199,285,290,40,72,296,135,58,13,13,0.4261,0.153,0.4209,455,0,0,334,198,0,347,168,235,1737,171,63,140
92150053,1,vladee,133342,131774,1,1568,3,14,9,14,12,10,1,3,3,3,3,3,519,6103,17036,59340,103053,133342,143,0,0,37,19,57,0,0,36,14,0,9,4,199,0,0,3,10,6631,2866,943,1010,390,199,285,290,41,72,300,135,74,13,13,0.4322,0.1422,0.4256,466,0,0,286,114,0,250,140,239,1495,187,65,140
92150166,0,THUNDER THUNDER,86546,93361,0,-6815,3,14,9,14,13,10,1,3,3,3,3,3,536,5204,16196,43641,68602,86546,145,0,0,37,19,59,0,0,36,14,0,10,4,201,0,0,3,10,6757,2977,967,1012,378,201,290,296,42,69,306,142,49,14,14,0.4406,0.1431,0.4163,459,0,0,266,114,0,221,132,237,1429,169,73,159
92150166,1,カワシギ,93361,86546,1,6815,4,11,12,12,11,8,1,2,3,3,3,3,36,15934,24686,53892,76652,93361,139,6,0,34,20,39,3,0,34,20,0,10,4,199,0,0,3,8,6920,3531,612,971,387,199,317,321,22,54,305,130,9,48,14,0.5103,0.0884,0.4013,1118,12,0,216,120,0,279,120,2259,4124,473,111,63
92150167,0,Erfan Eshratifar,60092,92445,0,-32353,3,14,9,14,12,9,1,3,3,3,3,3,534,7796,19146,35851,44977,60092,142,0,0,37,19,54,0,0,36,14,0,9,5,198,0,0,3,9,6563,2847,585,1150,398,198,372,295,43,71,355,141,79,14,15,0.4338,0.0891,0.4771,457,0,0,278,114,0,225,138,241,1453,201,58,159
92150167,1,カワシギ,92445,60092,1,32353,4,11,12,12,11,8,1,2,4,4,4,4,99,16169,18150,48596,72772,92445,128,5,0,34,20,38,3,0,34,20,0,6,12,187,0,0,4,8,6919,3434,609,899,380,187,369,374,17,56,351,154,8,63,18,0.4963,0.088,0.4157,1435,11,0,215,120,0,189,274,2515,4759,519,104,88
92150171,0,Kaito Fukami,99478,98427,1,1051,3,14,9,14,12,10,1,3,3,3,3,3,499,5753,17154,55195,77190,99478,143,0,0,37,19,57,0,0,35,14,0,9,4,199,0,0,3,10,6631,2857,962,1010,390,199,285,290,40,72,296,135,69,13,13,0.4309,0.1451,0.4241,464,0,0,286,114,0,241,132,235,1472,180,65,140
92150171,1,Erfan Eshratifar,98427,99478,0,-1051,3,14,9,14,12,9,1,3,3,3,3,3,533,5669,16547,54035,77266,98427,142,0,0,37,19,54,0,0,36,14,0,9,5,198,0,0,3,9,6563,2847,585,1149,398,198,372,295,44,71,355,141,79,14,15,0.4338,0.0891,0.4771,457,0,0,278,114,0,225,138,241,1453,208,58,159
92150936,0,Lev Neganov,56639,55833,1,806,3,14,9,14,12,10,1,3,3,3,3,3,518,6363,16011,37265,45758,56639,137,0,0,37,18,54,0,0,35,13,0,10,4,192,0,0,3,10,6716,2903,993,1017,386,192,285,290,46,72,299,138,50,31,14,0.4323,0.1479,0.4199,459,0,0,311,114,0,265,160,255,1564,196,63,156
92150936,1,Goldian,55833,56639,0,-806,3,12,9,14,12,10,1,3,3,3,3,3,519,4360,14997,35630,44404,55833,143,0,0,37,18,57,0,0,35,10,0,9,4,198,0,0,3,10,6587,2834,950,1005,389,198,283,290,42,72,295,135,68,13,13,0.4302,0.1442,0.4255,464,0,0,286,114,0,241,132,235,1472,181,65,140
92151057,0,Nikita Lugovoy,54112,49878,1,4234,3,14,9,14,12,10,1,3,3,3,3,3,5,5167,13761,36619,42009,54112,143,0,0,37,19,56,0,0,36,12,0,8,4,199,0,0,3,10,6673,2855,323,1010,390,199,967,290,41,72,296,135,69,13,13,0.4278,0.0484,0.5238,479,0,0,300,126,0,320,154,300,1679,180,59,99
92151057,1,ra5anchor,49878,54112,0,-4234,3,14,9,14,12,10,1,3,3,3,3,3,511,5569,14151,36090,39162,49878,143,0,0,37,19,57,0,0,36,14,0,9,4,199,0,0,3,10,6587,2674,1104,1014,390,199,285,290,41,77,298,135,54,13,13,0.406,0.1676,0.4264,451,0,0,286,114,0,226,132,232,1441,169,64,140
92151868,0,Goldian,55309,56588,0,-1279,3,14,9,14,12,10,1,3,3,3,3,3,511,9149,21257,35627,44849,55309,143,0,0,37,19,57,0,0,36,14,0,9,4,199,0,0,3,10,6631,2857,962,1010,390,199,285,290,40,72,296,135,69,13,13,0.4309,0.1451,0.4241,464,0,0,286,114,0,241,132,235,1472,181,65,140
92151868,1,Tom3,56588,55309,1,1279,3,14,9,14,12,9,1,3,3,3,3,3,435,7431,19229,34613,44406,56588,137,0,0,36,21,54,0,0,36,16,0,9,5,194,0,0,3,9,6563,2919,710,1015,391,194,292,299,45,71,385,142,71,14,15,0.4448,0.1082,0.4471,450,0,0,497,150,0,364,237,298,1996,186,65,155
92151916,0,Changye Li,118515,116042,1,2473,3,14,9,14,12,10,1,3,3,3,3,3,514,4932,17516,59521,91106,118515,143,0,0,37,19,57,0,0,36,14,0,9,4,199,0,0,3,10,6631,2836,995,1009,390,199,285,290,41,72,296,135,57,13,13,0.4277,0.1501,0.4223,464,0,0,286,114,0,241,132,235,1472,188,63,140
92151916,1,Tom3,116042,118515,0,-2473,3,14,9,14,12,9,1,3,3,3,3,3,431,4597,16475,57195,91777,116042,137,0,0,36,21,54,0,0,36,16,0,9,5,194,0,0,3,9,6563,2919,710,1015,391,194,292,299,45,71,385,142,71,14,15,0.4448,0.1082,0.4471,450,0,0,497,150,0,364,237,298,1996,186,65,155
92151959,0,Umataro Tenma,123811,126351,0,-2540,3,14,9,14,12,10,1,3,3,3,3,3,520,6772,23256,66451,99907,123811,143,0,0,37,19,57,0,0,36,14,0,7,6,199,0,0,3,10,6631,2836,995,1010,390,199,285,290,40,72,296,135,57,13,13,0.4277,0.1501,0.4223,464,0,0,286,114,0,241,174,245,1524,178,65,140
92151959,1,Syed Muhammad Gillani,126351,123811,1,2540,3,14,9,14,12,10,1,3,3,3,3,3,520,7850,23741,67000,101519,126351,143,0,0,37,19,57,0,0,36,14,0,7,6,199,0,0,3,10,6631,2857,962,1010,390,199,285,290,40,72,296,135,69,13,13,0.4309,0.1451,0.4241,464,0,0,286,114,0,241,174,235,1514,187,65,140
92152029,0,カワシギ,99338,88782,1,10556,4,11,12,12,11,8,1,2,4,4,4,4,33,16383,20964,56748,76566,99338,145,2,0,34,20,40,1,0,34,20,0,6,12,201,0,0,4,8,6917,3525,453,934,404,201,369,375,14,48,353,159,9,55,18,0.5096,0.0655,0.4249,1362,4,0,201,120,0,189,274,1754,3904,463,112,87
92152029,1,Syed Muhammad Gillani,88782,99338,0,-10556,3,14,9,14,12,10,1,3,3,3,3,3,530,8112,23956,49837,65543,88782,143,0,0,37,19,57,0,0,36,14,0,9,4,199,0,0,3,10,6631,2857,962,1010,390,199,285,290,40,72,296,135,69,13,13,0.4309,0.1451,0.4241,464,0,0,286,114,0,241,132,235,1472,181,65,140
92152110,0,THUNDER THUNDER,77617,75528,1,2089,3,14,11,14,13,9,1,3,3,3,3,3,512,7137,22740,49675,63901,77617,136,0,0,31,22,52,0,0,31,14,0,10,7,189,0,0,3,9,7167,3094,1064,962,384,189,353,360,35,62,382,181,67,17,17,0.4317,0.1485,0.4198,414,0,0,243,132,0,230,208,320,1547,197,74,167
92152110,1,Tom3,75528,77617,0,-2089,3,14,9,14,12,9,1,3,3,3,3,3,366,8288,23959,49752,61358,75528,137,0,0,36,21,54,0,0,36,16,0,9,5,194,0,0,3,9,6563,2927,699,1015,391,194,292,299,45,71,384,142,75,14,15,0.446,0.1065,0.4475,450,0,0,497,150,0,364,237,299,1997,187,65,155
92152806,0,Lucien de Rubempre,102809,102816,0,-7,3,14,9,14,12,10,1,3,3,3,3,3,520,5727,17064,54705,75590,102809,143,0,0,37,19,57,0,0,36,13,0,9,4,199,0,0,3,10,6631,2857,962,1009,390,199,285,290,41,72,296,135,69,13,13,0.4309,0.1451,0.4241,464,0,0,286,114,0,241,132,235,1472,181,65,140
92152806,1,Goldian,102816,102809,1,7,3,14,9,14,12,10,1,3,3,3,3,3,520,5727,17064,54705,75590,102816,143,0,0,37,19,57,0,0,36,13,0,9,4,199,0,0,3,10,6631,2857,961,1010,390,199,285,290,41,72,296,135,69,13,13,0.4309,0.1449,0.4242,464,0,0,286,114,0,241,132,235,1472,181,65,140
92152844,0,bhavya shah,103389,101358,1,2031,3,14,9,14,12,10,1,3,3,3,3,3,514,5764,17224,56772,83896,103389,143,0,0,37,19,57,0,0,36,13,0,9,4,199,0,0,3,10,6631,2857,962,1010,390,199,285,290,40,72,296,135,69,13,13,0.4309,0.1451,0.4241,464,0,0,286,114,0,241,132,235,1472,181,65,140
92152844,1,Changye Li,101358,103389,0,-2031,3,14,9,14,12,10,1,3,3,3,3,3,523,4843,16481,55210,82450,101358,143,0,0,36,19,57,0,0,35,12,0,9,4,198,0,0,3,10,6631,2836,995,1010,390,198,285,290,41,72,296,135,57,13,13,0.4277,0.1501,0.4223,464,0,0,286,102,0,241,132,235,1460,185,63,140
92153790,0,Syed Muhammad Gillani,74168,73694,1,474,3,14,9,14,12,10,1,3,3,3,3,3,508,8749,23613,49813,61987,74168,143,0,0,37,19,57,0,0,35,14,0,7,6,199,0,0,3,10,6631,2857,961,1009,390,199,285,290,42,72,296,135,69,13,13,0.4309,0.1449,0.4242,464,0,0,286,114,0,241,174,235,1514,187,65,140
92153790,1,Changye Li,73694,74168,0,-474,3,14,9,14,12,10,1,3,3,3,3,3,517,7680,22491,44673,59125,73694,143,0,0,37,19,57,0,0,36,14,0,7,6,199,0,0,3,10,6631,2836,991,1010,394,199,285,290,40,72,296,135,57,13,13,0.4277,0.1494,0.4229,467,0,0,286,114,0,235,567,235,1904,220,63,140
92153798,0,bhavya shah,113789,114043,0,-254,3,14,9,14,12,10,1,3,3,3,3,3,520,6516,21005,57832,92873,113789,143,0,0,37,19,57,0,0,36,14,0,9,4,199,0,0,3,10,6631,2857,962,1010,390,199,285,290,40,72,296,135,69,13,13,0.4309,0.1451,0.4241,464,0,0,286,114,0,241,132,235,1472,181,65,140
92153798,1,vladee,114043,113789,1,254,3,14,9,14,12,10,1,3,3,3,3,3,520,7164,21043,57892,92945,114043,143,0,0,37,19,57,0,0,36,14,0,9,4,199,0,0,3,10,6631,2866,943,1010,390,199,285,290,41,72,300,135,74,13,13,0.4322,0.1422,0.4256,466,0,0,286,114,0,250,140,239,1495,187,65,140
92153829,0,Umataro Tenma,87004,88110,0,-1106,3,14,9,14,12,10,1,3,3,3,3,3,520,5634,21603,59850,72998,87004,143,0,0,37,19,57,0,0,36,14,0,9,4,199,0,0,3,10,6631,2836,995,1010,390,199,285,290,40,72,296,135,57,13,13,0.4277,0.1501,0.4223,464,0,0,286,114,0,241,132,245,1482,172,65,140
92153829,1,Goldian,88110,87004,1,1106,3,14,9,14,12,10,1,3,3,3,3,3,520,6627,22380,60495,73861,88110,143,0,0,37,19,57,0,0,36,14,0,9,4,199,0,0,3,10,6631,2857,962,1010,390,199,285,290,40,72,296,135,69,13,13,0.4309,0.1451,0.4241,464,0,0,286,114,0,241,132,235,1472,181,65,140
92154707,0,Raoul Biagioni,129494,131894,0,-2400,3,14,9,14,12,9,1,3,3,3,3,3,595,6606,23763,68204,101261,129494,139,0,0,36,19,54,0,0,36,14,0,9,5,194,0,0,3,9,6563,2827,935,986,386,194,292,299,46,71,307,142,49,14,15,0.4307,0.1425,0.4268,456,0,0,497,138,0,343,213,294,1941,175,63,159
92154707,1,Goldian,131894,129494,1,2400,3,14,9,14,12,10,1,3,3,3,3,3,511,8314,25688,72428,104226,131894,143,0,0,37,19,57,0,0,36,14,0,9,4,199,0,0,3,10,6631,2857,962,1010,390,199,285,290,40,72,296,135,69,13,13,0.4309,0.1451,0.4241,464,0,0,286,114,0,241,132,235,1472,181,65,140
92154832,0,bhavya shah,76310,78611,0,-2301,3,14,9,14,12,10,1,3,3,3,3,3,517,8077,23569,49053,59291,76310,143,0,0,37,19,57,0,0,36,14,0,9,4,199,0,0,3,10,6631,2857,962,1010,390,199,285,290,40,72,296,135,69,13,13,0.4309,0.1451,0.4241,464,0,0,286,114,0,241,132,235,1472,181,65,140
92154832,1,Raoul Biagioni,78611,76310,1,2301,3,14,12,14,13,10,1,3,3,3,3,3,601,5861,19448,48664,61962,78611,138,0,0,31,22,54,0,0,31,14,0,6,11,191,0,0,3,10,7172,3055,1147,961,378,191,341,350,40,62,362,176,75,17,17,0.426,0.1599,0.4141,449,0,0,236,132,0,170,262,309,1558,208,69,163
92154895,0,Steve421471,121377,118191,1,3186,3,14,9,14,12,9,1,3,3,3,3,3,490,7353,23503,63359,89858,121377,139,0,0,36,19,54,0,0,36,14,0,9,5,194,0,0,3,9,6567,2833,932,986,386,194,292,299,47,71,307,142,49,14,15,0.4314,0.1419,0.4267,456,0,0,497,138,0,343,213,294,1941,215,63,159
92154895,1,Goldian,118191,121377,0,-3186,3,14,9,14,12,10,1,3,3,3,3,3,515,7988,23759,64291,92304,118191,143,0,0,37,19,57,0,0,36,14,0,9,4,199,0,0,3,10,6631,2857,962,1010,390,199,285,290,40,72,296,135,69,13,13,0.4309,0.1451,0.4241,464,0,0,286,114,0,241,132,235,1472,181,65,140
92155639,0,Goldian,47613,47913,0,-300,3,14,9,14,12,10,1,3,3,3,3,3,508,5841,12498,33490,37153,47613,143,0,0,37,19,57,0,0,36,11,0,9,4,199,0,0,3,10,6631,2857,962,1010,390,199,285,290,40,72,296,135,69,13,13,0.4309,0.1451,0.4241,464,0,0,286,114,0,241,132,235,1472,181,65,140
92155639,1,Changye Li,47913,47613,1,300,3,14,9,14,12,10,1,3,3,3,3,3,517,4852,11567,32852,37347,47913,143,0,0,37,19,57,0,0,36,10,0,9,4,199,0,0,3,10,6631,2836,994,1009,390,199,285,290,42,72,296,135,57,13,13,0.4277,0.1499,0.4224,464,0,0,286,114,0,241,132,235,1472,228,63,140
92155671,0,Changye Li,140430,118292,1,22138,3,14,9,14,12,10,1,3,3,3,3,3,525,5383,17976,61434,106018,140430,143,0,0,37,19,57,0,0,36,14,0,9,4,199,0,0,3,10,6631,2836,995,1010,390,199,285,290,40,72,296,135,57,13,13,0.4277,0.1501,0.4223,464,0,0,286,114,0,241,132,235,1472,190,63,140
92155671,1,Efe Can Celiksoy,118292,140430,0,-22138,3,14,9,14,12,10,1,3,3,3,3,3,253,4815,17492,52291,87278,118292,143,0,0,37,19,57,0,0,35,14,0,7,4,199,0,0,3,10,6631,2849,974,1010,390,199,285,290,40,72,296,135,65,13,13,0.4296,0.1469,0.4235,459,0,0,286,114,0,241,132,235,1467,172,63,141
92155826,0,Efe Can Celiksoy,106072,106672,0,-600,3,14,9,14,12,10,1,3,3,3,3,3,514,4864,15616,49805,83849,106072,143,0,0,37,19,57,0,0,36,10,0,9,4,199,0,0,3,10,6631,2849,974,1010,390,199,285,290,40,72,296,135,65,13,13,0.4296,0.1469,0.4235,459,0,0,286,114,0,241,132,235,1467,174,63,141
92155826,1,Nikita Lugovoy,106672,106072,1,600,3,14,9,14,12,10,1,3,3,3,3,3,514,5752,16308,50326,84351,106672,143,0,0,37,19,57,0,0,36,11,0,9,4,199,0,0,3,10,6631,2857,961,1010,390,199,285,290,41,72,296,135,69,13,13,0.4309,0.1449,0.4242,464,0,0,286,114,0,241,132,235,1472,181,65,140
92155839,0,researchstudio.site,57924,57004,1,920,1,8,12,13,13,4,1,3,3,3,3,3,1143,8786,16043,40171,48022,57924,126,0,0,34,18,50,0,0,34,18,0,5,3,178,0,0,3,4,7133,4025,492,1111,347,178,193,201,39,116,206,90,118,8,9,0.5643,0.069,0.3667,1497,0,0,233,105,0,243,94,134,2306,367,24,83
92155839,1,bhavya shah,57004,57924,0,-920,3,14,9,14,12,10,1,3,3,3,3,3,514,6077,12923,32908,44965,57004,143,0,0,37,19,57,0,0,35,14,0,9,4,199,0,0,3,10,6631,2857,961,1010,390,199,285,290,41,72,296,135,69,13,13,0.4309,0.1449,0.4242,464,0,0,286,114,0,241,132,235,1472,181,65,140
92156576,0,Changye Li,90250,82141,1,8109,3,14,9,14,12,10,1,3,3,3,3,3,517,7837,23155,52049,70531,90250,143,0,0,37,19,57,0,0,36,14,0,7,6,199,0,0,3,10,6631,2836,991,1010,394,199,285,290,40,72,296,135,57,13,13,0.4277,0.1494,0.4229,467,0,0,286,114,0,239,567,235,1908,206,63,140
92156576,1,Goldian,82141,90250,0,-8109,3,14,9,14,12,10,1,3,3,3,3,3,508,9106,24349,54792,66663,82141,143,0,0,37,19,57,0,0,36,14,0,9,4,199,0,0,3,10,6631,2857,961,1010,390,199,285,290,41,72,296,135,69,13,13,0.4309,0.1449,0.4242,464,0,0,286,114,0,241,132,235,1472,181,65,140
92157508,0,Goldian,51023,53737,0,-2714,3,14,9,14,12,10,1,3,3,3,3,3,514,5811,15099,30192,37974,51023,143,0,0,37,19,57,0,0,36,11,0,9,4,199,0,0,3,10,6631,2857,961,1009,390,199,285,290,42,72,296,135,69,13,13,0.4309,0.1449,0.4242,464,0,0,286,114,0,241,132,235,1472,181,65,140
92157508,1,Changye Li,53737,51023,1,2714,3,14,9,14,12,10,1,3,3,3,3,3,523,6422,16066,32396,41198,53737,143,0,0,21,19,57,0,0,20,10,0,9,4,183,0,0,3,10,6631,2836,1043,1010,390,183,285,290,40,40,296,135,57,13,13,0.4277,0.1573,0.415,464,0,0,277,114,0,241,132,267,1495,186,60,140
92157552,0,bhavya shah,76783,77359,0,-576,3,14,9,14,12,10,1,3,3,3,3,3,514,9032,22534,50104,62819,76783,143,0,0,36,19,57,0,0,35,14,0,9,4,198,0,0,3,10,6631,2857,962,1010,390,198,285,290,41,72,296,135,69,13,13,0.4309,0.1451,0.4241,464,0,0,286,114,0,241,132,235,1472,181,65,140
92157552,1,vladee,77359,76783,1,576,3,14,9,14,12,10,1,3,3,3,3,3,514,9530,22583,50644,63363,77359,143,0,0,37,19,57,0,0,36,14,0,9,4,199,0,0,3,10,6631,2866,943,1010,390,199,285,290,41,72,300,135,74,13,13,0.4322,0.1422,0.4256,466,0,0,286,114,0,250,140,239,1495,187,65,140
92157690,0,Tom3,83227,103259,0,-20032,3,14,9,14,12,9,1,3,3,3,3,3,380,6976,21916,48629,67257,83227,137,0,0,36,21,54,0,0,35,16,0,9,5,194,0,0,3,9,6563,2927,699,1015,391,194,292,299,45,71,384,142,75,14,15,0.446,0.1065,0.4475,450,0,0,497,150,0,364,237,299,1997,187,65,155
92157690,1,カワシギ,103259,83227,1,20032,4,11,12,12,11,8,1,2,3,3,3,3,34,15807,27089,59315,83917,103259,133,8,0,34,20,35,4,0,34,20,0,6,8,195,0,0,3,8,6918,3481,685,955,386,195,313,317,17,57,302,137,7,52,14,0.5032,0.099,0.3978,1229,21,0,226,120,0,189,207,1775,3767,473,114,66
92157694,0,Steve421471,61967,69413,0,-7446,3,14,9,14,12,9,1,3,3,3,3,3,486,8342,20604,39890,47901,61967,139,0,0,36,19,54,0,0,36,14,0,9,5,194,0,0,3,9,6567,2833,932,986,386,194,292,299,47,71,307,142,49,14,15,0.4314,0.1419,0.4267,456,0,0,497,138,0,343,213,294,1941,215,63,159
92157694,1,Kaito Fukami,69413,61967,1,7446,3,14,9,14,12,10,1,3,3,3,3,3,510,8645,20561,46391,56651,69413,143,0,0,37,19,57,0,0,36,14,0,7,6,199,0,0,3,10,6631,2836,995,1009,390,199,284,290,42,72,296,135,57,13,13,0.4277,0.1501,0.4223,464,0,0,286,114,0,241,174,235,1514,175,65,140
92157700,0,Syed Muhammad Gillani,100383,101238,0,-855,3,14,9,14,12,10,1,3,3,3,3,3,492,8261,24574,61354,86386,100383,143,0,0,37,19,57,0,0,36,14,0,9,4,199,0,0,3,10,6631,2857,962,1010,390,199,285,290,40,72,296,135,69,13,13,0.4309,0.1451,0.4241,464,0,0,286,114,0,241,132,235,1472,181,65,140
92157700,1,Erfan Eshratifar,101238,100383,1,855,3,14,9,14,12,9,1,3,3,3,3,3,528,8253,23795,61102,85702,101238,142,0,0,37,19,54,0,0,36,14,0,9,5,198,0,0,3,9,6563,2847,585,1150,398,198,372,295,43,71,355,141,79,14,15,0.4338,0.0891,0.4771,457,0,0,278,114,0,225,138,241,1453,209,58,159
91804730,0,Efe Can Celiksoy,85511,86278,0,-767,3,14,9,14,12,10,1,3,3,3,3,3,518,4863,17211,51844,64165,85511,143,0,0,37,19,57,0,0,35,14,0,9,4,199,0,0,3,10,6631,2857,962,1009,390,199,285,290,41,72,296,135,69,13,13,0.4309,0.1451,0.4241,455,0,0,286,114,0,241,132,235,1463,176,63,140
91804730,1,Dmitry Belan,86278,85511,1,767,3,14,9,14,12,10,1,3,3,3,3,3,518,4843,17124,52568,65137,86278,143,0,0,37,19,57,0,0,36,14,0,9,4,199,0,0,3,10,6631,2836,994,1010,390,199,285,290,41,72,296,135,57,13,13,0.4277,0.1499,0.4224,455,0,0,286,114,0,241,132,235,1463,168,63,140
91805692,0,Jince,63415,63234,1,181,3,14,9,14,12,9,1,3,3,3,3,3,521,5414,16047,38406,47668,63415,142,0,0,37,19,54,0,0,36,14,0,9,5,198,0,0,3,9,6563,2796,962,986,386,198,292,299,43,71,310,142,49,14,15,0.426,0.1466,0.4274,440,0,0,276,114,0,225,138,239,1432,165,62,159
91805692,1,umair zia,63234,63415,0,-181,3,14,9,14,12,10,1,3,3,3,3,3,515,5410,16548,39564,48883,63234,143,0,0,37,19,57,0,0,36,14,0,9,4,199,0,0,3,10,6631,2836,994,1010,390,199,285,290,41,72,296,135,57,13,13,0.4277,0.1499,0.4224,455,0,0,286,114,0,241,132,235,1463,168,63,140
91806604,0,Freddy,101333,100118,1,1215,3,14,9,14,12,10,1,3,3,3,3,3,518,4887,16644,54165,75217,101333,143,0,0,37,19,57,0,0,35,14,0,9,4,199,0,0,3,10,6631,2836,995,1010,390,199,285,290,40,72,296,135,57,13,13,0.4277,0.1501,0.4223,455,0,0,286,114,0,241,132,235,1463,166,63,140
91806604,1,Teddy Tennant,100118,101333,0,-1215,3,14,9,14,12,10,1,3,3,3,3,3,518,4887,16549,53011,73981,100118,143,0,0,37,19,57,0,0,34,14,0,9,4,199,0,0,3,10,6631,2836,995,1009,390,199,285,290,41,72,296,135,57,13,13,0.4277,0.1501,0.4223,455,0,0,286,114,0,241,132,235,1463,168,63,140
91806622,0,Kaito Fukami,36388,35162,1,1226,3,14,9,14,12,10,1,3,3,3,3,3,512,4838,11420,23969,26947,36388,143,0,0,37,19,57,0,0,36,11,0,9,4,199,0,0,3,10,6631,2836,995,1010,390,199,285,290,40,72,296,135,57,13,13,0.4277,0.1501,0.4223,455,0,0,286,114,0,241,132,235,1463,168,63,140
91806622,1,Gould Research,35162,36388,0,-1226,3,14,10,14,13,10,1,3,3,3,3,3,512,5025,11663,21622,24515,35162,141,0,0,36,14,56,0,0,35,9,0,9,4,191,0,0,3,10,6961,2986,1086,1003,392,191,306,311,36,70,327,165,58,15,15,0.429,0.156,0.415,488,0,0,279,114,0,233,135,261,1510,182,66,147
91806623,0,Raunak Dey,94278,92486,1,1792,3,14,9,14,12,10,1,3,3,3,3,3,518,4868,16595,53948,80487,94278,143,0,0,37,19,57,0,0,36,12,0,9,4,199,0,0,3,10,6631,2836,995,1009,390,199,285,290,41,72,296,135,57,13,13,0.4277,0.1501,0.4223,455,0,0,286,114,0,241,132,235,1463,166,63,140
91806623,1,Gould Research,92486,94278,0,-1792,3,14,10,14,13,10,1,3,3,3,3,3,518,5051,16504,53792,79020,92486,141,0,0,36,19,56,0,0,35,14,0,10,4,196,0,0,3,10,6961,2986,1080,1003,393,196,306,311,36,70,327,165,58,15,15,0.429,0.1552,0.4159,471,0,0,279,114,0,242,130,270,1506,189,66,147
91806653,0,Ezzzzzekki,57740,58844,0,-1104,3,14,9,14,12,10,1,3,3,3,3,3,512,4862,15312,41524,47332,57740,143,0,0,37,19,57,0,0,36,11,0,9,4,199,0,0,3,10,6631,2836,994,1010,390,199,285,290,41,72,296,135,57,13,13,0.4277,0.1499,0.4224,455,0,0,286,114,0,241,132,235,1463,169,63,140
91806653,1,Freddy,58844,57740,1,1104,3,14,9,14,12,10,1,3,3,3,3,3,512,4861,15580,41821,47709,58844,143,0,0,37,19,57,0,0,36,11,0,9,4,199,0,0,3,10,6631,2836,995,1010,390,199,285,290,40,72,296,135,57,13,13,0.4277,0.1501,0.4223,455,0,0,286,114,0,241,132,235,1463,166,63,140
91806654,0,Abracadabra,88456,87371,1,1085,3,14,9,14,12,9,1,3,3,3,3,3,512,5038,19497,54173,70962,88456,142,0,0,37,19,54,0,0,35,14,0,9,5,198,0,0,3,9,6563,2796,962,986,386,198,292,299,43,71,310,142,49,14,15,0.426,0.1466,0.4274,440,0,0,276,114,0,225,138,239,1432,165,62,159
91806654,1,Lev Neganov,87371,88456,0,-1085,3,14,9,14,12,10,1,3,3,3,3,3,512,7123,20246,55071,71346,87371,138,0,0,36,18,54,0,0,34,13,0,10,4,192,0,0,3,10,6716,2876,1031,1016,386,192,285,290,47,72,301,138,50,18,14,0.4282,0.1535,0.4183,459,0,0,299,114,0,218,160,242,1492,175,63,156
91806656,0,HealthStone,90436,91568,0,-1132,4,10,10,14,12,10,1,3,3,3,3,3,5,2145,20389,48159,69990,90436,130,10,0,36,17,42,10,0,36,12,0,8,4,193,0,0,3,10,7025,3586,808,920,385,193,240,271,25,57,301,131,84,12,12,0.5105,0.115,0.3745,438,20,0,240,102,0,209,109,244,1362,203,120,162
91806656,1,THUNDER THUNDER,91568,90436,1,1132,3,14,11,14,14,10,1,3,3,3,3,3,522,4084,15174,52613,70936,91568,133,0,0,39,19,46,0,0,35,14,0,9,7,191,0,0,3,10,6959,3013,1139,971,369,191,296,300,38,70,315,164,60,16,17,0.433,0.1637,0.4034,460,0,0,271,114,0,214,138,245,1442,179,70,163
91807527,0,Freddy,91617,92098,0,-481,3,14,9,14,12,10,1,3,3,3,3,3,518,4792,12340,42019,73466,91617,143,0,0,37,19,57,0,0,36,11,0,9,4,199,0,0,3,10,6631,2836,994,1010,390,199,285,290,41,72,296,135,57,13,13,0.4277,0.1499,0.4224,455,0,0,286,114,0,241,132,235,1463,166,63,140
91807527,1,Valmorlee,92098,91617,1,481,3,14,9,14,12,9,1,3,3,3,3,3,518,4741,11825,41675,72667,92098,142,0,0,37,19,54,0,0,36,12,0,9,5,198,0,0,3,9,6563,2795,962,986,386,198,292,299,44,71,310,142,49,14,15,0.4259,0.1466,0.4275,440,0,0,276,114,0,225,138,239,1432,165,62,159
91807541,0,Dmitry Larko,93542,81728,1,11814,3,14,9,14,12,10,1,3,3,3,3,3,538,5798,17367,51244,67238,93542,146,0,0,37,19,61,0,0,31,13,0,10,4,202,0,0,3,10,6716,2871,1028,1019,386,202,285,290,43,72,303,139,49,15,14,0.4275,0.1531,0.4194,488,0,0,285,114,0,218,132,245,1482,187,69,156
91807541,1,Hak,81728,93542,0,-11814,3,14,9,14,12,10,1,3,3,3,3,3,250,4850,16676,43871,57666,81728,143,0,0,37,19,57,0,0,35,11,0,7,4,199,0,0,3,10,6631,2836,995,1010,390,199,285,290,40,72,296,135,57,13,13,0.4277,0.1501,0.4223,455,0,0,286,114,0,241,132,235,1463,168,63,140
91807542,0,Ezzzzzekki,61522,62504,0,-982,3,14,9,14,12,10,1,3,3,3,3,3,515,4885,14340,40781,50488,61522,143,0,0,37,19,57,0,0,35,11,0,9,4,199,0,0,3,10,6631,2836,995,1010,390,199,285,290,40,72,296,135,57,13,13,0.4277,0.1501,0.4223,455,0,0,286,114,0,241,132,237,1465,168,63,140
91807542,1,Ueddy,62504,61522,1,982,3,14,9,14,12,10,1,3,3,3,3,3,516,4886,15617,41759,51414,62504,143,0,0,37,19,57,0,0,35,11,0,9,4,199,0,0,3,10,6654,2835,1018,1010,390,199,285,290,41,72,296,135,57,13,13,0.4261,0.153,0.4209,455,0,0,286,114,0,241,132,247,1475,169,63,140
91808447,0,Freddy,72772,72533,1,239,3,14,9,14,12,10,1,3,3,3,3,3,518,4788,11833,37572,58602,72772,143,0,0,37,19,57,0,0,36,11,0,9,4,199,0,0,3,10,6631,2836,995,1010,390,199,285,290,40,72,296,135,57,13,13,0.4277,0.1501,0.4223,455,0,0,286,114,0,241,132,235,1463,166,63,140
91808447,1,chunhu666,72533,72772,0,-239,3,14,9,14,12,10,1,3,3,3,3,3,518,4788,11738,37448,58398,72533,143,0,0,37,19,57,0,0,36,11,0,9,4,199,0,0,3,10,6631,2836,995,1010,390,199,285,290,40,72,296,135,57,13,13,0.4277,0.1501,0.4223,455,0,0,286,114,0,241,132,235,1463,168,63,140
91808450,0,BHackers,103134,103184,0,-50,3,14,9,14,12,10,1,3,3,3,3,3,518,4855,18658,54886,75573,103134,143,0,0,37,19,57,0,0,36,14,0,9,4,199,0,0,3,10,6631,2836,994,1010,390,199,285,290,41,72,296,135,57,13,13,0.4277,0.1499,0.4224,455,0,0,286,114,0,241,132,235,1463,168,63,140
91808450,1,EdGy2k,103184,103134,1,50,3,14,9,14,12,10,1,3,3,3,3,3,518,4855,18658,54936,75623,103184,143,0,0,37,19,57,0,0,36,14,0,9,4,199,0,0,3,10,6631,2836,994,1010,390,199,285,290,41,72,296,135,57,13,13,0.4277,0.1499,0.4224,455,0,0,286,114,0,241,132,235,1463,168,63,140
91808451,0,saitamad,97448,99105,0,-1657,3,14,9,14,12,9,1,3,3,3,3,3,521,4857,17043,53781,74470,97448,142,0,0,37,19,54,0,0,36,14,0,9,5,198,0,0,3,9,6563,2796,962,986,386,198,292,299,43,71,310,142,49,14,15,0.426,0.1466,0.4274,440,0,0,276,114,0,225,138,239,1432,165,62,159
91808451,1,Hak,99105,97448,1,1657,3,14,9,14,12,10,1,3,3,3,3,3,515,4854,17548,56616,74955,99105,143,0,0,37,19,57,0,0,36,14,0,9,4,199,0,0,3,10,6631,2836,995,1010,390,199,285,290,40,72,296,135,57,13,13,0.4277,0.1501,0.4223,455,0,0,286,114,0,241,132,235,1463,166,63,140
91810320,0,Freddy,63578,64956,0,-1378,3,14,9,14,12,10,1,3,3,3,3,3,518,4803,11822,36903,52865,63578,143,0,0,37,19,57,0,0,35,10,0,9,4,199,0,0,3,10,6631,2835,994,1010,390,199,285,290,42,72,296,135,57,13,13,0.4275,0.1499,0.4226,455,0,0,286,114,0,241,132,235,1463,166,63,140
91810320,1,Efe Can Celiksoy,64956,63578,1,1378,3,14,9,14,12,10,1,3,3,3,3,3,518,4844,11968,37913,54269,64956,143,0,0,37,19,57,0,0,36,11,0,9,4,199,0,0,3,10,6631,2857,962,1009,390,199,285,290,41,72,296,135,69,13,13,0.4309,0.1451,0.4241,455,0,0,286,114,0,241,132,235,1463,176,63,140
91810321,0,Dmitry Belan,90597,90597,0,0,3,14,9,14,12,10,1,3,3,3,3,3,512,7915,21759,53941,76692,90597,143,0,0,37,19,57,0,0,36,14,0,9,4,199,0,0,3,10,6631,2836,995,1010,390,199,285,290,40,72,296,135,57,13,13,0.4277,0.1501,0.4223,455,0,0,286,114,0,241,132,235,1463,168,63,140
91810321,1,Teddy Tennant,90597,90597,0,0,3,14,9,14,12,10,1,3,3,3,3,3,512,7915,21759,53941,76692,90597,143,0,0,37,19,57,0,0,36,14,0,9,4,199,0,0,3,10,6631,2836,995,1010,390,199,285,290,40,72,296,135,57,13,13,0.4277,0.1501,0.4223,455,0,0,286,114,0,241,132,235,1463,168,63,140
91811249,0,EdGy2k,96217,96448,0,-231,3,14,9,14,12,10,1,3,3,3,3,3,518,4855,17332,53207,70648,96217,143,0,0,37,19,57,0,0,36,14,0,9,4,199,0,0,3,10,6631,2835,995,1008,390,199,285,290,43,72,296,135,57,13,13,0.4275,0.1501,0.4224,455,0,0,286,114,0,241,132,235,1463,168,63,140
91811249,1,Haramball forever!,96448,96217,1,231,3,14,9,14,12,10,1,3,3,3,3,3,518,4855,17427,53323,70844,96448,143,0,0,37,19,57,0,0,36,14,0,9,4,199,0,0,3,10,6631,2836,995,1010,390,199,285,290,40,72,296,135,57,13,13,0.4277,0.1501,0.4223,455,0,0,286,114,0,241,132,235,1463,166,63,140
91811276,0,Dmitry Larko,47822,47777,1,45,3,14,9,14,12,10,1,3,3,3,3,3,602,3390,14278,34846,37469,47822,143,0,0,37,19,57,0,0,36,14,0,9,4,199,0,0,3,10,6631,2839,940,1052,392,199,285,290,42,70,298,136,61,14,13,0.4281,0.1418,0.4301,476,0,0,286,114,0,241,132,235,1484,180,63,140
91811276,1,Jince,47777,47822,0,-45,3,14,9,14,12,9,1,3,3,3,3,3,513,4752,14871,35057,37609,47777,142,0,0,37,19,54,0,0,36,14,0,9,5,198,0,0,3,9,6563,2796,961,986,386,198,292,299,44,71,310,142,49,14,15,0.426,0.1464,0.4275,440,0,0,276,114,0,225,138,239,1432,165,62,159
91812247,0,Kaito Fukami,70851,70669,1,182,3,14,9,14,12,10,1,3,3,3,3,3,518,4788,14667,43388,57033,70851,143,0,0,37,19,57,0,0,36,11,0,9,4,199,0,0,3,10,6631,2836,995,1010,390,199,285,290,40,72,296,135,57,13,13,0.4277,0.1501,0.4223,455,0,0,286,114,0,241,132,235,1463,168,63,140
91812247,1,Raunak Dey,70669,70851,0,-182,3,14,9,14,12,10,1,3,3,3,3,3,518,4788,14762,43512,56906,70669,143,0,0,37,19,57,0,0,36,11,0,9,4,199,0,0,3,10,6631,2835,994,1010,390,199,285,290,42,72,296,135,57,13,13,0.4275,0.1499,0.4226,455,0,0,286,114,0,241,132,235,1463,166,63,140
91812250,0,CemBas,82677,90000,0,-7323,3,14,9,14,12,9,1,3,3,3,3,3,513,7939,22789,54353,67226,82677,142,0,0,37,19,54,0,0,36,14,0,9,5,198,0,0,3,9,6586,2638,983,1035,388,198,364,295,42,71,353,141,49,14,15,0.4005,0.1493,0.4502,447,0,0,276,114,0,225,138,241,1441,171,62,159
91812250,1,boatlee,90000,82677,1,7323,3,14,9,14,12,10,1,3,3,3,3,3,503,7732,23073,57905,74297,90000,143,0,0,37,19,57,0,0,36,14,0,7,6,199,0,0,3,10,6631,2836,994,1010,390,199,285,290,41,72,296,135,57,13,13,0.4277,0.1499,0.4224,455,0,0,286,114,0,241,174,235,1505,172,63,140
91813084,0,boatlee,68754,72262,0,-3508,3,12,9,14,12,10,1,3,3,3,3,3,518,3402,14302,39531,53482,68754,143,0,0,37,18,57,0,0,35,8,0,9,4,198,0,0,3,10,6587,2812,982,1005,389,198,284,290,43,72,295,135,56,13,13,0.4269,0.1491,0.424,455,0,0,286,114,0,241,132,235,1463,168,63,140
91813084,1,Lev Neganov,72262,68754,1,3508,3,14,9,14,12,10,1,3,3,3,3,3,518,6263,15952,44839,57645,72262,138,0,0,37,18,54,0,0,35,13,0,10,4,193,0,0,3,10,6716,2876,1031,1017,386,193,285,290,45,72,301,138,50,18,14,0.4282,0.1535,0.4183,459,0,0,299,114,0,218,160,242,1492,175,63,156
91813088,0,Haramball forever!,72976,73767,0,-791,3,14,9,14,12,10,1,3,3,3,3,3,518,5413,16568,45118,58685,72976,143,0,0,37,19,57,0,0,35,14,0,9,4,199,0,0,3,10,6631,2835,995,1010,390,199,285,290,41,72,296,135,57,13,13,0.4275,0.1501,0.4224,455,0,0,286,114,0,241,132,235,1463,166,63,140
91813088,1,Abracadabra,73767,72976,1,791,3,14,9,14,12,9,1,3,3,3,3,3,518,5411,16099,44622,58053,73767,142,0,0,37,19,54,0,0,36,14,0,9,5,198,0,0,3,9,6563,2796,962,986,386,198,292,299,43,71,310,142,49,14,15,0.426,0.1466,0.4274,440,0,0,276,114,0,225,138,239,1432,165,62,159
91813091,0,Abracadabra,91645,91671,0,-26,3,14,9,14,12,9,1,3,3,3,3,3,512,4817,16269,53327,75781,91645,142,0,0,37,19,54,0,0,36,14,0,9,5,198,0,0,3,9,6563,2796,961,986,386,198,292,299,44,71,310,142,49,14,15,0.426,0.1464,0.4275,440,0,0,276,114,0,225,138,239,1432,165,62,159
91813091,1,THUNDER THUNDER,91671,91645,1,26,3,14,11,14,13,10,1,3,3,3,3,3,512,4360,15757,52815,75106,91671,139,0,0,37,19,54,0,0,35,14,0,9,5,195,0,0,3,10,6958,2951,1174,997,384,195,295,296,42,70,311,158,57,14,14,0.4241,0.1687,0.4072,450,0,0,279,114,0,226,132,241,1442,170,67,143
91813184,0,Valmorlee,125308,128379,0,-3071,3,14,9,14,12,9,1,3,3,3,3,3,509,4832,16520,56219,95776,125308,142,0,0,37,19,54,0,0,36,14,0,9,5,198,0,0,3,9,6563,2796,962,986,386,198,292,299,43,71,310,142,49,14,15,0.426,0.1466,0.4274,440,0,0,276,114,0,225,138,239,1432,165,62,159
91813184,1,Ueddy,128379,125308,1,3071,3,14,9,14,12,10,1,3,3,3,3,3,510,4831,17934,58667,98033,128379,143,0,0,37,19,57,0,0,36,14,0,9,4,199,0,0,3,10,6654,2836,1018,1010,390,199,285,290,40,72,296,135,57,13,13,0.4262,0.153,0.4208,455,0,0,286,114,0,241,132,247,1475,170,63,140
91813187,0,Freddy,141408,141037,1,371,3,14,9,14,12,10,1,3,3,3,3,3,512,4905,18054,62993,107062,141408,143,0,0,37,19,57,0,0,36,14,0,9,4,199,0,0,3,10,6631,2836,994,1010,390,199,285,290,41,72,296,135,57,13,13,0.4277,0.1499,0.4224,455,0,0,286,114,0,241,132,235,1463,166,63,140
91813187,1,Ezzzzzekki,141037,141408,0,-371,3,14,9,14,12,10,1,3,3,3,3,3,512,4905,17905,62815,106804,141037,143,0,0,37,19,57,0,0,36,14,0,9,4,199,0,0,3,10,6631,2836,995,1010,390,199,285,290,40,72,296,135,57,13,13,0.4277,0.1501,0.4223,455,0,0,286,114,0,241,132,235,1463,168,63,140
91813189,0,Ueddy,65135,63265,1,1870,3,14,9,14,12,10,1,3,3,3,3,3,510,4852,16928,47632,54185,65135,143,0,0,37,19,57,0,0,36,14,0,9,4,199,0,0,3,10,6654,2836,1018,1010,390,199,285,290,40,72,296,135,57,13,13,0.4262,0.153,0.4208,455,0,0,286,114,0,241,132,250,1478,170,63,140
91813189,1,Gould Research,63265,65135,0,-1870,3,14,10,14,13,10,1,3,3,3,3,3,509,5042,15911,46323,52220,63265,141,0,0,36,19,56,0,0,35,14,0,10,4,196,0,0,3,10,6961,2986,1080,1003,393,196,306,311,36,70,327,165,58,15,15,0.429,0.1552,0.4159,471,0,0,279,114,0,242,130,268,1504,189,66,147
91814010,0,Trex,100536,98901,1,1635,3,14,9,14,12,10,1,3,3,3,3,3,500,6537,17456,54849,85204,100536,138,0,0,37,18,54,0,0,35,13,0,10,4,193,0,0,3,10,6716,2876,1031,1017,386,193,285,290,45,72,301,138,50,18,14,0.4282,0.1535,0.4183,459,0,0,299,114,0,218,160,242,1492,175,63,156
91814010,1,Ezzzzzekki,98901,100536,0,-1635,3,13,9,14,12,10,1,3,3,3,3,3,520,3442,15170,51231,81993,98901,143,0,0,37,18,57,0,0,35,10,0,9,4,198,0,0,3,10,6609,2825,988,1008,389,198,285,290,41,72,296,135,56,13,13,0.4274,0.1495,0.4231,450,0,0,286,114,0,241,132,237,1460,167,63,140
91814105,0,Haramball forever!,80760,80760,0,0,3,14,9,14,12,10,1,3,3,3,3,3,518,4862,15948,47502,66057,80760,143,0,0,37,19,57,0,0,36,12,0,9,4,199,0,0,3,10,6631,2836,995,1010,390,199,285,290,40,72,296,135,57,13,13,0.4277,0.1501,0.4223,455,0,0,286,114,0,241,132,235,1463,166,63,140
91814105,1,Tyooughtul,80760,80760,0,0,3,14,9,14,12,10,1,3,3,3,3,3,518,4862,15948,47502,66057,80760,143,0,0,37,19,57,0,0,36,12,0,9,4,199,0,0,3,10,6631,2836,995,1010,390,199,285,290,40,72,296,135,57,13,13,0.4277,0.1501,0.4223,455,0,0,286,114,0,241,132,235,1463,166,63,140
91814107,0,saitamad,70622,70178,1,444,3,14,9,14,12,9,1,3,3,3,3,3,515,8116,23916,45178,56010,70622,142,0,0,37,19,54,0,0,36,14,0,9,5,198,0,0,3,9,6563,2796,962,986,386,198,292,299,43,71,310,142,49,14,15,0.426,0.1466,0.4274,440,0,0,276,114,0,225,138,239,1432,165,62,159
91814107,1,Teddy Tennant,70178,70622,0,-444,3,14,9,14,12,10,1,3,3,3,3,3,509,8113,24422,46572,57032,70178,143,0,0,37,19,57,0,0,36,14,0,9,4,199,0,0,3,10,6631,2836,995,1010,390,199,285,290,40,72,296,135,57,13,13,0.4277,0.1501,0.4223,455,0,0,286,114,0,241,132,235,1463,168,63,140
91814108,0,chunhu666,76958,77329,0,-371,3,14,9,14,12,10,1,3,3,3,3,3,509,7920,20455,49047,63060,76958,143,0,0,37,19,56,0,0,36,14,0,9,4,199,0,0,3,10,6631,2836,995,1009,390,199,285,290,41,72,296,135,57,13,13,0.4277,0.1501,0.4223,455,0,0,286,114,0,241,132,235,1463,168,63,140
91814108,1,Jince,77329,76958,1,371,3,14,9,14,12,9,1,3,3,3,3,3,515,7923,19969,48387,61910,77329,142,0,0,37,19,54,0,0,36,14,0,9,5,198,0,0,3,9,6563,2796,962,986,386,198,292,299,43,71,310,142,49,14,15,0.426,0.1466,0.4274,440,0,0,276,114,0,225,138,239,1432,165,62,159
91814110,0,Trex,93637,94360,0,-723,3,14,9,14,12,10,1,3,3,3,3,3,508,8345,22731,56277,72001,93637,138,0,0,37,18,54,0,0,35,13,0,10,4,193,0,0,3,10,6716,2876,1031,1017,386,193,285,290,45,72,301,138,50,18,14,0.4282,0.1535,0.4183,459,0,0,299,114,0,218,160,242,1492,175,63,156
91814110,1,Hak,94360,93637,1,723,3,14,9,14,12,10,1,3,3,3,3,3,524,6926,23955,55954,72796,94360,143,0,0,37,19,57,0,0,36,14,0,9,4,199,0,0,3,10,6631,2836,995,1010,390,199,285,290,40,72,296,135,57,13,13,0.4277,0.1501,0.4223,455,0,0,286,114,0,241,132,235,1463,166,63,140
91816813,0,Efe Can Celiksoy,97425,110716,0,-13291,3,14,9,14,12,10,1,3,3,3,3,3,247,4893,18044,52005,75674,97425,143,0,0,37,19,57,0,0,35,13,0,7,4,199,0,0,3,10,6631,2857,962,1010,390,199,285,290,40,72,296,135,69,13,13,0.4309,0.1451,0.4241,455,0,0,286,114,0,241,132,235,1463,174,63,140
91816813,1,Dmitry Larko,110716,97425,1,13291,3,14,9,14,12,10,1,3,3,3,3,3,536,5785,17978,59984,86274,110716,146,0,0,37,19,61,0,0,33,13,0,10,4,202,0,0,3,10,6716,2871,1027,1018,386,202,285,290,45,72,303,139,49,15,14,0.4275,0.1529,0.4196,488,0,0,285,114,0,218,132,245,1482,189,69,156
91816814,0,Dmitry Belan,53974,54264,0,-290,3,14,9,14,12,10,1,3,3,3,3,3,518,4808,13124,32600,41058,53974,143,0,0,37,19,57,0,0,36,11,0,9,4,199,0,0,3,10,6631,2836,995,1010,390,199,285,290,40,72,296,135,57,13,13,0.4277,0.1501,0.4223,455,0,0,286,114,0,241,132,235,1463,168,63,140
91816814,1,Hak,54264,53974,1,290,3,14,9,14,12,10,1,3,3,3,3,3,518,4808,13219,32724,41263,54264,143,0,0,37,19,57,0,0,36,11,0,9,4,199,0,0,3,10,6631,2836,995,1010,390,199,285,290,40,72,296,135,57,13,13,0.4277,0.1501,0.4223,455,0,0,286,114,0,241,132,235,1463,166,63,140
91818617,0,Ak,77405,76761,1,644,3,14,9,14,12,10,1,3,3,3,3,3,518,4862,15748,45349,63095,77405,143,0,0,37,19,57,0,0,36,12,0,9,4,199,0,0,3,10,6631,2836,994,1010,390,199,285,290,41,72,296,135,57,13,13,0.4277,0.1499,0.4224,455,0,0,286,114,0,241,132,235,1463,166,63,140
91818617,1,Ezzzzzekki,76761,77405,0,-644,3,14,9,14,12,10,1,3,3,3,3,3,518,4862,15405,44977,62643,76761,143,0,0,37,19,57,0,0,36,12,0,9,4,199,0,0,3,10,6631,2836,995,1010,390,199,285,290,40,72,296,135,57,13,13,0.4277,0.1501,0.4223,455,0,0,286,114,0,241,132,235,1463,168,63,140
91818722,0,Ezzzzzekki,97976,96075,1,1901,3,14,9,14,12,10,1,3,3,3,3,3,518,4789,16302,52579,80310,97976,143,0,0,37,19,57,0,0,36,14,0,9,4,199,0,0,3,10,6631,2836,995,1010,390,199,285,290,40,72,296,135,57,13,13,0.4277,0.1501,0.4223,455,0,0,286,114,0,241,132,235,1463,168,63,140
91818722,1,Dmitry Bardonov,96075,97976,0,-1901,3,14,9,14,12,9,1,3,3,3,3,3,518,4786,15941,51401,79072,96075,142,0,0,37,19,54,0,0,36,14,0,9,5,198,0,0,3,9,6563,2796,960,986,386,198,292,299,45,71,310,142,49,14,15,0.426,0.1463,0.4277,440,0,0,276,114,0,225,138,239,1432,165,62,159
91818734,0,Dmitry Belan,70672,70672,0,0,3,14,9,14,12,10,1,3,3,3,3,3,512,4831,14702,43557,59822,70672,143,0,0,37,19,57,0,0,36,11,0,9,4,199,0,0,3,10,6631,2836,995,1010,390,199,285,290,40,72,296,135,57,13,13,0.4277,0.1501,0.4223,455,0,0,286,114,0,241,132,235,1463,168,63,140
91818734,1,Kaito Fukami,70672,70672,0,0,3,14,9,14,12,10,1,3,3,3,3,3,512,4831,14702,43557,59822,70672,143,0,0,37,19,57,0,0,36,11,0,9,4,199,0,0,3,10,6631,2836,995,1010,390,199,285,290,40,72,296,135,57,13,13,0.4277,0.1501,0.4223,455,0,0,286,114,0,241,132,235,1463,168,63,140
91819638,0,HealthStone,116807,114344,1,2463,4,9,10,14,12,10,1,3,3,3,3,3,4,6058,24210,59636,85610,116807,128,24,0,27,18,43,24,0,27,13,0,10,7,197,0,0,3,10,7208,3716,657,869,376,197,314,347,34,48,353,171,92,17,17,0.5155,0.0911,0.3933,413,48,0,198,108,0,235,179,301,1482,229,126,162
91819638,1,Dmitry Belan,114344,116807,0,-2463,3,14,9,14,12,10,1,3,3,3,3,3,526,7017,24025,62992,87698,114344,143,0,0,37,19,57,0,0,36,14,0,9,4,199,0,0,3,10,6631,2836,995,1010,390,199,285,290,40,72,296,135,57,13,13,0.4277,0.1501,0.4223,455,0,0,286,114,0,241,132,235,1463,168,63,140
91819640,0,Abracadabra,77020,76995,1,25,3,14,9,14,12,9,1,3,3,3,3,3,512,4747,15483,39900,55616,77020,142,0,0,37,19,54,0,0,36,14,0,9,5,198,0,0,3,9,6563,2796,962,986,386,198,292,299,43,71,310,142,49,14,15,0.426,0.1466,0.4274,440,0,0,276,114,0,225,138,239,1432,165,62,159
91819640,1,Valmorlee,76995,77020,0,-25,3,14,9,14,12,9,1,3,3,3,3,3,512,4747,15483,39900,55616,76995,142,0,0,37,19,54,0,0,36,14,0,9,5,198,0,0,3,9,6563,2796,962,986,386,198,292,299,43,71,310,142,49,14,15,0.426,0.1466,0.4274,440,0,0,276,114,0,225,138,239,1432,165,62,159
91819641,0,Kaito Fukami,77949,79887,0,-1938,3,14,9,14,12,10,1,3,3,3,3,3,512,7325,23767,56895,65972,77949,143,0,0,37,19,57,0,0,36,14,0,9,4,199,0,0,3,10,6631,2836,995,1010,390,199,285,290,40,72,296,135,57,13,13,0.4277,0.1501,0.4223,455,0,0,286,114,0,241,132,235,1463,168,63,140
91819641,1,THUNDER THUNDER,79887,77949,1,1938,3,14,12,14,14,10,1,3,3,3,3,3,512,6217,23416,55144,66938,79887,146,0,0,32,19,57,0,0,31,14,0,10,7,197,0,0,3,10,7134,3091,996,971,392,197,360,366,42,62,387,175,61,17,17,0.4333,0.1396,0.4271,434,0,0,244,110,0,253,197,325,1563,179,68,165
91819690,0,HealthStone,76336,74693,1,1643,4,9,10,14,12,10,1,3,3,3,3,3,1,4990,18435,47582,62335,76336,143,1,0,33,17,48,1,0,33,12,0,9,4,194,0,0,3,10,7006,3625,693,908,374,194,226,274,35,54,312,187,98,13,13,0.5174,0.0989,0.3837,403,3,0,224,102,0,232,82,257,1303,203,116,140
91819690,1,Valmorlee,74693,76336,0,-1643,3,14,9,14,12,9,1,3,3,3,3,3,526,4699,15780,46073,59866,74693,142,0,0,37,19,54,0,0,34,12,0,9,5,198,0,0,3,9,6563,2796,962,986,386,198,292,299,43,71,310,142,49,14,15,0.426,0.1466,0.4274,440,0,0,276,114,0,225,138,239,1432,165,62,159
91819692,0,Freddy,73786,75409,0,-1623,3,12,9,14,12,10,1,3,3,3,3,3,524,3358,10779,35334,57707,73786,143,0,0,37,18,57,0,0,35,9,0,9,4,198,0,0,3,10,6587,2813,983,1005,389,198,284,290,41,72,295,135,56,13,13,0.4271,0.1492,0.4237,455,0,0,286,114,0,241,132,235,1463,168,63,140
91819692,1,Trex,75409,73786,1,1623,3,14,9,14,12,10,1,3,3,3,3,3,508,6202,12845,39381,60352,75409,138,0,0,37,18,54,0,0,35,13,0,10,4,193,0,0,3,10,6716,2876,1030,1017,386,193,285,290,46,72,301,138,50,18,14,0.4282,0.1534,0.4184,459,0,0,299,114,0,218,160,242,1492,175,63,156
91819693,0,Teddy Tennant,73859,86200,0,-12341,3,14,9,14,12,10,1,3,3,3,3,3,518,7037,19406,47835,59090,73859,143,0,0,37,19,57,0,0,36,14,0,9,4,199,0,0,3,10,6631,2836,995,1010,390,199,285,290,40,72,296,135,57,13,13,0.4277,0.1501,0.4223,455,0,0,286,114,0,241,132,235,1463,168,63,140
91819693,1,Gould Research,86200,73859,1,12341,3,14,12,14,13,10,1,3,3,3,3,3,518,5917,18772,48700,62676,86200,144,0,0,32,19,58,0,0,31,14,0,8,9,195,0,0,3,10,7157,3055,1085,973,391,195,350,356,37,62,375,180,64,17,17,0.4269,0.1516,0.4215,453,0,0,246,114,0,214,227,324,1578,188,66,168
91819695,0,Ueddy,94299,74700,1,19599,3,14,11,14,14,10,1,3,3,3,3,3,510,7921,22878,53973,71798,94299,148,0,0,31,21,57,0,0,31,14,0,6,11,200,0,0,3,10,7149,3048,1055,974,384,200,379,366,41,62,369,181,56,17,17,0.4264,0.1476,0.4261,427,0,0,247,116,0,150,275,307,1522,182,70,158
91819695,1,Abracadabra,74700,94299,0,-19599,3,14,9,14,12,9,1,3,3,3,3,3,509,8108,21047,48072,58907,74700,141,0,0,37,19,54,0,0,36,14,0,9,5,197,0,0,3,9,6563,2796,962,986,386,197,292,299,44,71,310,142,49,14,15,0.426,0.1466,0.4274,440,0,0,276,114,0,225,138,239,1432,165,62,159
91820643,0,Tyooughtul,121073,120831,1,242,3,14,9,14,12,10,1,3,3,3,3,3,518,4887,17186,58994,94529,121073,143,0,0,37,19,57,0,0,35,14,0,9,4,199,0,0,3,10,6631,2836,995,1010,390,199,284,290,41,72,296,135,57,13,13,0.4277,0.1501,0.4223,455,0,0,286,114,0,241,132,235,1463,166,63,140
91820643,1,chunhu666,120831,121073,0,-242,3,14,9,14,12,10,1,3,3,3,3,3,518,4887,17091,58869,94324,120831,143,0,0,37,19,57,0,0,35,14,0,9,4,199,0,0,3,10,6631,2836,994,1010,390,199,285,290,41,72,296,135,57,13,13,0.4277,0.1499,0.4224,455,0,0,286,114,0,241,132,235,1463,168,63,140
91820646,0,Jince,74892,75525,0,-633,3,14,9,14,12,9,1,3,3,3,3,3,503,8082,23770,51106,61027,74892,142,0,0,37,19,54,0,0,36,14,0,9,5,198,0,0,3,9,6563,2796,962,986,386,198,292,299,43,71,310,142,49,14,15,0.426,0.1466,0.4274,440,0,0,276,114,0,225,138,239,1432,165,62,159
91820646,1,CemBas,75525,74892,1,633,3,14,9,14,12,9,1,3,3,3,3,3,513,8098,23915,51383,61381,75525,142,0,0,37,19,54,0,0,36,14,0,9,5,198,0,0,3,9,6586,2637,982,1035,388,198,364,295,44,71,353,141,49,14,15,0.4004,0.1491,0.4505,447,0,0,276,114,0,225,138,241,1441,209,62,159
91823433,0,Abracadabra,64807,64333,1,474,3,14,9,14,12,9,1,3,3,3,3,3,512,7201,19021,39718,49873,64807,142,0,0,37,19,54,0,0,36,14,0,9,5,198,0,0,3,9,6563,2796,961,986,386,198,292,299,44,71,310,142,49,14,15,0.426,0.1464,0.4275,440,0,0,276,114,0,225,138,239,1432,165,62,159
91823433,1,Efe Can Celiksoy,64333,64807,0,-474,3,14,9,14,12,10,1,3,3,3,3,3,512,7330,19854,40662,50818,64333,143,0,0,37,19,57,0,0,35,14,0,9,4,199,0,0,3,10,6631,2857,961,1009,390,199,285,290,42,72,296,135,69,13,13,0.4309,0.1449,0.4242,455,0,0,286,114,0,241,132,235,1463,175,63,140
91823436,0,Yvonne.,85152,90647,0,-5495,3,14,9,14,12,10,1,3,3,3,3,3,515,7918,21722,52094,68068,85152,143,0,0,37,19,57,0,0,36,14,0,9,4,199,0,0,3,10,6631,2836,994,1010,390,199,285,290,41,72,296,135,57,13,13,0.4277,0.1499,0.4224,469,0,0,286,114,0,241,132,238,1480,178,63,140
91823436,1,Hak,90647,85152,1,5495,3,14,9,14,12,10,1,3,3,3,3,3,506,7708,21605,52878,72089,90647,143,0,0,37,19,57,0,0,36,14,0,7,6,199,0,0,3,10,6631,2835,995,1009,390,199,285,290,42,72,296,135,57,13,13,0.4275,0.1501,0.4224,455,0,0,286,114,0,241,162,235,1493,172,63,140
91823439,0,Dmitry Larko,101467,88847,1,12620,3,14,9,14,12,10,1,3,3,3,3,3,538,5752,17834,55170,74374,101467,146,0,0,37,19,61,0,0,33,13,0,10,4,202,0,0,3,10,6716,2871,1028,1019,386,202,285,290,43,72,303,139,49,15,14,0.4275,0.1531,0.4194,488,0,0,285,114,0,218,132,245,1482,189,69,156
91823439,1,Abracadabra,88847,101467,0,-12620,3,14,9,14,12,9,1,3,3,3,3,3,250,4907,16707,45631,63745,88847,142,0,0,37,19,54,0,0,35,14,0,7,4,198,0,0,3,9,6563,2796,962,985,386,198,292,299,44,71,310,142,49,14,15,0.426,0.1466,0.4274,440,0,0,276,114,0,225,138,239,1432,165,62,159
91825227,0,EdGy2k,69092,73661,0,-4569,3,14,9,14,12,10,1,3,3,3,3,3,247,6021,17985,43640,54646,69092,143,0,0,37,19,57,0,0,32,14,0,9,4,199,0,0,3,10,6631,2836,995,1010,390,199,285,290,40,72,296,135,57,13,13,0.4277,0.1501,0.4223,455,0,0,286,114,0,241,132,235,1463,168,63,140
91825227,1,Dmitry Larko,73661,69092,1,4569,3,14,9,14,12,10,1,3,3,3,3,3,536,8021,19713,46484,59169,73661,146,0,0,37,19,61,0,0,35,14,0,10,4,202,0,0,3,10,6716,2871,1028,1018,386,202,285,290,44,72,303,139,49,15,14,0.4275,0.1531,0.4194,488,0,0,285,114,0,218,132,245,1482,190,69,156
91825240,0,Haramball forever!,110399,113626,0,-3227,3,14,9,14,12,10,1,3,3,3,3,3,518,7267,24252,66553,92687,110399,143,0,0,37,19,57,0,0,36,14,0,7,6,199,0,0,3,10,6631,2836,995,1010,390,199,285,290,40,72,296,135,57,13,13,0.4277,0.1501,0.4223,455,0,0,286,114,0,241,174,235,1505,172,63,140
91825240,1,Gould Research,113626,110399,1,3227,3,14,12,14,13,10,1,3,3,3,3,3,518,6355,23855,67109,92074,113626,144,0,0,32,19,58,0,0,31,14,0,8,9,195,0,0,3,10,7157,3055,1085,973,391,195,350,356,37,62,375,180,64,17,17,0.4269,0.1516,0.4215,460,0,0,246,114,0,214,217,318,1569,188,66,168
91826187,0,Dmitry Belan,79744,79211,1,533,3,14,9,14,12,10,1,3,3,3,3,3,512,7515,24526,55575,66793,79744,143,0,0,37,19,57,0,0,35,14,0,9,4,199,0,0,3,10,6631,2835,995,1010,390,199,285,290,41,72,296,135,57,13,13,0.4275,0.1501,0.4224,455,0,0,286,114,0,241,132,235,1463,168,63,140
91826187,1,Ezzzzzekki,79211,79744,0,-533,3,14,9,14,12,10,1,3,3,3,3,3,512,7516,24429,55478,66717,79211,143,0,0,37,19,57,0,0,36,14,0,9,4,199,0,0,3,10,6631,2836,995,1010,390,199,285,290,40,72,296,135,57,13,13,0.4277,0.1501,0.4223,455,0,0,286,114,0,241,132,235,1463,170,63,140
91827096,0,Lev Neganov,89753,90434,0,-681,3,14,9,14,12,10,1,3,3,3,3,3,522,5808,16147,51682,68056,89753,138,0,0,35,18,54,0,0,33,13,0,10,4,191,0,0,3,10,6716,2876,1033,1017,386,191,285,290,45,72,301,138,50,18,14,0.4282,0.1538,0.418,459,0,0,299,114,0,218,160,242,1492,175,63,156
91827096,1,HealthStone,90434,89753,1,681,4,9,10,14,12,10,1,3,3,3,3,3,5,3184,16796,49780,68775,90434,104,50,0,33,17,33,37,0,33,11,0,9,4,204,0,0,3,10,6979,3569,745,889,368,204,235,276,45,54,314,162,92,13,13,0.5114,0.1067,0.3819,404,87,0,221,101,0,230,77,257,1377,240,127,179
91827097,0,boatlee,78710,78559,1,151,3,14,9,14,12,10,1,3,3,3,3,3,518,4808,16570,51653,67294,78710,143,0,0,37,19,56,0,0,36,13,0,9,4,199,0,0,3,10,6631,2836,995,1009,390,199,285,290,41,72,296,135,57,13,13,0.4277,0.1501,0.4223,455,0,0,286,114,0,241,132,235,1463,166,63,140
91827097,1,Teddy Tennant,78559,78710,0,-151,3,14,9,14,12,10,1,3,3,3,3,3,518,4808,16475,51529,67090,78559,143,0,0,37,19,57,0,0,36,13,0,9,4,199,0,0,3,10,6631,2836,995,1010,390,199,285,290,40,72,296,135,57,13,13,0.4277,0.1501,0.4223,455,0,0,286,114,0,241,132,235,1463,168,63,140
91827101,0,Abracadabra,68580,72884,0,-4304,3,14,9,14,12,9,1,3,3,3,3,3,518,7038,20060,41261,52064,68580,142,0,0,37,19,54,0,0,36,14,0,9,5,198,0,0,3,9,6563,2796,962,986,386,198,292,299,43,71,310,142,49,14,15,0.426,0.1466,0.4274,440,0,0,276,114,0,225,138,239,1432,165,62,159
91827101,1,THUNDER THUNDER,72884,68580,1,4304,3,14,12,14,13,10,1,3,3,3,3,3,518,5918,19973,42147,55971,72884,147,0,0,32,19,57,0,0,31,14,0,10,7,198,0,0,3,10,7196,3108,1043,974,393,198,359,368,41,61,385,175,57,17,17,0.4319,0.1449,0.4232,427,0,0,231,114,0,252,197,324,1545,172,70,155
91827142,0,Valmorlee,106742,116139,0,-9397,3,14,9,14,12,9,1,3,3,3,3,3,512,8094,24870,65189,86511,106742,142,0,0,37,19,54,0,0,36,14,0,9,5,198,0,0,3,9,6563,2796,962,986,386,198,292,299,43,71,310,142,49,14,15,0.426,0.1466,0.4274,440,0,0,276,114,0,225,138,239,1432,165,62,159
91827142,1,THUNDER THUNDER,116139,106742,1,9397,3,14,11,14,12,10,1,3,3,3,3,3,512,7131,26354,67625,95558,116139,145,0,0,31,19,58,0,0,31,14,0,10,7,195,0,0,3,10,7028,2916,1077,971,392,195,353,362,39,62,380,180,67,17,17,0.4149,0.1532,0.4318,433,0,0,248,111,0,236,197,318,1543,185,68,169
91827144,0,Ezzzzzekki,71514,67381,1,4133,3,14,9,14,12,10,1,3,3,3,3,3,522,4907,15444,45794,60466,71514,143,0,0,37,19,57,0,0,34,11,0,9,4,199,0,0,3,10,6631,2836,995,1010,390,199,285,290,40,72,296,135,57,13,13,0.4277,0.1501,0.4223,450,0,0,286,114,0,241,132,236,1459,165,63,140
91827144,1,HealthStone,67381,71514,0,-4133,4,10,10,14,12,10,1,3,3,3,3,3,5,4694,20525,44187,58728,67381,137,0,0,38,16,48,0,0,38,11,0,8,4,191,0,0,3,10,7006,3656,739,929,394,191,185,238,31,65,298,159,97,12,12,0.5218,0.1055,0.3727,435,0,0,274,95,0,171,81,232,1288,205,106,135
91827146,0,chunhu666,77506,85369,0,-7863,3,14,9,14,12,10,1,3,3,3,3,3,518,7035,21849,51601,63151,77506,143,0,0,37,19,57,0,0,36,14,0,9,4,199,0,0,3,10,6631,2836,995,1010,390,199,285,290,40,72,296,135,57,13,13,0.4277,0.1501,0.4223,455,0,0,286,114,0,241,132,235,1463,168,63,140
91827146,1,Freddy,85369,77506,1,7863,3,14,9,14,12,10,1,3,3,3,3,3,518,6835,21744,54624,69518,85369,143,0,0,37,19,57,0,0,36,14,0,7,6,199,0,0,3,10,6631,2836,995,1010,390,199,285,290,40,72,296,135,57,13,13,0.4277,0.1501,0.4223,455,0,0,286,114,0,241,174,235,1505,172,63,140
91827150,0,Ueddy,91896,92136,0,-240,3,14,9,14,12,10,1,3,3,3,3,3,516,4802,16526,48022,71458,91896,142,0,0,36,19,57,0,0,34,11,0,9,4,197,0,0,3,10,6654,2836,1018,1009,390,197,285,290,43,72,296,135,57,13,13,0.4262,0.153,0.4208,455,0,0,286,114,0,241,132,258,1486,169,63,140
91827150,1,THUNDER THUNDER,92136,91896,1,240,3,14,9,14,12,10,1,3,3,3,3,3,515,4534,14792,49191,70961,92136,145,0,0,37,19,57,0,0,36,14,0,9,4,201,0,0,3,10,6608,2835,990,1011,385,201,279,285,43,70,291,140,51,13,14,0.429,0.1498,0.4212,478,0,0,277,114,0,211,132,221,1433,167,69,162
91828093,0,Jince,76959,77371,0,-412,3,14,9,14,12,9,1,3,3,3,3,3,521,4713,13002,41639,61467,76959,142,0,0,37,19,54,0,0,36,12,0,9,5,198,0,0,3,9,6563,2796,962,986,386,198,292,299,43,71,310,142,49,14,15,0.426,0.1466,0.4274,440,0,0,276,114,0,225,138,239,1432,165,62,159
91828093,1,Valmorlee,77371,76959,1,412,3,14,9,14,12,9,1,3,3,3,3,3,515,4707,13100,41916,61820,77371,142,0,0,37,19,54,0,0,36,12,0,9,5,198,0,0,3,9,6563,2796,962,986,386,198,292,299,43,71,310,142,49,14,15,0.426,0.1466,0.4274,440,0,0,276,114,0,225,138,239,1432,165,62,159
91828096,0,Trex,106714,109035,0,-2321,3,14,9,14,12,10,1,3,3,3,3,3,497,8396,22494,62527,92008,106714,138,0,0,37,18,54,0,0,35,13,0,10,4,193,0,0,3,10,6716,2875,1031,1017,386,193,285,290,46,72,301,138,50,18,14,0.4281,0.1535,0.4184,459,0,0,299,114,0,218,160,242,1492,175,63,156
91828096,1,saitamad,109035,106714,1,2321,3,14,9,14,12,9,1,3,3,3,3,3,523,6976,23102,62832,91736,109035,142,0,0,37,19,54,0,0,36,14,0,9,5,198,0,0,3,9,6563,2796,961,986,386,198,292,299,44,71,310,142,49,14,15,0.426,0.1464,0.4275,440,0,0,276,114,0,225,138,239,1432,165,62,159
91476157,0,chungkuangwen,71757,72794,0,-1037,3,14,10,14,13,10,1,3,3,3,3,3,507,5480,18339,42324,54010,71757,147,0,0,38,17,59,0,0,33,12,0,9,6,202,0,0,3,10,7001,3007,1079,1001,389,202,327,315,44,73,319,165,51,15,14,0.4295,0.1541,0.4164,446,0,0,284,102,0,223,147,246,1448,181,70,158
91476157,1,DL,72794,71757,1,1037,3,14,10,14,13,10,1,3,3,3,3,3,507,5480,18339,42324,54814,72794,147,0,0,38,17,59,0,0,33,12,0,9,6,202,0,0,3,10,7001,3007,1090,992,389,202,327,315,44,71,319,165,51,15,14,0.4295,0.1557,0.4148,446,0,0,284,102,0,223,147,248,1450,182,70,158
91476165,0,Valmorlee,64005,65033,0,-1028,3,14,9,14,12,9,1,3,3,3,3,3,518,4724,15119,43761,52676,64005,142,0,0,37,19,54,0,0,36,14,0,9,5,198,0,0,3,9,6563,2796,962,986,386,198,292,299,43,71,310,142,49,14,15,0.426,0.1466,0.4274,440,0,0,276,114,0,225,138,239,1432,165,62,159
91476165,1,THUNDER THUNDER,65033,64005,1,1028,3,14,9,14,12,10,1,3,3,3,3,3,518,4722,14804,43254,53192,65033,147,0,0,37,19,57,0,0,36,14,0,9,4,203,0,0,3,10,6604,2813,988,1007,387,203,287,293,44,69,305,134,48,13,13,0.426,0.1496,0.4244,454,0,0,271,114,0,226,132,236,1433,156,66,143
91476211,0,青烟,51247,46610,1,4637,3,14,9,14,12,10,1,3,3,3,3,3,509,5793,15645,40684,43419,51247,146,0,0,37,19,61,0,0,29,11,0,10,4,202,0,0,3,10,6716,2868,1033,1019,386,202,285,290,43,72,303,138,49,14,14,0.427,0.1538,0.4191,459,0,0,285,114,0,218,132,245,1453,171,69,156
91476211,1,Freddy,46610,51247,0,-4637,3,14,10,14,13,10,1,3,3,3,3,3,510,5487,14798,37360,39148,46610,147,0,0,38,17,59,0,0,31,7,0,9,6,202,0,0,3,10,7001,3007,1090,992,389,202,327,315,44,71,319,165,51,15,14,0.4295,0.1557,0.4148,446,0,0,284,102,0,223,147,248,1450,182,70,158
91477087,0,infamemconculcemus,51734,56458,0,-4724,3,14,9,14,12,10,1,3,3,3,3,3,253,5719,14368,32124,38303,51734,140,0,0,39,17,58,0,0,28,9,0,8,4,196,0,0,3,10,6739,2850,1039,998,388,196,300,306,45,75,318,144,50,15,15,0.4229,0.1542,0.4229,425,0,0,295,102,0,230,138,243,1433,172,67,160
91477087,1,VN-Orion,56458,51734,1,4724,3,14,10,14,13,10,1,3,3,3,3,3,515,5482,13720,35273,42334,56458,147,0,0,38,17,59,0,0,30,10,0,9,6,202,0,0,3,10,7001,3007,1090,991,389,202,327,315,45,71,319,165,51,15,14,0.4295,0.1557,0.4148,446,0,0,284,102,0,223,147,248,1450,182,70,158
91477199,0,brocade,60954,59884,1,1070,3,14,9,14,12,10,1,3,3,3,3,3,516,6016,16900,38936,48118,60954,146,0,0,36,23,57,0,0,32,14,0,9,4,205,0,0,3,10,6815,2926,1038,1026,394,205,307,302,40,71,299,131,49,13,14,0.4293,0.1523,0.4183,431,0,0,277,132,0,228,132,235,1435,164,78,147
91477199,1,Valmorlee,59884,60954,0,-1070,3,14,9,14,12,10,1,3,3,3,3,3,515,5320,14659,36458,45457,59884,144,0,0,39,17,60,0,0,35,12,0,8,4,200,0,0,3,10,6760,2881,1076,1019,399,200,280,286,42,76,299,133,44,12,13,0.4262,0.1592,0.4146,450,0,0,303,102,0,221,132,223,1431,155,68,142
91478030,0,VN-Orion,119919,118428,1,1491,3,14,9,14,12,10,1,3,3,3,3,3,512,5765,16801,58575,91707,119919,146,0,0,37,19,61,0,0,29,12,0,10,4,202,0,0,3,10,6716,2868,1033,1019,386,202,285,290,43,72,303,138,49,14,14,0.427,0.1538,0.4191,459,0,0,285,114,0,218,132,245,1453,171,69,156
91478030,1,Efe Can Celiksoy,118428,119919,0,-1491,3,14,9,14,12,10,1,3,3,3,3,3,512,5796,16856,57926,90424,118428,146,0,0,37,19,61,0,0,28,12,0,10,4,202,0,0,3,10,6716,2891,1000,1018,386,202,285,290,44,72,303,138,59,14,14,0.4305,0.1489,0.4206,459,0,0,285,114,0,218,132,246,1454,179,69,156
91478137,0,Wufang Hong,109386,106632,1,2754,3,14,9,14,12,10,1,3,3,3,3,3,522,5789,16947,57034,83199,109386,146,0,0,37,19,61,0,0,29,7,0,10,4,202,0,0,3,10,6716,2868,1033,1019,386,202,285,290,43,72,303,138,49,14,14,0.427,0.1538,0.4191,459,0,0,285,114,0,218,132,245,1453,171,69,156
91478137,1,HealthStone,106632,109386,0,-2754,4,10,10,14,12,10,1,3,3,3,3,3,5,4851,21176,55196,84474,106632,133,0,0,37,17,45,0,0,37,12,0,8,4,187,0,0,3,10,7075,3626,878,894,376,187,217,259,33,65,300,133,83,12,12,0.5125,0.1241,0.3634,401,0,0,264,101,0,216,79,234,1295,202,113,151
91478164,0,HealthStone,58406,54224,1,4182,4,9,10,12,12,10,1,3,3,3,3,3,3,6341,15226,33083,46845,58406,125,0,0,38,15,45,0,0,38,10,0,8,4,178,0,0,3,10,6629,3460,699,874,358,178,176,211,31,62,277,179,99,13,12,0.5219,0.1054,0.3726,415,0,0,254,90,0,126,93,218,1196,183,111,133
91478164,1,Gbining,54224,58406,0,-4182,3,14,10,14,13,10,1,3,3,3,3,3,521,5535,10514,30381,40323,54224,147,0,0,38,17,59,0,0,29,6,0,8,6,202,0,0,3,10,7001,3007,1271,881,389,202,308,296,45,57,300,165,51,15,14,0.4295,0.1815,0.3889,460,0,0,284,102,0,223,147,246,1462,182,70,158
91478166,0,brocade,128133,130595,0,-2462,3,14,9,14,12,10,1,3,3,3,3,3,516,7478,22993,69392,99982,128133,146,0,0,36,23,57,0,0,36,14,0,9,4,205,0,0,3,10,6815,2926,1038,1026,394,205,307,302,40,71,299,131,49,13,14,0.4293,0.1523,0.4183,431,0,0,277,132,0,228,132,228,1428,162,78,147
91478166,1,Elzandi Irfan Zikra,130595,128133,1,2462,3,14,10,14,12,10,1,3,3,3,3,3,515,6501,23239,67689,101004,130595,144,0,0,39,16,58,0,0,38,11,0,9,5,199,0,0,3,10,7022,2968,1160,990,402,199,305,313,50,76,324,156,51,14,14,0.4227,0.1652,0.4121,418,0,0,302,96,0,239,145,248,1448,168,74,149
91478168,0,THUNDER THUNDER,85378,79122,1,6256,3,14,11,14,12,10,1,3,3,3,3,3,462,6969,21501,43864,59969,85378,147,0,0,31,19,58,0,0,31,14,0,6,11,197,0,0,3,10,6954,2930,1045,970,375,197,342,351,43,62,367,175,62,18,17,0.4213,0.1503,0.4284,433,0,0,246,114,0,155,261,305,1514,188,64,160
91478168,1,Seb (allegedly),79122,85378,0,-6256,7,11,12,12,12,0,2,4,4,4,4,4,25,3730,4323,31440,57805,79122,18,0,0,41,19,14,0,0,41,14,0,5,19,78,0,0,4,0,7583,3903,926,593,327,78,397,424,0,74,402,222,189,24,24,0.5147,0.1221,0.3632,72,0,0,282,114,0,126,325,328,1247,263,24,253
91478170,0,Stocks152,66990,65604,1,1386,3,14,9,14,12,10,1,3,3,3,3,3,515,5733,14158,39912,54824,66990,146,0,0,37,19,61,0,0,29,8,0,10,4,202,0,0,3,10,6716,2868,1033,1019,386,202,285,290,44,72,303,138,48,14,14,0.427,0.1538,0.4191,459,0,0,285,114,0,218,132,245,1453,171,69,156
91478170,1,VN-Orion,65604,66990,0,-1386,3,14,10,14,13,10,1,3,3,3,3,3,516,5497,13536,38605,54165,65604,147,0,0,38,17,59,0,0,31,9,0,8,6,202,0,0,3,10,7001,3007,1088,992,389,202,327,315,46,71,319,165,51,15,14,0.4295,0.1554,0.4151,446,0,0,284,102,0,223,147,248,1450,182,70,158
91478181,0,Efe Can Celiksoy,74253,63693,1,10560,3,14,9,14,12,10,1,3,3,3,3,3,523,5757,15510,46807,61462,74253,146,0,0,37,19,61,0,0,28,14,0,10,4,202,0,0,3,10,6716,2868,1033,1018,386,202,285,290,44,72,303,138,49,14,14,0.427,0.1538,0.4191,459,0,0,285,114,0,218,132,247,1455,173,69,156
91478181,1,Zakaria Settar,63693,74253,0,-10560,3,14,9,14,11,9,1,3,3,3,3,3,256,4597,14422,38551,51974,63693,140,0,0,38,19,56,0,0,33,14,0,6,5,197,0,0,3,9,6586,2781,987,993,391,197,291,299,44,72,311,143,49,14,14,0.4223,0.1499,0.4279,445,0,0,286,114,0,220,144,237,1446,162,67,158
91478949,0,Efe Can Celiksoy,98521,111092,0,-12571,3,14,9,14,12,10,1,3,3,3,3,3,512,5796,16467,52636,81031,98521,146,0,0,37,19,61,0,0,28,11,0,10,4,202,0,0,3,10,6716,2891,1000,1018,386,202,285,290,44,72,303,138,59,14,14,0.4305,0.1489,0.4206,459,0,0,285,114,0,218,132,246,1454,176,69,156
91478949,1,Valmorlee,111092,98521,1,12571,3,14,9,14,12,9,1,3,3,3,3,3,512,4799,17242,53511,87785,111092,142,0,0,37,19,54,0,0,36,14,0,9,5,198,0,0,3,9,6563,2796,962,986,386,198,292,299,43,71,310,142,49,14,15,0.426,0.1466,0.4274,440,0,0,276,114,0,225,138,239,1432,165,62,159
91478954,0,Valmorlee,125194,113384,1,11810,3,14,9,14,12,9,1,3,3,3,3,3,515,4858,17319,57226,95486,125194,142,0,0,37,19,54,0,0,36,14,0,9,5,198,0,0,3,9,6563,2796,962,986,386,198,292,299,43,71,310,142,49,14,15,0.426,0.1466,0.4274,440,0,0,276,114,0,225,138,239,1432,165,62,159
91478954,1,Latifa Riziki,113384,125194,0,-11810,3,14,9,14,12,10,1,3,3,3,3,3,516,6041,18419,57352,85688,113384,146,0,0,36,23,57,0,0,27,13,0,9,4,205,0,0,3,10,6815,2926,1038,1026,394,205,307,302,40,71,299,131,49,13,14,0.4293,0.1523,0.4183,431,0,0,277,132,0,228,132,244,1444,166,78,147
91479027,0,DL,93480,97279,0,-3799,3,14,9,14,12,10,1,3,3,3,3,3,515,5794,17040,51282,66821,93480,146,0,0,37,19,61,0,0,29,10,0,9,4,202,0,0,3,10,6716,2867,1033,1019,386,202,285,290,44,72,303,138,49,14,14,0.4269,0.1538,0.4193,459,0,0,285,114,0,218,132,245,1453,171,69,156
91479027,1,Mohammed Nomaan,97279,93480,1,3799,3,14,10,14,13,10,1,3,3,3,3,3,516,5479,16066,51317,69184,97279,147,0,0,38,17,59,0,0,31,8,0,9,6,202,0,0,3,10,7001,3007,1090,992,389,202,327,315,44,71,319,165,51,15,14,0.4295,0.1557,0.4148,446,0,0,284,102,0,223,147,248,1450,182,70,158
91479819,0,Nikita Lugovoy,62265,59924,1,2341,3,14,9,14,11,9,1,3,3,3,3,3,509,7904,19426,36517,46055,62265,140,0,0,38,19,56,0,0,35,14,0,8,6,197,0,0,3,9,6563,2781,964,993,391,197,291,299,44,72,311,143,49,14,14,0.4237,0.1469,0.4294,445,0,0,286,114,0,220,144,237,1446,162,67,157
91479819,1,Stocks152,59924,62265,0,-2341,3,14,10,14,13,10,1,3,3,3,3,3,510,7361,18263,34880,44666,59924,147,0,0,38,17,59,0,0,36,12,0,9,6,202,0,0,3,10,7001,3007,1089,992,389,202,327,315,45,71,319,165,51,15,14,0.4295,0.1555,0.4149,446,0,0,284,102,0,223,147,248,1450,182,70,158
91480774,0,Stocks152,68100,68541,0,-441,3,14,9,14,12,10,1,3,3,3,3,3,518,5731,14371,39577,54014,68100,146,0,0,37,19,61,0,0,28,8,0,10,4,202,0,0,3,10,6716,2868,1033,1018,386,202,285,290,44,72,303,138,49,14,14,0.427,0.1538,0.4191,459,0,0,285,114,0,218,132,245,1453,171,69,156
91480774,1,ShaoCharles,68541,68100,1,441,3,14,9,14,12,10,1,3,3,3,3,3,518,5319,13874,38810,53476,68541,144,0,0,39,17,60,0,0,31,9,0,8,4,200,0,0,3,10,6760,2887,1070,1019,399,200,280,286,42,76,299,133,44,12,13,0.4271,0.1583,0.4146,455,0,0,303,102,0,221,132,237,1450,157,68,142
91481652,0,Stocks152,85402,89897,0,-4495,3,14,9,14,12,10,1,3,3,3,3,3,512,5812,16526,55713,71907,85402,146,0,0,37,19,61,0,0,29,11,0,10,4,202,0,0,3,10,6716,2868,1033,1019,386,202,285,290,43,72,303,138,49,14,14,0.427,0.1538,0.4191,459,0,0,285,114,0,218,132,245,1453,171,69,156
91481652,1,Nikita Lugovoy,89897,85402,1,4495,3,14,9,14,11,9,1,3,3,3,3,3,512,4854,16085,53616,73528,89897,140,0,0,38,19,56,0,0,36,14,0,8,6,197,0,0,3,9,6563,2781,964,994,391,197,291,299,43,72,311,143,49,14,14,0.4237,0.1469,0.4294,445,0,0,286,114,0,220,144,237,1446,162,67,157
91481682,0,Wufang Hong,82462,86010,0,-3548,3,14,9,14,12,10,1,3,3,3,3,3,518,5805,15813,50042,67051,82462,146,0,0,37,19,61,0,0,29,9,0,10,4,202,0,0,3,10,6716,2868,1033,1019,386,202,285,290,43,72,303,138,49,14,14,0.427,0.1538,0.4191,459,0,0,285,114,0,218,132,245,1453,171,69,156
91481682,1,ShaoCharles,86010,82462,1,3548,3,14,9,14,12,10,1,3,3,3,3,3,518,5313,15665,51408,70017,86010,144,0,0,39,17,59,0,0,31,11,0,8,4,200,0,0,3,10,6760,2887,1070,1019,399,200,280,286,42,76,299,133,44,12,13,0.4271,0.1583,0.4146,460,0,0,303,102,0,221,132,235,1453,158,68,142
91481690,0,Nikita Lugovoy,56062,53330,1,2732,3,14,9,14,11,9,1,3,3,3,3,3,518,4552,13156,38038,44692,56062,140,0,0,38,19,56,0,0,36,13,0,8,6,197,0,0,3,9,6563,2781,964,994,391,197,291,299,43,72,311,143,49,14,14,0.4237,0.1469,0.4294,445,0,0,286,114,0,220,144,237,1446,162,67,157
91481690,1,Efe Can Celiksoy,53330,56062,0,-2732,3,14,9,14,12,10,1,3,3,3,3,3,518,5799,14594,37294,41892,53330,146,0,0,37,19,61,0,0,28,8,0,10,4,202,0,0,3,10,6716,2891,1000,1018,386,202,285,290,44,72,303,138,59,14,14,0.4305,0.1489,0.4206,459,0,0,285,114,0,218,132,246,1454,176,69,156
91482618,0,Efe Can Celiksoy,124658,126152,0,-1494,3,14,9,14,12,10,1,3,3,3,3,3,515,5746,16680,58299,94526,124658,146,0,0,37,19,61,0,0,28,11,0,10,4,202,0,0,3,10,6716,2887,1005,1016,386,202,285,290,46,72,303,138,58,14,14,0.4299,0.1496,0.4205,459,0,0,285,114,0,218,132,246,1454,177,69,156
91482618,1,DL,126152,124658,1,1494,3,14,10,14,13,10,1,3,3,3,3,3,516,5480,15762,55006,93627,126152,147,0,0,37,17,59,0,0,31,7,0,9,6,201,0,0,3,10,7001,3007,1088,992,389,201,327,315,47,71,319,165,51,15,14,0.4295,0.1554,0.4151,446,0,0,284,102,0,223,147,248,1450,182,70,158
91482666,0,VN-Orion,61081,61166,0,-85,3,14,9,14,12,10,1,3,3,3,3,3,509,7936,19731,38201,48784,61081,146,0,0,37,19,61,0,0,36,14,0,10,4,202,0,0,3,10,6716,2868,1032,1019,386,202,285,290,44,72,303,138,49,14,14,0.427,0.1537,0.4193,459,0,0,285,114,0,218,132,245,1453,171,69,156
91482666,1,青烟,61166,61081,1,85,3,14,10,14,13,10,1,3,3,3,3,3,510,7378,20641,36638,46993,61166,147,0,0,38,17,59,0,0,36,12,0,9,6,202,0,0,3,10,7001,3007,1090,992,389,202,327,315,44,71,319,165,51,15,14,0.4295,0.1557,0.4148,446,0,0,284,102,0,223,147,248,1450,182,70,158
91483600,0,Natalia Mawyin,112996,124850,0,-11854,3,14,9,14,12,10,1,3,3,3,3,3,518,5803,16340,55284,85899,112996,146,0,0,37,19,61,0,0,29,9,0,10,4,202,0,0,3,10,6716,2867,1033,1019,386,202,285,290,44,72,303,138,49,14,14,0.4269,0.1538,0.4193,459,0,0,285,114,0,218,132,245,1453,171,69,156
91483600,1,Valmorlee,124850,112996,1,11854,3,14,9,14,12,9,1,3,3,3,3,3,518,4704,16450,55806,94431,124850,142,0,0,37,19,54,0,0,36,14,0,9,5,198,0,0,3,9,6563,2795,962,986,386,198,292,299,44,71,310,142,49,14,15,0.4259,0.1466,0.4275,440,0,0,276,114,0,225,138,239,1432,165,62,159
91483607,0,brocade,110298,114869,0,-4571,3,14,9,14,12,10,1,3,3,3,3,3,516,6044,18354,56935,84588,110298,146,0,0,36,23,57,0,0,27,13,0,9,4,205,0,0,3,10,6815,2926,1038,1024,394,205,307,302,42,71,299,131,49,13,14,0.4293,0.1523,0.4183,431,0,0,277,132,0,228,132,243,1443,164,78,147
91483607,1,Valmorlee,114869,110298,1,4571,3,14,9,14,12,10,1,3,3,3,3,3,515,5310,16717,55282,86437,114869,144,0,0,39,17,60,0,0,31,12,0,8,4,200,0,0,3,10,6760,2881,1076,1019,399,200,279,286,43,76,299,133,44,12,13,0.4262,0.1592,0.4146,450,0,0,303,102,0,221,132,223,1431,155,68,142
91483647,0,VN-Orion,46504,47535,0,-1031,3,14,9,14,12,10,1,3,3,3,3,3,512,5774,11862,30718,35215,46504,146,0,0,37,19,61,0,0,29,7,0,10,4,202,0,0,3,10,6716,2868,1033,1019,386,202,285,290,43,72,303,138,49,14,14,0.427,0.1538,0.4191,459,0,0,285,114,0,218,132,245,1453,171,69,156
91483647,1,Efe Can Celiksoy,47535,46504,1,1031,3,14,9,14,12,10,1,3,3,3,3,3,512,5826,12130,31700,36193,47535,146,0,0,37,19,61,0,0,28,8,0,10,4,202,0,0,3,10,6716,2891,1000,1018,386,202,285,290,44,72,303,138,59,14,14,0.4305,0.1489,0.4206,459,0,0,285,114,0,218,132,246,1454,179,69,156
91484426,0,Valmorlee,98994,98173,1,821,3,14,9,14,12,9,1,3,3,3,3,3,518,4866,17194,46889,70702,98994,142,0,0,37,19,54,0,0,36,14,0,9,5,198,0,0,3,9,6563,2795,961,985,386,198,292,299,46,71,310,142,49,14,15,0.4259,0.1464,0.4277,440,0,0,276,114,0,225,138,239,1432,165,62,159
91484426,1,Nikita Lugovoy,98173,98994,0,-821,3,14,9,14,11,9,1,3,3,3,3,3,518,4851,16311,47179,69270,98173,140,0,0,38,19,56,0,0,36,14,0,8,6,197,0,0,3,9,6563,2781,964,994,391,197,291,299,43,72,311,143,49,14,14,0.4237,0.1469,0.4294,445,0,0,286,114,0,220,144,237,1446,162,67,157
91484449,0,ShaoCharles,95505,94006,1,1499,3,14,9,14,12,10,1,3,3,3,3,3,515,5335,16498,51179,70703,95505,144,0,0,39,17,60,0,0,31,12,0,7,4,200,0,0,3,10,6760,2887,1070,1019,399,200,280,286,42,76,299,133,44,12,13,0.4271,0.1583,0.4146,469,0,0,303,102,0,221,132,223,1450,156,68,142
91484449,1,Mohammed Nomaan,94006,95505,0,-1499,3,14,10,14,13,10,1,3,3,3,3,3,516,5470,15675,52101,69023,94006,147,0,0,38,17,59,0,0,31,7,0,9,6,202,0,0,3,10,7001,3007,1089,992,389,202,327,315,45,71,319,165,51,15,14,0.4295,0.1555,0.4149,446,0,0,284,102,0,223,147,248,1450,182,70,158
91484503,0,Hajime Tamura,80428,100234,0,-19806,3,14,9,14,12,10,1,3,3,3,3,3,253,6285,20406,52544,69052,80428,146,0,0,36,23,57,0,0,33,14,0,8,4,205,0,0,3,10,6815,2926,1037,1026,394,205,307,302,41,71,299,131,49,13,14,0.4293,0.1522,0.4185,448,0,0,277,132,0,228,132,228,1445,164,78,147
91484503,1,Mohammed Nomaan,100234,80428,1,19806,3,14,10,14,13,10,1,3,3,3,3,3,515,6911,21850,59489,83978,100234,147,0,0,38,17,59,0,0,36,12,0,9,6,202,0,0,3,10,7001,3007,1090,992,389,202,327,315,44,71,319,165,51,15,14,0.4295,0.1557,0.4148,446,0,0,284,102,0,223,147,248,1450,182,70,158
91484527,0,HealthStone,88698,87316,1,1382,4,9,10,14,12,10,1,3,3,3,3,3,4,1892,16758,49279,69971,88698,125,0,0,31,14,44,0,0,31,9,0,9,8,170,0,0,3,10,6845,3527,638,811,360,170,267,312,25,61,346,199,95,17,17,0.5153,0.0932,0.3915,463,0,0,226,84,0,172,175,277,1397,207,108,181
91484527,1,Valmorlee,87316,88698,0,-1382,3,14,9,14,12,10,1,3,3,3,3,3,526,5394,16089,51331,72867,87316,144,0,0,39,17,60,0,0,30,8,0,8,4,200,0,0,3,10,6760,2881,1076,1019,399,200,280,286,42,76,299,133,44,12,13,0.4262,0.1592,0.4146,450,0,0,303,102,0,221,132,223,1431,155,68,142
91484528,0,Elzandi Irfan Zikra,50173,52024,0,-1851,3,14,10,14,12,10,1,3,3,3,3,3,515,5140,12020,28790,36911,50173,144,0,0,39,16,58,0,0,33,9,0,8,5,199,0,0,3,10,7022,2968,1160,990,402,199,305,313,50,76,324,156,51,14,14,0.4227,0.1652,0.4121,422,0,0,302,96,0,239,145,248,1452,169,74,149
91484528,1,Gbining,52024,50173,1,1851,3,14,10,14,13,10,1,3,3,3,3,3,516,5499,12511,29659,37423,52024,147,0,0,38,17,59,0,0,31,9,0,8,6,202,0,0,3,10,7001,3007,1226,923,389,202,308,296,44,61,300,165,51,15,14,0.4295,0.1751,0.3954,460,0,0,284,102,0,223,147,246,1462,182,70,158
91484531,0,Elzandi Irfan Zikra,53883,56095,0,-2212,3,14,10,14,12,10,1,3,3,3,3,3,509,7145,18278,31356,40036,53883,144,0,0,39,16,58,0,0,38,11,0,9,5,199,0,0,3,10,7022,2968,1160,990,402,199,305,313,50,76,324,156,51,14,14,0.4227,0.1652,0.4121,418,0,0,302,96,0,239,145,248,1448,168,74,149
91484531,1,青烟,56095,53883,1,2212,3,14,10,14,13,10,1,3,3,3,3,3,510,7358,18041,31494,41149,56095,147,0,0,38,17,59,0,0,36,12,0,9,6,202,0,0,3,10,7001,3007,1090,992,389,202,327,315,44,71,319,165,51,15,14,0.4295,0.1557,0.4148,446,0,0,284,102,0,223,147,248,1450,182,70,158
91484532,0,Seb (allegedly),96437,113734,0,-17297,7,12,12,12,12,0,2,4,4,4,4,4,9,4279,9912,57550,85823,96437,16,0,0,39,19,14,0,0,39,13,0,7,20,74,0,0,4,0,7674,3760,1081,567,334,74,420,463,0,66,414,239,202,27,27,0.49,0.1409,0.3692,76,0,0,268,114,0,185,320,348,1311,263,17,285
91484532,1,Elzandi Irfan Zikra,113734,96437,1,17297,3,14,10,14,12,10,1,3,3,3,3,3,439,7246,22507,59810,85525,113734,144,0,0,39,16,58,0,0,38,11,0,9,5,199,0,0,3,10,7022,2968,1160,990,402,199,305,313,50,76,324,156,51,14,14,0.4227,0.1652,0.4121,418,0,0,302,96,0,239,145,248,1448,168,74,149
91484533,0,THUNDER THUNDER,102022,95545,1,6477,3,14,10,14,13,10,1,3,3,3,3,3,515,4383,16347,53011,77296,102022,143,0,0,36,19,56,0,0,35,14,0,9,4,198,0,0,3,10,6979,2957,1173,1006,388,198,295,299,38,70,313,158,55,14,15,0.4237,0.1681,0.4082,453,0,0,276,114,0,229,132,243,1447,172,67,139
91484533,1,Stocks152,95545,102022,0,-6477,3,14,10,14,13,10,1,3,3,3,3,3,516,5520,15528,52412,70428,95545,147,0,0,38,17,59,0,0,31,7,0,9,6,202,0,0,3,10,7001,3007,1090,992,389,202,327,315,44,71,319,165,51,15,14,0.4295,0.1557,0.4148,446,0,0,284,102,0,223,147,248,1450,182,70,158
91486287,0,Zakaria Settar,78999,94810,0,-15811,3,14,9,14,11,9,1,3,3,3,3,3,256,4821,15774,42577,56870,78999,140,0,0,38,19,56,0,0,34,14,0,6,5,197,0,0,3,9,6586,2781,987,994,391,197,291,299,43,72,311,143,49,14,14,0.4223,0.1499,0.4279,445,0,0,286,114,0,220,144,237,1446,162,67,158
91486287,1,ShaoCharles,94810,78999,1,15811,3,14,9,14,12,10,1,3,3,3,3,3,523,5339,16459,49182,66555,94810,144,0,0,39,17,60,0,0,35,12,0,8,4,200,0,0,3,10,6760,2887,1070,1019,399,200,280,286,42,76,299,133,44,12,13,0.4271,0.1583,0.4146,459,0,0,303,102,0,221,132,229,1446,157,68,142
91488923,0,Ezzzzzekki,48030,46484,1,1546,3,14,9,14,12,10,1,3,3,3,3,3,509,4835,12107,25579,35524,48030,143,0,0,37,19,57,0,0,36,11,0,9,4,199,0,0,3,10,6631,2836,995,1010,390,199,285,290,40,72,296,135,57,13,13,0.4277,0.1501,0.4223,450,0,0,286,114,0,241,132,232,1455,162,63,140
91488923,1,Gbining,46484,48030,0,-1546,3,14,10,14,13,10,1,3,3,3,3,3,510,5504,12425,23151,32310,46484,147,0,0,38,17,59,0,0,31,9,0,8,6,202,0,0,3,10,7001,3007,1226,923,389,202,308,296,44,61,300,165,51,15,14,0.4295,0.1751,0.3954,460,0,0,284,102,0,223,147,246,1462,182,70,158
91489000,0,Nikita Lugovoy,62973,64635,0,-1662,3,14,9,14,11,9,1,3,3,3,3,3,522,4647,12768,35798,52033,62973,140,0,0,38,19,56,0,0,34,10,0,8,6,197,0,0,3,9,6563,2781,964,994,391,197,291,299,43,72,311,143,49,14,14,0.4237,0.1469,0.4294,445,0,0,286,114,0,220,144,237,1446,162,67,157
91489000,1,HealthStone,64635,62973,1,1662,4,10,10,12,12,10,1,3,3,3,3,3,5,4878,18224,41083,54197,64635,136,4,0,36,17,45,4,0,36,12,0,8,4,193,0,0,3,10,6934,3604,766,910,393,193,168,235,26,60,298,163,94,12,12,0.5198,0.1105,0.3698,436,8,0,257,102,0,164,71,238,1276,199,124,132
91489077,0,brocade,53998,47178,1,6820,3,14,9,14,12,10,1,3,3,3,3,3,507,6100,16834,41505,46933,53998,146,0,0,36,23,57,0,0,27,11,0,9,4,205,0,0,3,10,6815,2926,1037,1026,394,205,307,302,41,71,299,131,49,13,14,0.4293,0.1522,0.4185,431,0,0,277,132,0,228,132,243,1443,164,78,147
91489077,1,Freddy,47178,53998,0,-6820,3,14,10,14,13,10,1,3,3,3,3,3,507,5482,14390,36449,40123,47178,146,0,0,38,17,59,0,0,31,6,0,9,6,201,0,0,3,10,7001,3007,1090,992,389,201,327,315,45,71,319,165,51,15,14,0.4295,0.1557,0.4148,446,0,0,284,102,0,223,147,248,1450,182,70,158
91489917,0,Nikita Lugovoy,116359,112061,1,4298,3,14,9,14,11,9,1,3,3,3,3,3,518,7249,23465,63048,87991,116359,140,0,0,38,19,56,0,0,36,14,0,8,6,197,0,0,3,9,6563,2781,964,994,391,197,291,299,43,72,311,143,49,14,14,0.4237,0.1469,0.4294,445,0,0,286,114,0,220,144,237,1446,162,67,157
91489917,1,Efe Can Celiksoy,112061,116359,0,-4298,3,14,9,14,12,10,1,3,3,3,3,3,518,7301,21550,63121,85443,112061,146,0,0,37,19,61,0,0,35,14,0,10,4,202,0,0,3,10,6716,2891,999,1018,386,202,285,290,45,72,303,138,59,14,14,0.4305,0.1487,0.4208,459,0,0,285,114,0,218,132,233,1441,177,69,156
91490044,0,brocade,80892,86145,0,-5253,3,14,9,14,12,10,1,3,3,3,3,3,516,6062,15703,39135,62143,80892,146,0,0,36,23,57,0,0,27,8,0,9,4,205,0,0,3,10,6815,2925,1037,1026,394,205,307,302,42,71,299,131,49,13,14,0.4292,0.1522,0.4186,431,0,0,277,132,0,228,132,243,1443,164,78,147
91490044,1,Efe Can Celiksoy,86145,80892,1,5253,3,14,9,14,12,10,1,3,3,3,3,3,515,5783,13416,40288,66840,86145,146,0,0,37,19,61,0,0,28,8,0,10,4,202,0,0,3,10,6716,2891,1000,1018,386,202,285,290,44,72,303,138,59,14,14,0.4305,0.1489,0.4206,459,0,0,285,114,0,218,132,246,1454,178,69,156
91490781,0,Ezzzzzekki,146935,145550,1,1385,3,14,9,14,12,10,1,3,3,3,3,3,518,5718,22218,70801,115786,146935,143,0,0,37,19,57,0,0,36,14,0,9,4,199,0,0,3,10,6631,2836,995,1010,390,199,285,290,40,72,296,135,57,13,13,0.4277,0.1501,0.4223,450,0,0,286,114,0,241,132,235,1458,167,63,140
91490781,1,ShaoCharles,145550,146935,0,-1385,3,14,9,14,12,10,1,3,3,3,3,3,518,5389,19737,66256,113283,145550,144,0,0,39,17,60,0,0,38,12,0,8,4,200,0,0,3,10,6760,2887,1070,1019,399,200,280,286,42,76,299,133,44,12,13,0.4271,0.1583,0.4146,459,0,0,303,102,0,221,132,223,1440,156,68,142
91490846,0,Nikita Lugovoy,75276,69243,1,6033,3,14,9,14,11,9,1,3,3,3,3,3,515,4802,15290,46855,60166,75276,140,0,0,38,19,56,0,0,36,14,0,8,6,197,0,0,3,9,6563,2781,964,994,391,197,291,299,43,72,311,143,49,14,14,0.4237,0.1469,0.4294,445,0,0,286,114,0,220,144,237,1446,162,67,157
91490846,1,Latifa Riziki,69243,75276,0,-6033,3,14,9,14,12,10,1,3,3,3,3,3,516,6078,17241,48515,58379,69243,146,0,0,36,23,57,0,0,27,12,0,9,4,205,0,0,3,10,6815,2926,1038,1026,394,205,307,302,40,71,299,131,49,13,14,0.4293,0.1523,0.4183,431,0,0,277,132,0,228,132,244,1444,166,78,147
91490848,0,souju00,44624,49233,0,-4609,3,14,9,14,12,10,1,3,3,3,3,3,512,5353,11982,25569,34298,44624,144,0,0,39,17,60,0,0,31,10,0,8,4,200,0,0,3,10,6760,2881,1076,1019,399,200,280,286,42,76,299,133,44,12,13,0.4262,0.1592,0.4146,450,0,0,303,102,0,221,132,237,1445,158,68,142
91490848,1,Nikita Lugovoy,49233,44624,1,4609,3,14,9,14,11,9,1,3,3,3,3,3,512,4620,12258,26548,36157,49233,140,0,0,38,19,56,0,0,36,14,0,8,6,197,0,0,3,9,6563,2781,964,994,391,197,291,299,43,72,311,143,49,14,14,0.4237,0.1469,0.4294,445,0,0,286,114,0,220,144,237,1446,162,67,157
91490923,0,Nikita Lugovoy,79459,79716,0,-257,3,14,9,14,11,9,1,3,3,3,3,3,518,7035,19685,47609,60538,79459,140,0,0,38,19,56,0,0,36,14,0,8,6,197,0,0,3,9,6563,2781,964,994,391,197,291,299,43,72,311,143,49,14,14,0.4237,0.1469,0.4294,445,0,0,286,114,0,220,144,237,1446,162,67,157
91490923,1,Valmorlee,79716,79459,1,257,3,14,9,14,12,9,1,3,3,3,3,3,518,7052,20430,49366,62366,79716,142,0,0,37,19,54,0,0,36,14,0,9,5,198,0,0,3,9,6563,2796,962,986,386,198,292,299,43,71,310,142,49,14,15,0.426,0.1466,0.4274,440,0,0,276,114,0,225,138,239,1432,165,62,159
91490950,0,Stocks152,112259,111137,1,1122,3,14,9,14,12,10,1,3,3,3,3,3,518,7269,21070,64240,85569,112259,146,0,0,37,19,61,0,0,36,14,0,10,4,202,0,0,3,10,6716,2868,1033,1019,386,202,285,290,43,72,303,138,49,14,14,0.427,0.1538,0.4191,459,0,0,285,114,0,218,132,245,1453,171,69,156
91490950,1,Valmorlee,111137,112259,0,-1122,3,14,9,14,12,10,1,3,3,3,3,3,518,6875,21011,61768,83619,111137,144,0,0,39,17,60,0,0,38,12,0,8,4,200,0,0,3,10,6760,2881,1076,1019,399,200,280,286,42,76,299,133,44,12,13,0.4262,0.1592,0.4146,450,0,0,303,102,0,221,132,223,1431,155,68,142
91490951,0,HealthStone,78039,68994,1,9045,3,9,10,14,12,10,1,3,3,3,3,3,14,3665,12200,42348,63428,78039,138,0,0,31,16,54,0,0,31,11,0,11,4,185,0,0,3,10,6731,3389,719,840,364,185,221,279,45,62,300,197,100,15,15,0.5035,0.1068,0.3897,413,0,0,239,84,0,209,88,238,1271,185,119,158
91490951,1,Seb (allegedly),68994,78039,0,-9045,7,11,12,12,12,0,2,4,4,4,4,4,0,994,1856,38263,62624,68994,30,0,0,40,22,14,0,0,40,17,0,11,10,92,0,0,4,0,7597,3964,980,648,331,92,237,385,0,75,395,227,221,21,21,0.5218,0.129,0.3492,83,0,0,290,132,0,250,82,320,1157,237,28,244
91490952,0,青烟,140633,139319,1,1314,3,14,9,14,12,10,1,3,3,3,3,3,518,5818,17701,66739,107925,140633,146,0,0,37,19,61,0,0,29,11,0,10,4,202,0,0,3,10,6716,2868,1031,1019,386,202,285,290,45,72,303,138,49,14,14,0.427,0.1535,0.4194,459,0,0,285,114,0,218,132,245,1453,171,69,156
91490952,1,Wufang Hong,139319,140633,0,-1314,3,14,9,14,12,10,1,3,3,3,3,3,518,5818,17247,63915,106283,139319,146,0,0,37,19,61,0,0,29,11,0,10,4,202,0,0,3,10,6716,2868,1033,1019,386,202,285,290,43,72,303,138,49,14,14,0.427,0.1538,0.4191,459,0,0,285,114,0,218,132,245,1453,171,69,156
91490953,0,Seb (allegedly),59761,80602,0,-20841,7,11,12,12,12,0,2,4,4,4,4,4,65,4013,7344,42099,57114,59761,22,0,0,39,18,14,0,0,39,13,0,9,13,79,0,0,4,0,7642,3743,1297,582,323,79,250,416,0,73,417,202,216,22,22,0.4898,0.1697,0.3405,72,0,0,292,108,0,236,109,344,1161,261,23,259
91490953,1,Valmorlee,80602,59761,1,20841,3,14,9,14,12,10,1,3,3,3,3,3,439,5592,16935,46527,62786,80602,144,0,0,39,17,60,0,0,37,12,0,8,4,200,0,0,3,10,6760,2881,1075,1019,399,200,280,286,43,76,299,133,44,12,13,0.4262,0.159,0.4148,450,0,0,303,102,0,221,132,223,1431,155,68,142
91490954,0,Stocks152,125209,128710,0,-3501,3,14,9,14,12,10,1,3,3,3,3,3,509,5763,17271,60569,97479,125209,146,0,0,37,19,61,0,0,29,11,0,9,4,202,0,0,3,10,6716,2867,1033,1019,386,202,285,290,44,72,303,138,49,14,14,0.4269,0.1538,0.4193,459,0,0,285,114,0,218,132,245,1453,171,69,156
91490954,1,Natalia Mawyin,128710,125209,1,3501,3,14,10,14,13,10,1,3,3,3,3,3,510,5490,16382,59433,98811,128710,147,0,0,38,17,59,0,0,31,8,0,9,6,202,0,0,3,10,7001,3007,1090,992,389,202,327,315,44,71,319,165,51,15,14,0.4295,0.1557,0.4148,446,0,0,284,102,0,223,147,248,1450,182,70,158
91490957,0,THUNDER THUNDER,98381,97763,1,618,3,14,10,14,12,10,1,3,3,3,3,3,518,4449,16800,50206,70592,98381,143,0,0,36,19,56,0,0,35,14,0,10,5,198,0,0,3,10,6934,2939,1110,994,388,198,308,315,40,70,330,161,51,15,15,0.4239,0.1601,0.4161,431,0,0,272,114,0,244,137,260,1458,168,69,148
91490957,1,Valmorlee,97763,98381,0,-618,3,14,9,14,12,9,1,3,3,3,3,3,518,4879,17049,50425,70916,97763,142,0,0,37,19,54,0,0,36,14,0,9,5,198,0,0,3,9,6563,2796,962,986,386,198,292,299,43,71,310,142,49,14,15,0.426,0.1466,0.4274,440,0,0,276,114,0,225,138,239,1432,165,62,159
91490962,0,THUNDER THUNDER,82750,70287,1,12463,3,14,11,14,13,10,1,3,3,3,3,3,512,6958,21395,51999,65530,82750,146,0,0,31,19,57,0,0,31,14,0,10,7,196,0,0,3,10,7048,2940,1069,968,390,196,358,365,45,62,389,174,58,17,17,0.4171,0.1517,0.4312,419,0,0,248,102,0,248,195,327,1539,168,66,158
91490962,1,Elzandi Irfan Zikra,70287,82750,0,-12463,3,14,10,14,12,10,1,3,3,3,3,3,512,7149,21120,46072,55766,70287,144,0,0,39,16,58,0,0,38,11,0,9,5,199,0,0,3,10,7022,2968,1160,990,402,199,305,313,50,76,324,156,51,14,14,0.4227,0.1652,0.4121,418,0,0,302,96,0,239,145,248,1448,168,74,149
91491839,0,Mohammed Nomaan,71904,72011,0,-107,3,14,9,14,12,10,1,3,3,3,3,3,515,5808,15182,44316,59610,71904,146,0,0,37,19,61,0,0,29,9,0,10,4,202,0,0,3,10,6716,2868,1033,1019,386,202,285,290,43,72,303,138,49,14,14,0.427,0.1538,0.4191,459,0,0,285,114,0,218,132,245,1453,171,69,156
91491839,1,青烟,72011,71904,1,107,3,14,10,14,13,10,1,3,3,3,3,3,516,5491,14857,42229,58075,72011,147,0,0,38,17,59,0,0,31,6,0,9,6,202,0,0,3,10,7001,3007,1090,992,389,202,327,315,44,71,319,165,51,15,14,0.4295,0.1557,0.4148,446,0,0,284,102,0,223,147,248,1450,182,70,158
91492630,0,Ezzzzzekki,139562,138011,1,1551,3,14,9,14,12,10,1,3,3,3,3,3,515,5717,21853,66533,108169,139562,143,0,0,37,19,57,0,0,34,14,0,9,4,199,0,0,3,10,6631,2835,994,1010,390,199,285,290,42,72,296,135,57,13,13,0.4275,0.1499,0.4226,450,0,0,286,114,0,241,132,236,1459,166,63,140
91492630,1,Freddy,138011,139562,0,-1551,3,14,10,14,13,10,1,3,3,3,3,3,516,5502,20020,64943,105379,138011,147,0,0,38,17,59,0,0,34,12,0,9,6,202,0,0,3,10,7001,3007,1090,992,389,202,327,315,44,71,319,165,51,15,14,0.4295,0.1557,0.4148,446,0,0,284,102,0,223,147,248,1450,182,70,158
91493566,0,Ezzzzzekki,69545,68339,1,1206,3,14,9,14,12,10,1,3,3,3,3,3,518,4795,14392,41652,57564,69545,143,0,0,37,19,57,0,0,36,11,0,9,4,199,0,0,3,10,6631,2836,995,1010,390,199,285,290,40,72,296,135,57,13,13,0.4277,0.1501,0.4223,455,0,0,286,114,0,241,132,235,1463,168,63,140
91493566,1,Valmorlee,68339,69545,0,-1206,3,14,9,14,12,9,1,3,3,3,3,3,518,4707,14157,41632,56573,68339,142,0,0,37,19,54,0,0,36,12,0,9,5,198,0,0,3,9,6563,2796,962,986,386,198,292,299,43,71,310,142,49,14,15,0.426,0.1466,0.4274,440,0,0,276,114,0,225,138,239,1432,165,62,159
91494490,0,Ezzzzzekki,117415,99795,1,17620,3,14,9,14,12,10,1,3,3,3,3,3,509,4834,16630,55193,91148,117415,143,0,0,37,19,57,0,0,36,14,0,9,4,199,0,0,3,10,6631,2836,995,1010,390,199,285,290,40,72,296,135,57,13,13,0.4277,0.1501,0.4223,450,0,0,286,114,0,241,132,232,1455,162,63,140
91494490,1,brocade,99795,117415,0,-17620,3,14,9,14,12,10,1,3,3,3,3,3,510,6089,18072,54597,79310,99795,146,0,0,36,23,57,0,0,27,12,0,9,4,205,0,0,3,10,6815,2926,1038,1026,394,205,307,302,40,71,299,131,49,13,14,0.4293,0.1523,0.4183,431,0,0,277,132,0,228,132,243,1443,164,78,147
91495411,0,Ezzzzzekki,99472,89187,1,10285,3,14,9,14,12,10,1,3,3,3,3,3,518,4792,14289,45675,78074,99472,143,0,0,37,19,57,0,0,36,11,0,9,4,199,0,0,3,10,6631,2836,995,1010,390,199,285,290,40,72,296,135,57,13,13,0.4277,0.1501,0.4223,450,0,0,286,114,0,241,132,235,1458,165,63,140
91495411,1,souju00,89187,99472,0,-10285,3,14,9,14,12,10,1,3,3,3,3,3,518,5323,14362,43270,68298,89187,144,0,0,39,17,60,0,0,31,9,0,8,4,200,0,0,3,10,6760,2881,1075,1019,399,200,280,286,43,76,299,133,44,12,13,0.4262,0.159,0.4148,450,0,0,303,102,0,221,132,237,1445,158,68,142
91496434,0,Valmorlee,70043,64691,1,5352,3,14,9,14,12,10,1,3,3,3,3,3,515,5336,12972,38816,55601,70043,144,0,0,39,17,60,0,0,31,9,0,8,4,200,0,0,3,10,6760,2881,1076,1019,399,200,280,286,42,76,299,133,44,12,13,0.4262,0.1592,0.4146,450,0,0,303,102,0,221,132,223,1431,155,68,142
91496434,1,Gbining,64691,70043,0,-5352,3,14,10,14,13,10,1,3,3,3,3,3,516,5476,12292,36221,50818,64691,147,0,0,38,17,59,0,0,30,9,0,8,6,202,0,0,3,10,7001,3007,1236,914,389,202,308,296,45,59,300,165,51,15,14,0.4295,0.1765,0.3939,460,0,0,284,102,0,223,147,246,1462,182,70,158
91496447,0,HealthStone,93312,89232,1,4080,4,9,10,14,12,10,1,3,3,3,3,3,5,3540,26101,55894,77493,93312,122,33,0,28,16,43,30,0,28,10,0,10,6,199,0,0,3,10,7000,3562,688,855,380,199,274,320,42,54,362,143,88,17,16,0.5089,0.0983,0.3929,473,69,0,213,95,0,177,179,302,1508,239,131,195
91496447,1,Efe Can Celiksoy,89232,93312,0,-4080,3,14,9,14,12,10,1,3,3,3,3,3,522,8138,21041,55601,76086,89232,146,0,0,37,19,61,0,0,34,14,0,10,4,202,0,0,3,10,6716,2868,1033,1017,386,202,285,290,45,72,303,138,49,14,14,0.427,0.1538,0.4191,459,0,0,285,114,0,218,132,235,1443,173,69,156
91497256,0,Ezzzzzekki,68961,64930,1,4031,3,14,9,14,12,10,1,3,3,3,3,3,515,7033,18948,44222,54555,68961,143,0,0,37,19,57,0,0,36,14,0,9,4,199,0,0,3,10,6631,2836,995,1010,390,199,285,290,40,72,296,135,57,13,13,0.4277,0.1501,0.4223,450,0,0,286,114,0,241,132,232,1455,165,63,140
91497256,1,Natalia Mawyin,64930,68961,0,-4031,3,14,10,14,13,10,1,3,3,3,3,3,516,6466,17126,38866,48648,64930,147,0,0,38,17,59,0,0,36,12,0,9,6,202,0,0,3,10,7001,3007,1090,992,389,202,327,315,44,71,319,165,51,15,14,0.4295,0.1557,0.4148,446,0,0,284,102,0,223,147,248,1450,182,70,158
91498179,0,ShaoCharles,75970,82928,0,-6958,3,14,9,14,12,10,1,3,3,3,3,3,512,5330,15903,46248,57885,75970,144,0,0,39,17,60,0,0,31,12,0,8,4,200,0,0,3,10,6760,2887,1070,1019,399,200,280,286,42,76,299,133,44,12,13,0.4271,0.1583,0.4146,455,0,0,303,102,0,221,132,237,1450,157,68,142
91498179,1,Ezzzzzekki,82928,75970,1,6958,3,14,9,14,12,10,1,3,3,3,3,3,512,4853,16535,51031,63854,82928,143,0,0,37,19,57,0,0,36,13,0,9,4,199,0,0,3,10,6631,2836,995,1010,390,199,285,290,40,72,296,135,57,13,13,0.4277,0.1501,0.4223,450,0,0,286,114,0,241,132,235,1458,166,63,140
91498290,0,Nikita Lugovoy,101280,98268,1,3012,3,14,9,14,11,9,1,3,3,3,3,3,512,4741,16747,52240,74695,101280,140,0,0,38,19,56,0,0,36,14,0,8,6,197,0,0,3,9,6563,2781,963,994,391,197,291,299,44,72,311,143,49,14,14,0.4237,0.1467,0.4295,445,0,0,286,114,0,220,144,237,1446,162,67,157
91498290,1,X1a0Ch3n,98268,101280,0,-3012,3,14,9,14,12,10,1,3,3,3,3,3,512,5057,16328,51953,72944,98268,145,0,0,37,19,57,0,0,35,12,0,8,5,201,0,0,3,10,6650,2837,1001,1015,391,201,285,290,44,72,304,138,46,13,13,0.4266,0.1505,0.4229,448,0,0,286,114,0,219,137,233,1437,157,69,141
91735483,0,Harshith revuru,57467,54365,1,3102,4,4,12,12,12,12,2,2,3,3,3,3,342,1127,10282,29335,44435,57467,68,13,4,40,19,27,8,4,40,12,0,13,7,144,0,0,3,12,6740,3350,717,798,334,144,349,343,39,92,330,199,5,20,20,0.497,0.1064,0.3966,64,20,18,196,94,0,234,82,214,922,122,82,186
91735483,1,Harshith revuru,54365,57467,0,-3102,4,4,12,12,12,12,2,2,3,3,3,3,342,753,9740,32005,43450,54365,76,13,4,46,13,28,8,4,46,12,0,13,5,152,0,0,3,12,6654,3219,772,829,349,152,327,322,38,105,310,191,3,18,19,0.4838,0.116,0.4002,97,20,18,209,66,0,240,64,186,900,122,85,168
91736939,0,Harshith revuru,50329,38902,1,11427,4,8,14,14,14,14,2,3,4,4,4,4,339,439,11372,20839,32287,50329,149,85,6,38,20,56,34,6,38,12,9,2,1,298,0,0,4,14,7444,3793,1032,1147,462,298,154,150,51,61,142,128,2,12,12,0.5095,0.1386,0.3518,224,144,21,207,101,65,60,33,67,922,105,175,64
91736939,1,Raijin,38902,50329,0,-11427,5,7,10,10,10,10,1,2,2,2,2,2,442,6147,11969,21203,31272,38902,36,6,0,10,17,14,2,0,8,13,0,4,2,69,5,0,2,10,6284,3278,1592,468,150,69,171,175,19,37,150,102,61,6,6,0.5216,0.2533,0.225,160,12,0,32,93,0,140,62,107,606,157,29,60
91737853,0,Harshith revuru,72444,30739,1,41705,4,8,12,12,12,12,2,2,3,3,3,3,349,2426,7011,21203,53085,72444,108,31,4,40,12,43,15,4,40,12,0,8,5,195,0,0,3,12,6700,3257,1024,895,365,195,215,212,42,88,203,171,5,13,15,0.4861,0.1528,0.361,151,62,30,240,72,0,129,78,102,864,132,108,109
91737853,1,Gavin Walsh (N1DGE11),30739,72444,0,-41705,7,7,10,10,10,10,1,1,1,1,1,1,642,477,19559,20625,30677,30739,0,0,0,0,27,0,0,0,0,25,0,8,0,27,0,13,1,10,6743,2870,2813,299,63,27,133,133,4,0,128,50,190,8,25,0.4256,0.4172,0.1572,0,0,0,0,129,0,144,0,127,400,111,3,32
91738770,0,Harshith revuru,92348,77538,1,14810,4,8,14,14,14,14,2,2,4,4,4,4,347,2260,9117,18340,57432,92348,103,34,6,50,18,45,21,6,50,12,3,2,13,211,0,0,4,14,7352,3631,927,1032,421,211,250,249,45,115,235,194,5,18,19,0.4939,0.1261,0.38,130,66,22,276,94,18,60,141,102,909,122,104,131
91738770,1,Speedrun retirement,77538,92348,0,-14810,4,11,11,13,12,0,1,2,3,3,3,3,879,4948,12406,30406,54555,77538,81,0,0,23,22,29,0,0,21,17,0,4,10,126,0,0,3,0,6834,3697,810,951,213,126,301,240,26,0,344,81,15,16,14,0.541,0.1185,0.3405,788,0,0,77,120,0,113,161,253,1512,169,76,52
91739681,0,Alejandro Ayestaran,64450,41467,1,22983,7,11,12,12,12,0,2,4,4,4,4,4,98,1131,6595,39317,58663,64450,22,0,0,42,23,14,0,0,42,17,0,8,7,87,0,0,4,0,7579,3925,951,658,341,87,339,391,2,80,394,197,174,20,20,0.5179,0.1255,0.3566,134,0,0,233,125,0,201,114,235,1042,218,30,254
91739681,1,Harshith revuru,41467,64450,0,-22983,4,8,12,14,14,14,2,2,4,4,4,4,355,586,7280,18291,34429,41467,109,26,4,50,16,44,8,4,50,12,0,15,1,205,0,0,4,14,7306,3564,832,1014,420,205,298,298,44,113,284,198,4,16,16,0.4878,0.1139,0.3983,136,48,20,263,78,0,237,34,151,967,130,112,145
91740612,0,SebastianQbiak,97173,147958,0,-50785,5,6,11,11,11,0,2,3,4,4,4,4,26,587,1886,12474,50329,97173,19,6,7,39,21,12,6,7,39,17,0,8,8,92,0,0,4,0,6079,2861,817,1007,173,92,262,184,22,217,251,105,56,17,15,0.4706,0.1344,0.395,0,8,36,263,126,0,93,74,30,630,146,54,24
91740612,1,Harshith revuru,147958,97173,1,50785,4,8,12,12,12,12,1,2,3,3,3,3,957,935,13351,42777,102060,147958,80,13,4,40,15,31,5,4,40,12,0,13,1,152,0,0,3,12,6784,3183,1050,823,372,152,298,298,32,97,285,162,4,14,14,0.4692,0.1548,0.376,74,26,25,257,85,0,276,34,171,948,116,98,152
91741530,0,googunmo,59494,68552,0,-9058,7,9,13,13,13,13,2,3,3,3,3,3,502,490,5058,24958,50389,59494,30,0,0,42,29,13,0,0,38,22,0,12,1,101,0,0,3,13,7922,4332,1362,869,211,101,224,255,10,106,245,140,41,13,13,0.5468,0.1719,0.2812,321,0,0,1567,852,0,2614,262,1203,6819,959,41,213
91741530,1,Harshith revuru,68552,59494,1,9058,4,8,12,12,12,12,1,2,3,3,3,3,933,701,11511,30006,57718,68552,73,10,1,45,17,29,5,1,45,12,0,13,4,146,0,0,3,12,6789,3214,1003,763,339,146,331,330,33,78,314,199,3,17,19,0.4734,0.1477,0.3788,68,18,0,220,75,0,276,51,221,929,103,82,176
91742456,0,Harshith revuru,51599,62710,0,-11111,4,8,12,12,12,12,2,2,3,3,3,3,348,1028,10972,24685,39029,51599,76,13,3,46,17,35,7,3,46,12,0,13,1,155,0,0,3,12,6749,3421,849,862,346,155,262,261,36,98,249,178,4,14,14,0.5069,0.1258,0.3673,70,22,10,236,102,0,218,34,139,831,111,79,142
91742456,1,Zacchaeus,62710,51599,1,11111,6,12,12,12,12,12,1,3,3,3,3,3,328,1805,18031,32366,51773,62710,111,0,0,48,22,32,0,0,37,13,0,8,6,181,0,0,3,12,7582,4160,850,732,295,181,321,322,78,41,325,186,63,14,14,0.5487,0.1121,0.3392,2464,0,0,2460,2420,0,2510,2444,2550,14848,278,86,163
91743378,0,WarRusher,90775,73210,1,17565,3,10,12,12,11,6,1,3,3,3,3,3,262,68,15184,46206,72436,90775,112,0,0,40,13,34,0,0,40,11,0,5,4,165,0,0,3,6,6698,3241,1240,891,296,165,205,209,10,112,217,87,7,9,9,0.4839,0.1851,0.331,2116,0,0,208,78,0,147,97,105,2751,557,105,441
91743378,1,Harshith revuru,73210,90775,0,-17565,4,8,14,14,14,14,1,2,4,4,4,4,951,904,10375,28089,59307,73210,110,23,5,42,19,43,14,5,42,12,0,15,3,199,0,0,4,14,7472,3545,1018,920,406,199,349,349,38,79,332,192,6,18,21,0.4744,0.1362,0.3893,130,40,12,209,85,0,299,41,229,1045,130,99,180
91744391,0,Versilogic,87182,122489,0,-35307,7,7,11,11,11,11,2,2,3,3,3,3,1135,399,17477,31239,62931,87182,138,0,0,3,54,33,0,0,3,18,6,12,0,195,0,6,3,11,7090,2846,1647,992,276,195,293,301,33,0,289,160,17,18,23,0.4014,0.2323,0.3663,245,0,0,4,120,194,192,0,289,1044,110,19,15
91744391,1,Harshith revuru,122489,87182,1,35307,4,8,12,12,12,12,1,2,3,3,3,3,985,1147,7975,32604,79754,122489,75,12,4,40,18,31,5,4,40,12,0,13,3,149,0,0,3,12,6788,3253,953,797,359,149,318,317,27,92,303,181,5,16,18,0.4792,0.1404,0.3804,70,24,21,199,91,0,267,49,193,914,113,85,173
91745326,0,Harshith revuru,50008,47495,1,2513,4,8,12,12,12,12,2,2,3,3,3,3,343,1000,8304,30281,45945,50008,88,15,4,44,13,34,7,4,44,12,0,13,1,164,0,0,3,12,6824,3064,1245,826,388,164,281,279,33,53,267,192,4,14,14,0.449,0.1824,0.3686,108,30,31,224,68,0,243,34,195,933,126,95,133
91745326,1,Rudranarayan Pradhan,47495,50008,0,-2513,8,10,13,13,13,8,1,2,4,4,4,4,351,273,10126,32543,42838,47495,56,1,10,60,24,16,1,9,55,12,0,9,5,151,0,0,4,8,7830,4539,699,918,328,151,264,299,41,108,298,142,15,14,14,0.5797,0.0893,0.331,72,3,59,218,183,0,284,132,177,1128,141,48,44
91746251,0,Pirhosseinlou,43436,58103,0,-14667,5,11,11,11,11,11,1,3,3,3,3,3,314,757,17174,27790,39580,43436,45,0,0,15,29,22,0,0,15,19,0,9,9,89,0,0,3,11,7423,3599,1107,631,251,89,390,386,8,25,376,331,190,18,22,0.4848,0.1491,0.366,53,0,0,106,122,0,252,218,351,1102,295,42,215
91746251,1,Harshith revuru,58103,43436,1,14667,4,8,12,14,14,14,2,2,4,4,4,4,344,1825,7908,20551,39923,58103,134,53,6,50,17,56,25,6,50,12,7,2,1,260,0,0,4,14,7409,3749,1202,1131,455,260,126,124,40,57,114,127,3,11,10,0.506,0.1622,0.3318,209,100,23,254,84,34,60,34,43,841,98,128,58
91747173,0,Harshith revuru,102947,111279,0,-8332,4,8,12,12,12,12,2,2,3,3,3,3,340,1200,6401,35288,77642,102947,88,10,4,39,19,38,5,4,39,12,0,2,13,160,0,0,3,12,6733,3343,906,835,336,160,283,283,33,88,268,163,5,15,15,0.4965,0.1346,0.3689,96,20,11,221,97,0,60,226,167,898,139,86,144
91747173,1,Haozhe Wang 2022,111279,102947,1,8332,7,8,12,12,12,10,1,1,3,3,3,3,218,7249,12018,28142,72046,111279,3,0,0,42,18,2,0,0,36,16,0,3,14,63,0,0,3,10,7472,4356,738,803,248,63,322,319,12,69,321,99,26,79,17,0.583,0.0988,0.3183,42,0,0,213,96,0,107,268,252,978,247,37,232
91748088,0,Harshith revuru,120248,137684,0,-17436,4,8,14,14,14,14,1,2,4,4,4,4,970,1040,9176,27283,77912,120248,84,14,6,50,22,33,5,6,50,12,0,15,4,176,0,0,4,14,7397,3505,926,960,393,176,356,354,37,120,339,185,6,19,21,0.4738,0.1252,0.401,88,22,29,223,94,0,282,39,205,982,127,101,189
91748088,1,qwertykeypadapple,137684,120248,1,17436,6,10,13,13,13,8,1,2,3,3,3,3,239,1201,5822,42919,91718,137684,79,0,0,40,12,31,0,0,40,6,0,12,9,131,0,0,3,8,7634,4534,498,693,364,131,304,368,38,111,345,89,117,21,21,0.5939,0.0652,0.3408,239,0,0,235,69,0,228,163,226,1160,196,57,52
91749036,0,Harshith revuru,55005,49482,1,5523,4,8,12,12,12,12,1,2,3,3,3,3,936,971,15453,28930,41736,55005,92,43,4,17,15,33,20,4,17,12,0,13,10,171,0,0,3,12,6692,2998,1044,648,333,171,404,401,31,28,385,200,2,23,24,0.448,0.156,0.396,84,82,21,83,77,0,270,105,317,1039,113,115,197
91749036,1,D S S Kumar,49482,55005,0,-5523,9,10,12,12,12,8,1,3,3,3,3,3,163,294,12033,22025,36186,49482,68,5,0,50,16,24,5,0,47,8,0,8,7,139,0,0,3,8,7958,4712,1002,816,291,139,203,220,26,73,256,91,99,15,15,0.5921,0.1259,0.282,3344,10,0,234,83,0,122,111,176,4080,489,68,401
91749949,0,Harshith revuru,79955,78590,1,1365,4,8,12,14,14,14,2,2,4,4,4,4,336,1740,6776,16315,52986,79955,119,31,6,50,14,45,14,6,50,12,0,2,15,220,0,0,4,14,7353,3604,918,1030,401,220,276,276,46,111,260,175,2,17,17,0.4901,0.1248,0.385,164,50,36,233,78,0,60,190,133,944,127,117,134
91749949,1,Sarvesh Nikas,78590,79955,0,-1365,7,11,12,12,12,5,1,2,3,3,3,3,8,14,17310,34543,56491,78590,0,0,0,31,23,0,0,0,28,17,0,7,6,54,0,0,3,5,7477,3079,2176,752,228,54,283,289,9,103,297,177,4,13,13,0.4118,0.291,0.2972,28,0,0,386,129,0,447,219,367,1576,183,28,45
91750880,0,Tejas Rajput,78578,88340,0,-9762,4,4,11,13,12,7,2,2,3,3,3,3,188,884,4911,4023,31386,78578,12,0,3,58,11,6,0,3,56,8,0,1,21,84,0,0,3,7,6253,4204,353,678,249,84,199,141,20,57,67,132,26,22,21,0.6723,0.0565,0.2712,45,0,0,269,61,0,18,143,41,577,80,18,151
91750880,1,Harshith revuru,88340,78578,1,9762,4,8,12,14,14,14,2,2,4,4,4,4,346,2077,7192,19648,61131,88340,109,21,5,45,25,49,10,5,45,15,6,2,14,205,0,0,4,14,7203,3563,817,998,390,205,296,297,32,100,277,180,4,22,22,0.4947,0.1134,0.3919,92,42,28,209,140,28,60,171,152,922,149,104,134
91751802,0,Mk26,101272,94793,1,6479,3,10,11,11,11,11,1,3,3,3,3,3,351,6974,25428,55372,82435,101272,139,48,0,14,22,40,16,0,14,18,0,8,4,223,0,0,3,11,6393,2755,1182,915,309,223,267,267,16,0,258,96,81,12,12,0.4309,0.1849,0.3842,315,114,0,43,126,0,195,98,254,1145,142,41,16
91751802,1,Harshith revuru,94793,101272,0,-6479,4,8,12,12,12,12,1,2,3,3,3,3,960,1035,14303,35576,70304,94793,95,39,4,30,16,39,16,4,30,12,0,13,2,184,0,0,3,12,6785,3204,1044,787,356,184,308,306,24,69,294,171,4,15,19,0.4722,0.1539,0.3739,115,76,28,161,81,0,276,39,214,990,130,103,167
91752739,0,Harshith revuru,81887,94891,0,-13004,4,8,12,12,12,12,2,2,3,3,3,3,345,835,10224,35224,62395,81887,88,16,4,41,15,35,5,4,41,12,0,1,13,164,0,0,3,12,6912,3486,1048,797,323,164,274,272,37,68,262,151,2,14,14,0.5043,0.1516,0.344,114,32,24,182,88,0,36,246,182,904,131,105,135
91752739,1,Gekkotron,94891,81887,1,13004,6,11,12,12,12,0,1,3,3,3,3,3,422,6908,21665,54487,78367,94891,82,0,0,42,20,11,0,0,38,10,0,8,6,144,0,0,3,0,7378,4179,467,642,344,144,305,308,48,31,272,310,299,14,15,0.5664,0.0633,0.3703,1150,0,0,147,87,0,214,158,263,2019,245,61,81
91753670,0,Harshith revuru,86737,100625,0,-13888,4,8,12,12,12,12,1,2,3,3,3,3,947,1062,13623,30935,61415,86737,72,21,4,34,16,26,9,4,34,12,0,9,12,147,0,0,3,12,6695,3195,831,715,337,147,388,384,25,74,369,183,4,21,22,0.4772,0.1241,0.3987,55,42,26,155,70,0,207,164,266,985,116,88,198
91753670,1,James Y,100625,86737,1,13888,6,10,13,13,13,13,1,2,3,3,3,3,729,8618,16633,42766,76681,100625,267,0,0,45,30,28,0,0,41,16,0,4,12,342,0,0,3,13,7763,4691,315,718,326,342,337,351,59,35,325,200,32,16,16,0.6043,0.0406,0.3551,67,0,0,183,125,0,121,266,280,1042,104,89,202
91754594,0,Harshith revuru,68382,77153,0,-8771,4,8,12,12,12,12,1,2,3,3,3,3,958,895,14200,23507,50093,68382,79,10,4,46,14,32,5,4,46,12,0,12,1,153,0,0,3,12,6703,3181,989,831,378,153,278,274,32,92,266,200,2,13,14,0.4746,0.1475,0.3779,73,20,17,252,80,0,255,34,158,889,101,82,144
91754594,1,Vikas1306,77153,68382,1,8771,7,12,12,12,12,12,2,3,3,3,3,3,517,3058,20226,28729,65394,77153,83,0,0,44,23,30,0,0,40,12,0,6,6,150,0,0,3,12,7746,4575,632,713,292,150,293,293,39,70,196,326,142,13,12,0.5906,0.0816,0.3278,504,0,0,239,95,0,186,141,126,1291,240,76,286
91755533,0,Harshith revuru,128757,79061,1,49696,4,8,12,12,12,12,2,2,3,3,3,3,339,1577,9406,37707,88889,128757,82,10,4,46,13,34,5,4,46,12,0,13,1,155,0,0,3,12,6743,3314,915,838,356,155,279,277,33,105,266,172,5,14,14,0.4915,0.1357,0.3728,114,20,19,255,68,0,252,34,149,911,115,83,160
91755533,1,github/shepsci/kaggle-skill,79061,128757,0,-49696,6,10,10,10,10,10,1,3,3,3,3,3,498,1546,18448,40013,56398,79061,11,10,4,12,70,6,7,3,6,10,0,8,4,107,0,0,3,10,6619,3567,1157,330,163,107,222,241,15,28,235,222,0,320,12,0.5389,0.1748,0.2863,594,20,28,59,120,0,177,98,207,1303,253,25,103
91756455,0,mg,82987,68354,1,14633,8,13,13,13,13,13,1,2,4,4,4,4,315,2653,8066,22946,52319,82987,127,33,4,30,21,39,7,4,28,13,0,8,6,215,0,0,4,13,8489,3740,2153,1088,273,215,211,275,14,59,292,79,62,14,14,0.4406,0.2536,0.3058,245,48,16,206,120,0,174,91,218,1118,147,101,142
91756455,1,Harshith revuru,68354,82987,0,-14633,4,8,12,12,12,12,2,3,3,3,3,3,344,391,6212,22360,49481,68354,100,22,4,46,15,45,9,4,46,12,0,3,2,187,0,0,3,12,6527,3321,1181,916,357,187,112,110,42,69,107,110,3,5,7,0.5088,0.1809,0.3102,185,44,16,266,52,0,71,47,33,714,92,85,65
91757388,0,panacea9320,78836,127178,0,-48342,8,12,10,9,8,0,1,2,3,3,3,3,753,6588,15167,40295,68252,78836,20,0,0,23,10,6,0,0,22,9,0,8,6,53,1,0,3,0,6410,3374,1144,556,155,53,237,226,3,68,229,63,274,14,14,0.5264,0.1785,0.2952,1808,0,0,137,54,0,153,109,162,2423,466,45,358
91757388,1,Harshith revuru,127178,78836,1,48342,4,8,14,14,14,14,1,2,4,4,4,4,968,795,9280,31707,82001,127178,101,19,6,50,20,37,9,6,50,12,0,15,1,196,0,0,4,14,7484,3551,966,1002,434,196,323,323,36,115,308,191,7,16,16,0.4745,0.1291,0.3964,93,34,25,258,103,0,287,34,175,1009,126,107,153
91758310,0,Harshith revuru,108335,120514,0,-12179,4,8,12,12,12,12,2,2,3,3,3,3,343,666,12020,33285,77812,108335,66,12,3,46,12,22,5,3,46,12,0,13,5,139,0,0,3,12,6874,3444,862,772,327,139,325,324,34,102,310,192,5,18,20,0.501,0.1254,0.3736,81,24,6,223,71,0,220,92,191,908,119,72,167
91758310,1,Keshav Joshi,120514,108335,1,12179,4,8,13,13,10,3,1,2,3,3,3,3,488,1367,13143,47019,92334,120514,36,3,2,38,26,12,3,2,36,12,0,10,8,105,0,0,3,3,6652,3442,771,581,282,105,379,337,4,116,332,206,61,18,18,0.5174,0.1159,0.3667,734,3,12,208,132,0,155,212,200,1656,261,52,82
91759228,0,Harshith revuru,68848,74680,0,-5832,4,8,12,12,12,12,2,2,3,3,3,3,350,1637,4461,31586,54316,68848,86,19,4,36,20,38,5,4,36,12,0,12,3,165,0,0,3,12,6650,3215,904,849,352,165,280,277,31,92,266,186,2,15,16,0.4835,0.1359,0.3806,100,38,24,190,111,0,222,52,158,895,136,85,140
91759228,1,Roland Luethy,74680,68848,1,5832,3,6,11,11,11,9,1,2,3,3,3,3,436,233,14088,29383,46019,74680,68,12,5,24,16,29,4,3,24,16,0,12,6,125,0,0,3,9,6033,3155,525,781,237,125,255,269,37,87,255,207,62,19,19,0.523,0.087,0.39,103,19,21,147,96,0,195,62,162,805,101,65,131
91760144,0,shr Wei,58007,90053,0,-32046,6,11,13,13,12,12,1,2,3,3,3,3,1942,644,13403,28098,32573,58007,16,0,0,58,19,11,0,0,48,18,0,9,3,93,0,0,3,12,7946,5375,341,961,154,93,264,251,28,58,263,82,52,12,12,0.6764,0.0429,0.2806,359,0,0,80,72,0,222,66,205,1004,223,37,310
91760144,1,Harshith revuru,90053,58007,1,32046,4,8,12,12,12,12,2,2,3,3,3,3,416,1132,9230,38656,67817,90053,67,10,0,46,17,21,5,0,46,12,6,13,1,140,0,0,3,12,6879,3331,939,816,343,140,318,318,31,96,300,202,5,20,20,0.4842,0.1365,0.3793,71,20,0,237,86,28,239,34,183,898,121,82,169
91761097,0,Fei Wang,113089,142063,0,-28974,1,8,11,14,12,11,1,2,3,3,3,3,1669,14099,12341,37410,77594,113089,108,0,0,42,24,36,0,0,29,12,0,5,5,174,0,0,3,11,6643,2935,1009,925,360,174,308,300,27,84,296,145,52,14,14,0.4418,0.1519,0.4063,297,0,0,320,144,0,311,148,209,1429,173,22,165
91761097,1,Harshith revuru,142063,113089,1,28974,4,8,12,12,12,12,1,2,3,3,3,3,967,972,12909,39946,93401,142063,66,9,4,46,13,23,5,4,46,12,0,13,4,138,0,0,3,12,6787,3247,954,780,355,138,327,327,31,103,313,174,2,17,19,0.4784,0.1406,0.381,57,18,12,255,69,0,276,55,192,934,104,77,174
91762018,0,KOTHAPALLI DILEEP,112997,114424,0,-1427,1,4,10,11,9,13,1,2,3,3,3,3,2647,6124,18333,33473,67214,112997,142,11,0,32,16,35,5,0,32,10,3,14,2,201,0,0,3,13,5710,2149,798,930,322,201,339,339,3,57,339,179,14,19,21,0.3764,0.1398,0.4839,19258,19014,18981,19013,19077,19042,19245,19027,19297,171954,256,32,20
91762018,1,Harshith revuru,114424,112997,1,1427,4,8,12,12,12,12,2,2,3,3,3,3,349,849,12184,37561,80368,114424,67,18,4,44,15,24,7,4,44,12,0,13,2,148,0,0,3,12,6879,3289,1020,855,369,148,292,291,32,100,277,170,5,15,16,0.4781,0.1483,0.3736,92,36,22,263,79,0,247,40,161,940,112,83,158
91763016,0,Ashutosh Ghodasara,88907,96150,0,-7243,6,7,11,11,10,8,1,2,3,3,3,3,439,13072,21538,36036,69685,88907,58,19,5,39,19,15,16,5,39,19,2,4,4,140,0,0,3,8,6706,3705,715,965,270,140,158,162,37,74,160,179,121,10,10,0.5525,0.1066,0.3409,245,28,19,247,94,29,110,41,104,917,142,35,65
91763016,1,Harshith revuru,96150,88907,1,7243,4,8,12,12,12,12,1,2,3,3,3,3,964,632,7857,26299,67098,96150,86,12,4,31,21,34,5,4,31,12,0,6,13,154,0,0,3,12,6913,3271,990,773,330,154,360,357,32,74,343,187,4,19,19,0.4732,0.1432,0.3836,92,24,21,170,87,0,161,202,247,1004,135,87,194
91763937,0,Harshith revuru,86730,99856,0,-13126,4,8,12,12,12,12,2,2,3,3,3,3,345,1183,9313,36531,71109,86730,86,10,4,46,12,35,5,4,46,12,0,2,13,158,0,0,3,12,6644,3297,871,819,327,158,283,284,35,94,270,172,4,15,15,0.4962,0.1311,0.3727,111,20,8,236,70,0,60,232,161,898,132,88,156
91763937,1,Mwanza Wambua,99856,86730,1,13126,6,12,12,12,0,0,1,3,3,3,3,3,654,2922,24093,54032,98649,99856,34,0,0,44,21,11,0,0,40,11,0,8,6,99,0,0,3,0,6035,3316,380,723,223,99,271,268,16,74,256,313,68,14,14,0.5495,0.063,0.3876,872,13,4,273,152,0,368,201,335,2218,359,51,257
91764680,0,Harshith revuru,111416,116965,0,-5549,4,8,12,12,12,12,1,2,3,3,3,3,957,879,5954,29290,80524,111416,88,20,4,40,12,33,7,4,40,12,0,13,1,164,0,0,3,12,6693,3182,987,801,362,164,296,296,35,92,284,164,2,14,14,0.4754,0.1475,0.3771,93,40,25,219,61,0,276,34,180,928,122,107,154
91764680,1,Thomas,116965,111416,1,5549,8,9,12,12,11,6,1,2,4,4,4,4,245,10033,16087,32341,79086,116965,5,0,0,75,32,5,0,0,66,19,2,10,7,112,0,0,4,6,7096,3857,396,1028,320,112,305,312,22,89,230,314,0,92,19,0.5435,0.0558,0.4006,30,0,0,278,114,52,234,68,211,987,133,55,232
91764882,0,JackyFan123,100783,98158,1,2625,9,10,12,12,12,8,1,3,3,3,3,3,202,6157,19373,46497,76705,100783,32,12,0,39,17,8,3,0,39,9,0,4,8,100,0,0,3,8,7910,4335,1598,717,190,100,248,256,21,12,270,72,67,12,12,0.548,0.202,0.2499,385,30,0,142,94,0,121,175,258,1205,198,52,198
91764882,1,Harshith revuru,98158,100783,0,-2625,4,8,12,12,12,12,1,2,3,3,3,3,935,1373,14365,33609,72800,98158,76,9,2,45,16,30,5,2,45,12,0,13,3,148,0,0,3,12,6790,3245,956,798,344,148,317,315,31,94,302,200,6,16,18,0.4779,0.1408,0.3813,85,18,3,230,84,0,270,49,191,930,106,79,180
91765814,0,Harshith revuru,67190,87379,0,-20189,4,8,12,12,12,12,2,2,3,3,3,3,340,1306,10454,26192,47428,67190,67,12,2,45,14,31,5,2,45,12,1,10,8,140,0,0,3,12,6651,3260,794,809,345,140,312,309,33,113,295,199,2,19,21,0.4902,0.1194,0.3905,68,24,4,246,82,10,177,83,161,855,129,53,176
91765814,1,protoLabs.studio,87379,67190,1,20189,4,9,13,13,13,9,1,2,3,3,3,3,257,3221,4834,31007,60876,87379,69,0,0,34,26,25,0,0,34,17,0,8,8,129,0,0,3,9,7227,3612,1013,648,300,129,320,321,17,145,289,271,123,21,18,0.4998,0.1402,0.36,214,0,0,207,142,0,209,152,141,1065,158,46,78
91766754,0,Harshith revuru,83970,73194,1,10776,4,8,12,12,12,12,2,2,3,3,3,3,341,778,7147,38899,70735,83970,79,7,4,46,13,31,5,4,46,12,3,1,13,149,0,0,3,12,6648,3336,820,797,340,149,294,292,32,94,278,178,4,17,17,0.5018,0.1233,0.3748,75,14,16,255,72,11,36,252,168,899,125,77,146
91766754,1,pawaraman,73194,83970,0,-10776,4,7,12,12,12,0,1,2,3,3,3,3,25,1737,22015,36383,64373,73194,85,50,0,45,21,31,13,0,35,10,0,6,6,201,0,0,3,0,6413,3954,183,704,224,201,257,260,104,53,260,153,36,12,12,0.6166,0.0285,0.3549,91,65,0,199,108,0,120,154,205,942,185,103,125
91767682,0,Harshith revuru,68658,94042,0,-25384,4,8,14,14,14,14,1,2,4,4,4,4,945,1004,8722,19163,47880,68658,86,20,6,50,19,31,8,6,50,12,0,15,4,181,0,0,4,14,7390,3356,1005,952,432,181,361,361,35,107,345,211,5,19,20,0.4541,0.136,0.4099,67,40,29,208,89,0,275,59,214,981,113,90,180
91767682,1,Alexander Buslaev,94042,68658,1,25384,4,10,14,14,13,12,1,2,3,3,3,3,11,1718,15352,47613,80406,94042,97,0,0,29,12,11,0,0,29,8,0,10,6,138,0,0,3,12,7925,3506,1562,866,329,138,352,360,29,68,336,197,0,166,16,0.4424,0.1971,0.3605,174,0,0,196,65,0,213,186,265,1099,224,105,144
91778787,0,Harshith revuru,102287,120864,0,-18577,4,8,12,12,12,12,2,2,3,3,3,3,405,1026,9549,36863,71835,102287,81,10,2,42,12,30,5,2,42,12,0,9,11,147,0,0,3,12,6823,3345,884,758,314,147,350,349,36,87,331,176,4,20,22,0.4903,0.1296,0.3802,101,18,7,199,68,0,133,188,218,932,116,88,183
91778787,1,James Y,120864,102287,1,18577,6,10,13,13,13,13,1,2,3,3,3,3,729,8405,13941,40297,88706,120864,259,0,0,45,30,24,0,0,41,16,0,9,7,334,0,0,3,13,7757,4751,244,715,324,334,332,351,64,42,335,203,30,16,16,0.6125,0.0315,0.3561,55,0,0,207,120,0,225,163,283,1053,111,83,209
91796198,0,Harshith revuru,99083,90558,1,8525,4,8,12,12,12,12,2,2,3,3,3,3,361,1144,11136,36299,72955,99083,83,10,4,43,16,31,5,4,43,12,0,1,13,156,0,0,3,12,6736,3408,901,828,326,156,270,267,35,92,257,166,2,14,14,0.5059,0.1338,0.3603,112,14,26,213,90,0,36,235,155,881,114,89,126
91796198,1,Jeff Marc E. Cadet,90558,99083,0,-8525,7,12,12,12,12,0,2,4,4,4,4,4,51,3151,2210,43072,75487,90558,30,0,0,41,18,14,0,0,40,13,0,6,9,89,0,0,4,0,7650,4827,501,602,297,89,323,339,48,53,274,148,119,15,15,0.631,0.0655,0.3035,62,0,0,254,96,0,177,188,217,994,131,29,29
91810075,0,romin_123,72673,112030,0,-39357,5,7,12,12,12,6,1,2,4,4,4,4,535,5675,6333,16490,50115,72673,42,0,0,50,16,14,0,0,48,8,0,15,4,108,0,0,4,6,6920,4456,388,637,315,108,228,254,35,0,240,193,0,47,19,0.6439,0.0561,0.3,159,0,0,172,96,0,132,81,226,866,89,52,143
91810075,1,Harshith revuru,112030,72673,1,39357,4,8,12,12,12,12,1,2,3,3,3,3,953,1046,13862,30827,78353,112030,74,9,4,45,14,25,5,4,45,12,0,13,1,146,0,0,3,12,6702,3073,1087,807,358,146,294,293,33,99,281,200,3,14,14,0.4585,0.1622,0.3793,69,18,6,249,78,0,262,34,169,885,98,87,152
91814763,0,Harshith revuru,98012,89779,1,8233,4,8,12,12,12,12,2,2,3,3,3,3,347,1224,10924,35821,75899,98012,89,10,3,43,13,33,5,3,43,12,0,1,13,158,0,0,3,12,6830,3403,989,819,329,158,272,271,38,95,258,167,3,14,14,0.4982,0.1448,0.357,121,14,15,231,77,0,36,239,152,885,115,91,133
91814763,1,Sudharsana Rajasekaran,89779,98012,0,-8233,4,11,11,11,11,11,1,3,3,3,3,3,506,6655,19614,35854,60642,89779,63,4,6,27,20,11,2,3,27,13,2,8,5,120,0,0,3,11,6904,3762,695,685,295,120,291,296,16,41,311,238,124,15,15,0.5449,0.1007,0.3544,103,12,35,123,106,72,163,106,263,983,206,67,40
91820425,0,Jaume Batlle i Ferrer,34926,50081,0,-15155,6,9,12,12,12,12,1,2,3,3,3,3,83,6113,14138,26989,31886,34926,9,89,0,33,22,6,18,0,30,11,0,8,6,153,0,0,3,12,7207,3984,427,1025,299,153,293,295,32,52,278,258,21,76,14,0.5528,0.0592,0.388,35,221,0,180,114,0,171,153,234,1108,213,92,312
91820425,1,Harshith revuru,50081,34926,1,15155,4,8,12,12,12,12,2,2,3,3,3,3,344,1080,12215,34554,46241,50081,143,52,4,17,15,55,22,4,17,12,0,2,13,231,0,0,3,12,6860,3101,1185,822,359,231,299,300,32,34,285,177,5,15,15,0.452,0.1727,0.3752,212,92,31,100,75,0,60,253,235,1058,140,127,146
91822307,0,jwj1342,57820,83883,0,-26063,6,7,11,11,11,0,1,2,2,2,2,2,147,507,12837,24330,46433,57820,75,0,0,20,12,14,0,0,16,8,0,4,6,107,0,0,2,0,6529,3122,1701,447,204,107,236,233,26,103,226,85,19,10,10,0.4782,0.2605,0.2613,446,0,0,134,66,0,143,121,122,1032,112,66,60
91822307,1,Harshith revuru,83883,57820,1,26063,4,8,12,12,12,12,2,2,3,3,3,3,339,715,11260,36851,60447,83883,110,43,4,27,19,42,15,4,27,12,0,1,13,203,0,0,3,12,6867,3336,1059,831,344,203,282,280,25,59,268,148,4,14,14,0.4858,0.1542,0.36,159,76,32,141,99,0,36,254,196,993,136,118,142
91852267,0,Rheal Thomas,83814,102794,0,-18980,1,8,11,14,11,10,1,2,3,3,3,3,1693,13623,11565,33495,60264,83814,108,0,0,42,24,37,0,0,29,12,0,5,5,174,0,0,3,10,6332,2878,732,899,353,174,372,301,29,83,291,147,45,14,14,0.4545,0.1156,0.4299,268,0,0,293,144,0,213,152,210,1280,159,22,165
91852267,1,Harshith revuru,102794,83814,1,18980,4,8,12,12,12,12,2,2,3,3,3,3,342,447,8906,35859,70069,102794,67,18,3,41,12,26,7,3,41,12,0,8,13,141,0,0,3,12,6871,3347,929,723,312,141,366,364,40,82,347,173,5,21,21,0.4871,0.1352,0.3777,58,36,20,189,68,0,104,248,244,967,121,82,191
91855743,0,shr Wei,75261,50650,1,24611,6,11,13,13,12,12,1,2,3,3,3,3,1908,7363,16295,23845,57765,75261,56,6,0,37,18,16,6,0,37,18,0,7,5,117,0,0,3,12,7946,5053,521,1055,234,117,207,225,31,56,256,79,88,12,12,0.6359,0.0656,0.2985,137,12,0,255,108,0,170,84,200,966,154,67,125
91855743,1,Harshith revuru,50650,75261,0,-24611,4,8,12,12,12,12,2,2,3,3,3,3,346,1666,9304,22611,41305,50650,76,16,4,44,18,39,8,4,44,12,0,9,3,158,0,0,3,12,6840,3524,999,862,328,158,219,216,34,85,207,178,4,12,14,0.5152,0.1461,0.3387,94,28,9,222,96,0,141,60,113,763,114,74,130
91865895,0,Harshith revuru,40921,65240,0,-24319,4,8,12,12,12,12,2,2,3,3,3,3,345,1233,10700,27109,38236,40921,84,11,4,46,13,33,5,4,46,12,0,13,1,158,0,0,3,12,6744,3305,983,820,346,158,271,271,36,77,258,186,5,14,14,0.4901,0.1458,0.3642,121,20,13,221,74,0,231,34,163,877,131,87,160
91865895,1,Ragunath Ravi,65240,40921,1,24319,6,12,12,12,12,12,1,3,3,3,3,3,654,2808,20427,42121,59083,65240,66,0,0,44,21,32,0,0,40,11,0,8,6,131,0,0,3,12,7355,4120,378,851,338,131,308,319,25,107,318,339,80,27,14,0.5602,0.0514,0.3884,1131,13,4,1049,311,8,979,469,445,4409,544,54,279
91904511,0,Harshith revuru,96728,122122,0,-25394,4,8,12,12,12,12,1,2,3,3,3,3,959,620,12838,35773,76483,96728,76,9,3,45,15,31,5,3,45,12,0,13,1,148,0,0,3,12,6700,3155,1026,798,348,148,298,298,35,90,286,186,2,14,16,0.4709,0.1531,0.376,82,18,9,233,77,0,279,34,181,913,106,82,171
91904511,1,The Croptimiser,122122,96728,1,25394,5,9,9,10,12,11,1,3,3,3,3,3,969,4441,27403,54523,99813,122122,67,0,0,41,26,31,0,0,40,14,0,8,6,134,0,0,3,11,6672,3340,452,931,340,134,317,323,27,100,322,259,99,14,14,0.5006,0.0677,0.4317,158,0,0,282,140,0,229,148,234,1191,231,61,163
91907093,0,Harshith revuru,78120,82918,0,-4798,4,8,12,12,12,12,2,2,3,3,3,3,341,1398,9488,33477,59138,78120,58,10,4,46,13,16,5,4,46,12,6,13,1,131,0,0,3,12,6653,3225,811,788,358,131,319,319,30,108,300,218,6,20,20,0.4847,0.1219,0.3934,76,20,25,243,73,32,240,34,174,917,117,69,182
91907093,1,nobody,82918,78120,1,4798,1,8,11,14,12,11,1,2,3,3,3,3,1605,12565,14996,37297,63413,82918,107,0,0,42,24,38,0,0,28,12,0,6,6,173,0,0,3,11,6391,2909,814,901,353,173,307,299,34,83,296,145,49,14,14,0.4552,0.1274,0.4175,297,0,0,320,144,0,214,148,209,1332,173,22,165
91909083,0,Harshith revuru,44881,51293,0,-6412,4,8,14,14,14,14,2,2,4,4,4,4,351,2160,7105,16438,34705,44881,160,86,6,33,14,64,36,6,32,12,0,14,1,299,0,0,4,14,7483,3599,945,1078,445,299,269,266,37,78,255,178,3,15,16,0.481,0.1263,0.3928,238,158,46,150,78,0,219,34,164,1087,146,164,122
91909083,1,Jiang,51293,44881,1,6412,7,10,12,12,12,6,1,2,3,3,3,3,168,8,9269,26843,44716,51293,70,0,0,39,18,7,0,0,39,12,0,8,6,127,0,0,3,6,7447,3998,958,705,288,127,301,298,32,33,285,313,79,16,14,0.5369,0.1286,0.3345,41,0,0,157,79,0,209,144,252,882,133,78,55
91922112,0,edteoh,73020,92757,0,-19737,5,5,11,11,11,11,1,1,3,3,3,3,758,68,8638,23408,51871,73020,21,0,0,60,23,7,0,0,55,19,0,6,8,104,0,11,3,11,6575,3593,685,876,274,104,260,252,17,0,240,222,22,16,14,0.5465,0.1042,0.3494,130,0,0,165,128,0,120,171,240,954,261,58,66
91922112,1,Harshith revuru,92757,73020,1,19737,4,8,8,12,12,12,2,2,3,3,3,3,342,1508,3488,34827,69328,92757,90,19,4,40,12,32,7,4,40,12,0,1,13,165,0,0,3,12,6470,3227,797,822,346,165,276,275,30,85,263,152,4,14,14,0.4988,0.1232,0.3781,126,38,27,225,68,0,36,252,169,941,132,88,146
91923953,0,Asuran,23981,58213,0,-34232,9,13,13,13,13,0,1,1,4,4,4,4,174,1859,3460,14625,20094,23981,74,0,0,58,9,32,0,0,57,9,0,8,6,141,0,0,4,0,8169,4180,1273,780,378,141,278,281,58,136,287,281,68,14,14,0.5117,0.1558,0.3325,80,0,0,218,54,0,155,109,138,754,101,85,215
91923953,1,Harshith revuru,58213,23981,1,34232,4,8,12,12,12,12,2,3,3,3,3,3,340,396,11327,19163,45040,58213,99,31,4,28,28,47,11,4,28,16,1,2,13,190,0,0,3,12,6784,3236,1139,867,336,190,252,251,38,51,237,150,5,16,16,0.477,0.1679,0.3551,99,60,24,166,152,3,60,177,165,906,124,100,138
91967682,0,Pratik Singh,106474,124244,0,-17770,5,10,12,14,13,12,1,2,3,3,3,3,1545,12153,14662,44900,78532,106474,77,0,0,24,24,26,0,0,24,12,0,8,6,125,0,0,3,12,7476,4168,642,867,283,125,287,285,27,132,301,162,169,14,14,0.5575,0.0859,0.3566,319,0,0,169,141,0,198,131,165,1123,178,67,77
91967682,1,Harshith revuru,124244,106474,1,17770,4,8,12,12,12,12,1,2,3,3,3,3,942,1165,14465,33971,81282,124244,72,9,3,44,16,24,5,3,44,12,0,13,1,144,0,0,3,12,6699,3133,1067,808,348,144,295,294,30,91,282,174,5,14,14,0.4677,0.1593,0.373,86,18,12,230,78,0,270,34,179,907,103,86,155
91967961,0,A Poor Vul,104195,107603,0,-3408,5,12,13,13,13,6,1,2,3,3,3,3,469,3731,18636,42955,71312,104195,93,64,5,9,18,26,17,5,9,10,0,10,6,189,0,0,3,6,7722,4746,453,761,328,189,321,323,10,33,287,177,61,18,15,0.6146,0.0587,0.3267,77,124,29,61,103,0,238,110,237,979,206,102,105
91967961,1,Harshith revuru,107603,104195,1,3408,4,8,12,12,12,12,2,2,3,3,3,3,340,1333,12398,40062,78940,107603,84,7,3,45,13,33,5,3,45,12,0,1,13,152,0,0,3,12,6743,3349,929,832,337,152,274,273,35,103,261,165,3,14,16,0.4967,0.1378,0.3656,112,14,18,248,78,0,36,244,140,890,107,72,145
92015743,0,Harshith revuru,81952,85856,0,-3904,4,8,12,12,12,12,2,2,3,3,3,3,340,1595,7693,29392,63698,81952,86,12,1,45,16,37,5,1,45,12,0,12,2,160,0,0,3,12,6740,3417,852,848,347,160,268,265,33,95,254,169,3,14,15,0.507,0.1264,0.3666,105,24,4,240,90,0,214,48,143,868,116,85,146
92015743,1,Rob Gonzalez,85856,81952,1,3904,4,6,8,8,8,8,1,2,3,3,3,3,1217,66,15275,35292,66925,85856,37,0,0,49,25,9,0,0,42,12,0,11,3,111,0,0,3,8,5326,2180,902,732,292,111,244,268,48,0,244,185,0,106,14,0.4093,0.1694,0.4213,261,0,0,148,140,0,252,47,244,1092,175,94,152
92035430,0,Nikunj Pahwa,109350,123543,0,-14193,10,10,10,10,10,0,1,2,3,3,3,3,308,2856,21100,47614,86244,109350,140,0,0,25,20,23,0,0,21,11,0,8,3,185,1,0,3,0,7031,4098,480,846,319,185,248,237,29,35,243,100,189,11,11,0.5828,0.0683,0.3489,1035,0,0,138,92,0,170,91,225,1751,444,85,256
92035430,1,Harshith revuru,123543,109350,1,14193,4,8,12,12,12,12,1,2,3,3,3,3,967,714,15612,37658,84217,123543,68,9,2,46,15,24,5,2,46,12,0,13,3,140,0,0,3,12,6745,3258,928,794,349,140,317,317,32,95,302,174,6,16,17,0.483,0.1376,0.3794,66,18,7,239,84,0,267,49,188,918,106,75,168
